stock_code,corp_name,year,quarter,label,총자산증가율,유동자산증가율,매출액증가율,순이익증가율,영업이익증가율,매출액순이익률,매출총이익률,자기자본순이익률,매출채권회전율,재고자산회전율,총자본회전율,유형자산회전율,매출원가율,부채비율,유동비율,자기자본비율,당좌비율,비유동자산장기적합률,순운전자본비율,차입금의존도,현금비율,유형자산,무형자산,무형자산상각비,유형자산상각비,감가상각비,총자본영업이익률,총자본순이익률,유보액/납입자본비율,총자본투자효율
001000,신라섬유,2020,Q1,0,0.6684230319214872,23.1528035730824,,,,17.501895420579743,36.45516504608793,1.5829753503690387,3.8176695969526184,5.652599007799564,0.04101931812493726,0.04101931812493726,63.544834953912066,120.49595718438594,8.913076966855646,45.35230544675099,7.9658071871972185,5.1619791206666665,-44.34073257068684,43.241041509581876,5.573782587789472,4683614178.0,103950266.0,,,,1.4154034243728513,0.7179158160461431,504.82060797757924,0.00717915816046143
