stock_code,corp_name,year,quarter,label,총자산증가율,유동자산증가율,매출액증가율,순이익증가율,영업이익증가율,매출액순이익률,매출총이익률,자기자본순이익률,매출채권회전율,재고자산회전율,총자본회전율,유형자산회전율,매출원가율,부채비율,유동비율,자기자본비율,당좌비율,비유동자산장기적합률,순운전자본비율,차입금의존도,현금비율,유형자산,무형자산,무형자산상각비,유형자산상각비,감가상각비,총자본영업이익률,총자본순이익률,유보액/납입자본비율,총자본투자효율
001000,신라섬유,2022,Q1,0,0.8484688909398599,18.47738815671438,,,,24.498015069829524,35.346869403398586,1.6954045200215935,4.3630492161451695,2.0218183473316946,0.032686758399026704,0.032686758399026704,64.65313059660141,111.72424175580883,13.154835552385634,47.231247197160606,11.156569163269175,,-45.42673640030719,42.26001974037425,9.678718373618784,4694862629.0,29096659.0,,,,0.8649406356313444,0.8007606998432331,544.5002283180256,0.00800760699843233
