stock_code,corp_name,year,quarter,label,총자산증가율,유동자산증가율,매출액증가율,순이익증가율,영업이익증가율,매출액순이익률,매출총이익률,자기자본순이익률,매출채권회전율,재고자산회전율,총자본회전율,유형자산회전율,매출원가율,부채비율,유동비율,자기자본비율,당좌비율,비유동자산장기적합률,순운전자본비율,차입금의존도,현금비율,유형자산,무형자산,무형자산상각비,유형자산상각비,감가상각비,총자본영업이익률,총자본순이익률,유보액/납입자본비율,총자본투자효율
001000,신라섬유,2019,Q1,0,0.9101622300767556,30.057230120002217,,,,23.882929478080634,45.97549660635426,1.6204588545503718,3.353716851791427,0.6893122528133935,0.030554840991652104,0.030554840991652104,54.02450339364574,122.06002481321588,9.717714765363567,45.03286896599884,4.464212073698548,10.240879507333334,-41.153653574486086,39.81755675874834,2.411406465050885,4746549948.0,110769845.0,,,,1.037401864350098,0.7297391126175945,496.29380785697396,0.007297391126175945
