stock_code,corp_name,year,quarter,label,총자산증가율,유동자산증가율,매출액증가율,순이익증가율,영업이익증가율,매출액순이익률,매출총이익률,자기자본순이익률,매출채권회전율,재고자산회전율,총자본회전율,유형자산회전율,매출원가율,부채비율,유동비율,자기자본비율,당좌비율,비유동자산장기적합률,순운전자본비율,차입금의존도,현금비율,유형자산,무형자산,무형자산상각비,유형자산상각비,감가상각비,총자본영업이익률,총자본순이익률,유보액/납입자본비율,총자본투자효율
003380,하림지주,2020,Q1,0,5.9849089631290635,7.560249872604791,,,,0.10454947140395589,19.32516617522932,0.05281601208728067,2.2278598866212187,2.661261638732729,0.1969523169415274,0.1969523169415274,80.67483382477069,156.4972249217582,75.43225146459753,38.98677657448494,60.305876254298894,,-9.697104800985379,0.0,18.745535015231386,5128152879129.0,384271577061.0,,,,0.9133469177322897,0.02059126062802108,20672.37219687452,0.00020591260628021079
