stock_code,corp_name,year,quarter,label,총자산증가율,유동자산증가율,매출액증가율,순이익증가율,영업이익증가율,매출액순이익률,매출총이익률,자기자본순이익률,매출채권회전율,재고자산회전율,총자본회전율,유형자산회전율,매출원가율,부채비율,유동비율,자기자본비율,당좌비율,비유동자산장기적합률,순운전자본비율,차입금의존도,현금비율,유형자산,무형자산,무형자산상각비,유형자산상각비,감가상각비,총자본영업이익률,총자본순이익률,유보액/납입자본비율,총자본투자효율
003380,하림지주,2019,Q1,0,2.238530263404822,-3.13406279792919,,,,1.470397782003091,18.64234604526817,0.748006501307053,1.971106471949803,2.746869471489259,0.20703899406264403,0.20703899406264403,81.35765395473183,145.70748392924736,74.36952924035491,40.69880102992528,59.61213764860498,,-10.650243183053629,0.0,18.541014199981895,4384435295220.0,369698883149.0,,,,0.9119273788477393,0.3044296776578629,20424.6677260941,0.003044296776578629
