stock_code,corp_name,year,quarter,label,총자산증가율,유동자산증가율,매출액증가율,순이익증가율,영업이익증가율,매출액순이익률,매출총이익률,자기자본순이익률,매출채권회전율,재고자산회전율,총자본회전율,유형자산회전율,매출원가율,부채비율,유동비율,자기자본비율,당좌비율,비유동자산장기적합률,순운전자본비율,차입금의존도,현금비율,유형자산,무형자산,무형자산상각비,유형자산상각비,감가상각비,총자본영업이익률,총자본순이익률,유보액/납입자본비율,총자본투자효율
003380,하림지주,2022,Q1,0,6.581900500971632,13.091085656095618,,,,,16.966895625136015,,2.7906730261121435,3.533058956213867,0.25806332542585614,0.25806332542585614,83.03310437486398,178.2737125218728,81.69495045663332,35.93584140368265,67.16545381680157,,-7.640944053818988,0.0,21.648914943810126,6358767182466.0,366023100727.0,,,,1.8768811471090097,,21770.53300041119,
