stock_code,corp_name,year,quarter,label,총자산증가율,유동자산증가율,매출액증가율,순이익증가율,영업이익증가율,매출액순이익률,매출총이익률,자기자본순이익률,매출채권회전율,재고자산회전율,총자본회전율,유형자산회전율,매출원가율,부채비율,유동비율,자기자본비율,당좌비율,비유동자산장기적합률,순운전자본비율,차입금의존도,현금비율,유형자산,무형자산,무형자산상각비,유형자산상각비,감가상각비,총자본영업이익률,총자본순이익률,유보액/납입자본비율,총자본투자효율
008800,(주)행남사,2020,Q1,1,-4.491091818988121,-11.840482130659558,,,,-36.796020309067835,16.024967660375136,-2.578403423568987,1.8979001266859858,3.138012205138582,0.049578460683301025,0.049578460683301025,83.97503233962486,41.33736183820008,101.24615293497143,70.7527002764335,96.47120588145619,,0.3462512694632857,0.0,45.13795639777926,18388896542.0,3045877345.0,,,,-1.7975254383765362,-1.8242900461950655,17.977791273774915,-0.018242900461950654
