stock_code,corp_name,year,quarter,label,총자산증가율,유동자산증가율,매출액증가율,순이익증가율,영업이익증가율,매출액순이익률,매출총이익률,자기자본순이익률,매출채권회전율,재고자산회전율,총자본회전율,유형자산회전율,매출원가율,부채비율,유동비율,자기자본비율,당좌비율,비유동자산장기적합률,순운전자본비율,차입금의존도,현금비율,유형자산,무형자산,무형자산상각비,유형자산상각비,감가상각비,총자본영업이익률,총자본순이익률,유보액/납입자본비율,총자본투자효율
008800,(주)행남사,2022,Q1,1,0.963037363506806,-18.92083937752466,,,,-1.4204738488112054,22.79926796485574,-0.24036760918673064,2.964367665463596,6.362877642030178,0.10128399619456474,0.10128399619456474,77.20073203514426,67.07130805160071,51.36887704585719,59.85468191169878,45.69088929519793,7.52349819,-10.525155518982192,11.81396134260497,18.005122179077567,13795999184.0,1429628682.0,,,,-0.8767740231505413,-0.14387126789747287,-34.537864534378016,-0.0014387126789747286
