stock_code,corp_name,year,quarter,label,총자산증가율,유동자산증가율,매출액증가율,순이익증가율,영업이익증가율,매출액순이익률,매출총이익률,자기자본순이익률,매출채권회전율,재고자산회전율,총자본회전율,유형자산회전율,매출원가율,부채비율,유동비율,자기자본비율,당좌비율,비유동자산장기적합률,순운전자본비율,차입금의존도,현금비율,유형자산,무형자산,무형자산상각비,유형자산상각비,감가상각비,총자본영업이익률,총자본순이익률,유보액/납입자본비율,총자본투자효율
008800,(주)행남사,2017,Q1,1,-4.874189669129924,-6.553324875564029,,,,-26.752952092332105,8.285464333771756,-10.183791591749047,0.3940478402675684,0.3299079983624708,0.1024007371320408,0.1024007371320408,91.71453566622824,271.7360742879813,147.9667510482652,26.90080595259386,83.63461046038418,,21.22563592254725,5.563969345077356,1.675979818840149,9931773958.0,48457216.0,,,,-1.783536123771753,-2.7395220147129806,-56.20138795488507,-0.027395220147129806
