stock_code,corp_name,year,quarter,label,총자산증가율,유동자산증가율,매출액증가율,순이익증가율,영업이익증가율,매출액순이익률,매출총이익률,자기자본순이익률,매출채권회전율,재고자산회전율,총자본회전율,유형자산회전율,매출원가율,부채비율,유동비율,자기자본비율,당좌비율,비유동자산장기적합률,순운전자본비율,차입금의존도,현금비율,유형자산,무형자산,무형자산상각비,유형자산상각비,감가상각비,총자본영업이익률,총자본순이익률,유보액/납입자본비율,총자본투자효율
008800,(주)행남사,2019,Q1,1,7.532925579418591,13.961370233705786,,,,203.26752966539027,55.221204825478964,,1.240305780246283,0.5164105066372245,0.021948536682163174,0.021948536682163174,44.77879517452104,,146.33560307880586,,141.34383669188503,18.018988185714285,17.666213438156603,13.345304253686438,82.32297953994406,22189903254.0,26363007174.0,,,,-1.011574342995783,4.461424831153509,292.0356665791982,0.04461424831153509
