stock_code,corp_name,year,quarter,label,총자산증가율,유동자산증가율,매출액증가율,순이익증가율,영업이익증가율,매출액순이익률,매출총이익률,자기자본순이익률,매출채권회전율,재고자산회전율,총자본회전율,유형자산회전율,매출원가율,부채비율,유동비율,자기자본비율,당좌비율,비유동자산장기적합률,순운전자본비율,차입금의존도,현금비율,유형자산,무형자산,무형자산상각비,유형자산상각비,감가상각비,총자본영업이익률,총자본순이익률,유보액/납입자본비율,총자본투자효율
010170,대한광통신,2022,Q1,0,1.8629828095206555,4.175042970903407,,,,-4.146975251125586,11.051421200429926,-1.5466677889006277,0.5935726794399773,0.8658772659536575,0.158512367516574,0.158512367516574,88.94857879957007,135.28944474273345,188.01744707099235,42.50084406010667,137.64702777246117,,28.45371849505073,19.708520714931645,50.357492406113316,82695968090.0,185494316.0,17928740.0,1489397519.0,1507326259.0,-0.4630819462872025,-0.6573468650885557,175.5335549250508,-0.006573468650885556
