stock_code,corp_name,year,quarter,label,총자산증가율,유동자산증가율,매출액증가율,순이익증가율,영업이익증가율,매출액순이익률,매출총이익률,자기자본순이익률,매출채권회전율,재고자산회전율,총자본회전율,유형자산회전율,매출원가율,부채비율,유동비율,자기자본비율,당좌비율,비유동자산장기적합률,순운전자본비율,차입금의존도,현금비율,유형자산,무형자산,무형자산상각비,유형자산상각비,감가상각비,총자본영업이익률,총자본순이익률,유보액/납입자본비율,총자본투자효율
010170,대한광통신,2020,Q1,0,-2.3334689570619314,-4.060101401467935,,,,-6.4913083056224234,7.815345794851362,-1.2851796882095086,0.6511137875277957,0.7020694864677633,0.12389881128097584,0.12389881128097584,92.18465420514865,59.795474953201676,199.5425903611482,62.579994852348854,140.179693516245,,27.279695900581615,11.233079551641739,63.46565817997051,112302658620.0,2446621480.0,109202353.0,1956344900.0,2065547253.0,-1.0719078053039939,-0.8042653827249436,380.3579348624335,-0.008042653827249436
