stock_code,corp_name,year,quarter,label,총자산증가율,유동자산증가율,매출액증가율,순이익증가율,영업이익증가율,매출액순이익률,매출총이익률,자기자본순이익률,매출채권회전율,재고자산회전율,총자본회전율,유형자산회전율,매출원가율,부채비율,유동비율,자기자본비율,당좌비율,비유동자산장기적합률,순운전자본비율,차입금의존도,현금비율,유형자산,무형자산,무형자산상각비,유형자산상각비,감가상각비,총자본영업이익률,총자본순이익률,유보액/납입자본비율,총자본투자효율
010170,대한광통신,2019,Q1,0,-0.11261313580047765,-3.03678195395729,,,,-7.546683821794659,7.246478875060306,-1.4386413538796388,0.5348974692978083,0.9350173656241225,0.11338568927298646,0.11338568927298646,92.7535211249397,68.12726201238945,225.81079044682042,59.478753655448756,185.31877940168945,59.018961211,34.94761295668723,15.146545161750893,107.66203398712469,105489017346.0,552123482.0,48013003.0,1607783978.0,1655796981.0,-0.6497224682238827,-0.8556859468594832,410.79551634507646,-0.008556859468594831
