stock_code,corp_name,year,quarter,label,총자산증가율,유동자산증가율,매출액증가율,순이익증가율,영업이익증가율,매출액순이익률,매출총이익률,자기자본순이익률,매출채권회전율,재고자산회전율,총자본회전율,유형자산회전율,매출원가율,부채비율,유동비율,자기자본비율,당좌비율,비유동자산장기적합률,순운전자본비율,차입금의존도,현금비율,유형자산,무형자산,무형자산상각비,유형자산상각비,감가상각비,총자본영업이익률,총자본순이익률,유보액/납입자본비율,총자본투자효율
014470,부방,2022,Q1,0,1.914355001165725,10.616742525427144,,,,2.8307043808078105,25.726485200010796,1.5312371683626074,2.9355724853573864,2.6129191491827863,0.24371144302668654,0.24371144302668654,74.2735147999892,121.95862419300451,55.20368820797334,45.05344199333513,39.18576817238008,44.779269104,-19.374034254103606,23.41560620162497,9.199598703839182,133269139504.0,4751449845.0,,,,0.19581615461232998,0.6898750494286346,478.65920125903665,0.006898750494286347
