stock_code,corp_name,year,quarter,label,총자산증가율,유동자산증가율,매출액증가율,순이익증가율,영업이익증가율,매출액순이익률,매출총이익률,자기자본순이익률,매출채권회전율,재고자산회전율,총자본회전율,유형자산회전율,매출원가율,부채비율,유동비율,자기자본비율,당좌비율,비유동자산장기적합률,순운전자본비율,차입금의존도,현금비율,유형자산,무형자산,무형자산상각비,유형자산상각비,감가상각비,총자본영업이익률,총자본순이익률,유보액/납입자본비율,총자본투자효율
014470,부방,2020,Q1,0,-0.3938597661741018,-4.12596672496589,,,,-0.5519436497960315,26.480203315793528,-0.26822645859809113,2.823803917246461,2.273001771997403,0.3402198677204093,0.3402198677204093,73.51979668420647,42.83913224650197,141.98361575412517,70.00882631198492,93.82746047036632,,9.593834599605893,0.0,34.86412546967019,116271841506.0,4824822398.0,,,,-0.02388582521038278,-0.18778219552272574,534.1703156084384,-0.0018778219552272573
