stock_code,corp_name,year,quarter,label,총자산증가율,유동자산증가율,매출액증가율,순이익증가율,영업이익증가율,매출액순이익률,매출총이익률,자기자본순이익률,매출채권회전율,재고자산회전율,총자본회전율,유형자산회전율,매출원가율,부채비율,유동비율,자기자본비율,당좌비율,비유동자산장기적합률,순운전자본비율,차입금의존도,현금비율,유형자산,무형자산,무형자산상각비,유형자산상각비,감가상각비,총자본영업이익률,총자본순이익률,유보액/납입자본비율,총자본투자효율
014470,부방,2019,Q1,0,4.201963272788581,10.558397639878917,,,,0.2570731180331646,29.63548167665336,0.11720688703860015,2.1689802548266144,2.2221958781858064,0.3302811647319695,0.3302811647319695,70.36451832334663,38.04245007251395,164.25380582151513,72.44148444733473,115.5539164243508,,13.798315484459689,0.0,18.772710779245244,121500408334.0,8337810019.0,,,,-0.047699778709727976,0.0849064088452727,616.3399502257076,0.000849064088452727
