stock_code,corp_name,year,quarter,label,총자산증가율,유동자산증가율,매출액증가율,순이익증가율,영업이익증가율,매출액순이익률,매출총이익률,자기자본순이익률,매출채권회전율,재고자산회전율,총자본회전율,유형자산회전율,매출원가율,부채비율,유동비율,자기자본비율,당좌비율,비유동자산장기적합률,순운전자본비율,차입금의존도,현금비율,유형자산,무형자산,무형자산상각비,유형자산상각비,감가상각비,총자본영업이익률,총자본순이익률,유보액/납입자본비율,총자본투자효율
023460,씨앤에이치(주),2017,Q1,1,-2.866575099621028,-9.768829717532247,,,,7.0861445471908295,,1.204864303076773,13.901338237260347,1.2405456966105453,0.050311119088063724,0.050311119088063724,1.293976426744703,237.95910623534743,667.6822577221822,29.589378760625006,666.5860774610363,,27.176962754792815,6.422704518354235,51.23382877751222,2808538113.0,578386333.0,,,,0.36382657228420356,0.3565118621889512,7.811382740860215,0.010595324495248932
