stock_code,corp_name,year,quarter,label,총자산증가율,유동자산증가율,매출액증가율,순이익증가율,영업이익증가율,매출액순이익률,매출총이익률,자기자본순이익률,매출채권회전율,재고자산회전율,총자본회전율,유형자산회전율,매출원가율,부채비율,유동비율,자기자본비율,당좌비율,비유동자산장기적합률,순운전자본비율,차입금의존도,현금비율,유형자산,무형자산,무형자산상각비,유형자산상각비,감가상각비,총자본영업이익률,총자본순이익률,유보액/납입자본비율,총자본투자효율
023460,씨앤에이치(주),2020,Q1,1,0.9591086539547309,-20.77360185457824,,,,-15.914140226295434,,-9.29201984063487,9.836631098530429,1.0306217592571152,0.12355615687123632,0.12355615687123632,53.66825843127593,372.56609203119575,249.33661136434884,21.161061211602682,186.1781493756119,,15.21308644835995,3.2168223230137905,39.27922748976802,18800998933.0,7197126635.0,,,,-2.3377877447095368,-1.966290006271011,22.13723459354839,-0.013155071005369258
