stock_code,corp_name,year,quarter,label,총자산증가율,유동자산증가율,매출액증가율,순이익증가율,영업이익증가율,매출액순이익률,매출총이익률,자기자본순이익률,매출채권회전율,재고자산회전율,총자본회전율,유형자산회전율,매출원가율,부채비율,유동비율,자기자본비율,당좌비율,비유동자산장기적합률,순운전자본비율,차입금의존도,현금비율,유형자산,무형자산,무형자산상각비,유형자산상각비,감가상각비,총자본영업이익률,총자본순이익률,유보액/납입자본비율,총자본투자효율
023460,씨앤에이치(주),2022,Q1,1,-5.437678644108469,,,,,-53.290107494102216,,-27.35721653333459,0.20777606641979027,2.0628050004686806,0.08825421957584731,0.08825421957584731,44.93454022885147,481.687635934319,,17.19135732348477,,,,0.0,,119361774881.0,7145286455.0,,,,-5.042113267465811,-4.7030768480050025,30.3840923,-0.0414825929525148
