stock_code,corp_name,year,quarter,label,총자산증가율,유동자산증가율,매출액증가율,순이익증가율,영업이익증가율,매출액순이익률,매출총이익률,자기자본순이익률,매출채권회전율,재고자산회전율,총자본회전율,유형자산회전율,매출원가율,부채비율,유동비율,자기자본비율,당좌비율,비유동자산장기적합률,순운전자본비율,차입금의존도,현금비율,유형자산,무형자산,무형자산상각비,유형자산상각비,감가상각비,총자본영업이익률,총자본순이익률,유보액/납입자본비율,총자본투자효율
024850,HLB이노베이션,2022,Q1,0,6.270446254546471,8.375677620399435,,,,4.842208301493005,9.334520103759427,4.822327691564706,1.7581163952630323,1.962949586845426,0.38780998952188384,0.38780998952188384,90.66547989624057,156.79955033085201,191.34374697063794,38.94087815619744,143.52132536545918,183.134982416,34.213623278929305,27.985930736617508,16.10970894107916,5323802001.0,,,,,0.28030244688518124,1.877856750664781,-12.697867811962382,0.01877856750664781
