stock_code,corp_name,year,quarter,label,총자산증가율,유동자산증가율,매출액증가율,순이익증가율,영업이익증가율,매출액순이익률,매출총이익률,자기자본순이익률,매출채권회전율,재고자산회전율,총자본회전율,유형자산회전율,매출원가율,부채비율,유동비율,자기자본비율,당좌비율,비유동자산장기적합률,순운전자본비율,차입금의존도,현금비율,유형자산,무형자산,무형자산상각비,유형자산상각비,감가상각비,총자본영업이익률,총자본순이익률,유보액/납입자본비율,총자본투자효율
024850,HLB이노베이션,2020,Q1,0,-6.468971450645826,-9.459648236176207,,,,-8.350639888423665,2.759996582213161,-3.6411786663702888,1.2684889672698412,1.1480933341166957,0.25648062982585884,0.25648062982585884,97.24000341778684,70.00733613669517,226.45614868959157,58.82099106569998,150.50795624238654,46.82933368,36.16969530362311,15.262850237807063,40.1720246511894,9059627974.0,,,,,-1.8655043538960507,-2.141777378031841,5.989397694547325,-0.02141777378031841
