stock_code,corp_name,year,quarter,label,총자산증가율,유동자산증가율,매출액증가율,순이익증가율,영업이익증가율,매출액순이익률,매출총이익률,자기자본순이익률,매출채권회전율,재고자산회전율,총자본회전율,유형자산회전율,매출원가율,부채비율,유동비율,자기자본비율,당좌비율,비유동자산장기적합률,순운전자본비율,차입금의존도,현금비율,유형자산,무형자산,무형자산상각비,유형자산상각비,감가상각비,총자본영업이익률,총자본순이익률,유보액/납입자본비율,총자본투자효율
024850,HLB이노베이션,2019,Q1,0,3.288112627761798,0.32275918523194025,,,,-6.049619269736404,6.250282101376972,-2.8178928654959643,1.1675228744390638,0.942147155543499,0.2532915523952479,0.2532915523952479,93.74971789862303,83.89745897861786,183.152991841877,54.37813037516044,107.84902800894778,53.038191404,27.831202847474444,12.686674570286192,16.13016381589296,9094807265.0,,,,,-1.2061122994714328,-1.5323174562317399,6.759945371352072,-0.0153231745623174
