stock_code,corp_name,year,quarter,label,총자산증가율,유동자산증가율,매출액증가율,순이익증가율,영업이익증가율,매출액순이익률,매출총이익률,자기자본순이익률,매출채권회전율,재고자산회전율,총자본회전율,유형자산회전율,매출원가율,부채비율,유동비율,자기자본비율,당좌비율,비유동자산장기적합률,순운전자본비율,차입금의존도,현금비율,유형자산,무형자산,무형자산상각비,유형자산상각비,감가상각비,총자본영업이익률,총자본순이익률,유보액/납입자본비율,총자본투자효율
025320,시노펙스,2020,Q1,0,1.514320811640555,1.4536446145147794,,,,5.913520022444856,21.261580873121236,3.6805017532841386,2.4465373869743683,2.3687435784836497,0.35009387131756725,0.35009387131756725,78.73841912687877,77.77735859389449,145.34668001381996,56.25013263271331,109.96828810832035,8.721067849699558,14.916281026729436,21.109705162369362,59.49905220146368,69995696893.0,3312803441.0,,,,2.0549681609708412,2.070287117771667,155.52937263160956,0.02070287117771667
