stock_code,corp_name,year,quarter,label,총자산증가율,유동자산증가율,매출액증가율,순이익증가율,영업이익증가율,매출액순이익률,매출총이익률,자기자본순이익률,매출채권회전율,재고자산회전율,총자본회전율,유형자산회전율,매출원가율,부채비율,유동비율,자기자본비율,당좌비율,비유동자산장기적합률,순운전자본비율,차입금의존도,현금비율,유형자산,무형자산,무형자산상각비,유형자산상각비,감가상각비,총자본영업이익률,총자본순이익률,유보액/납입자본비율,총자본투자효율
025320,시노펙스,2019,Q1,0,8.751954508902829,21.57985102115632,,,,3.064854658638376,20.90237631776775,2.1432856568233,1.797473907256071,2.7816320072626075,0.2851870199927377,0.2851870199927377,79.09762368223225,145.21126524202722,98.5675279400999,40.78116064582045,81.72139027511412,6.351002245951543,-0.6895715430812992,29.440909664659,32.989285133896985,74520495867.0,3886554709.0,,,,1.579039092911204,0.8740567668079378,122.03740639303409,0.008740567668079378
