stock_code,corp_name,year,quarter,label,총자산증가율,유동자산증가율,매출액증가율,순이익증가율,영업이익증가율,매출액순이익률,매출총이익률,자기자본순이익률,매출채권회전율,재고자산회전율,총자본회전율,유형자산회전율,매출원가율,부채비율,유동비율,자기자본비율,당좌비율,비유동자산장기적합률,순운전자본비율,차입금의존도,현금비율,유형자산,무형자산,무형자산상각비,유형자산상각비,감가상각비,총자본영업이익률,총자본순이익률,유보액/납입자본비율,총자본투자효율
025320,시노펙스,2022,Q1,0,6.023898919571442,4.111590152379348,,,,6.720996759262354,17.374355872352822,5.08968366541586,2.229043759192919,2.0923286526293343,0.3325770166756973,0.3325770166756973,82.62564412764718,127.7009652457111,83.56829747248202,43.9172490516632,56.88400917193185,18.87508029522388,-8.08731071148084,29.24016837552782,17.397036193567978,107324864826.0,4826066965.0,,,,1.7888272360863002,2.2352490512825036,169.3964422303985,0.022352490512825035
