stock_code,corp_name,year,quarter,label,총자산증가율,유동자산증가율,매출액증가율,순이익증가율,영업이익증가율,매출액순이익률,매출총이익률,자기자본순이익률,매출채권회전율,재고자산회전율,총자본회전율,유형자산회전율,매출원가율,부채비율,유동비율,자기자본비율,당좌비율,비유동자산장기적합률,순운전자본비율,차입금의존도,현금비율,유형자산,무형자산,무형자산상각비,유형자산상각비,감가상각비,총자본영업이익률,총자본순이익률,유보액/납입자본비율,총자본투자효율
025770,한국정보통신,2019,Q1,0,4.30383159246323,3.7097951823270434,,,,5.004188910894328,9.042124770058834,3.165262272544918,1.611300944013407,19.03884563351209,0.3988549349004849,0.3988549349004849,90.95787522994117,58.58460885193711,211.67284850402345,63.057821767158515,206.25753178943364,,39.295099840375954,1.6610341221057277,19.69750222628093,13796500000.0,3327332000.0,49071000.0,2615682000.0,2664753000.0,2.6146205233336492,1.9959454422844858,960.7769654214605,0.019959454422844858
