stock_code,corp_name,year,quarter,label,총자산증가율,유동자산증가율,매출액증가율,순이익증가율,영업이익증가율,매출액순이익률,매출총이익률,자기자본순이익률,매출채권회전율,재고자산회전율,총자본회전율,유형자산회전율,매출원가율,부채비율,유동비율,자기자본비율,당좌비율,비유동자산장기적합률,순운전자본비율,차입금의존도,현금비율,유형자산,무형자산,무형자산상각비,유형자산상각비,감가상각비,총자본영업이익률,총자본순이익률,유보액/납입자본비율,총자본투자효율
025770,한국정보통신,2020,Q1,0,-13.633431196584736,-16.857365937124115,,,,2.6519551656332725,6.819277145805777,1.5843407535696992,1.3639157720107549,11.636245621386845,0.3948198303559214,0.3948198303559214,93.18072285419422,51.315514365370404,243.17328534276535,66.0870766751236,232.5101559973608,,42.45115063241249,0.9823664630463306,24.530741893316964,9340204000.0,3610699000.0,47886000.0,1853564000.0,1901450000.0,1.6060800991881012,1.047044488606838,1005.8997889971398,0.010470444886068379
