stock_code,corp_name,year,quarter,label,총자산증가율,유동자산증가율,매출액증가율,순이익증가율,영업이익증가율,매출액순이익률,매출총이익률,자기자본순이익률,매출채권회전율,재고자산회전율,총자본회전율,유형자산회전율,매출원가율,부채비율,유동비율,자기자본비율,당좌비율,비유동자산장기적합률,순운전자본비율,차입금의존도,현금비율,유형자산,무형자산,무형자산상각비,유형자산상각비,감가상각비,총자본영업이익률,총자본순이익률,유보액/납입자본비율,총자본투자효율
025770,한국정보통신,2022,Q1,0,7.056990402813049,9.933460699676058,,,,1.819777568956795,6.168578836231933,1.107558851572596,1.4843071545910351,11.978628522716818,0.31787413518856195,0.31787413518856195,93.83142116376807,91.46672691162779,177.1298226129998,52.22839582260963,171.69045369455054,202.287065,35.30776327400012,0.8122015176727121,59.53031709829785,8235179000.0,4363678000.0,51322000.0,872309000.0,923631000.0,0.9293685820023733,0.5784602209676849,1107.8363745681058,0.0057846022096768495
