stock_code,corp_name,year,quarter,label,총자산증가율,유동자산증가율,매출액증가율,순이익증가율,영업이익증가율,매출액순이익률,매출총이익률,자기자본순이익률,매출채권회전율,재고자산회전율,총자본회전율,유형자산회전율,매출원가율,부채비율,유동비율,자기자본비율,당좌비율,비유동자산장기적합률,순운전자본비율,차입금의존도,현금비율,유형자산,무형자산,무형자산상각비,유형자산상각비,감가상각비,총자본영업이익률,총자본순이익률,유보액/납입자본비율,총자본투자효율
025870,신라에스지,2019,Q1,0,8.822177905309717,18.870585290762648,,,,-2.4377283244116614,5.917965393309276,-2.554514155196653,3.541247314843273,0.9171463222340421,0.2849433114396466,0.2849433114396466,94.08203460669073,267.7600442096338,106.91103384730833,27.191643457329235,30.906699463234986,,2.657854478843476,0.0,5.5592155298236925,16844832737.0,2956491759.0,154000.0,320986534.0,321140534.0,-0.37129259366944334,-0.6946143811480798,598.3424415,-0.0069461438114807985
