stock_code,corp_name,year,quarter,label,총자산증가율,유동자산증가율,매출액증가율,순이익증가율,영업이익증가율,매출액순이익률,매출총이익률,자기자본순이익률,매출채권회전율,재고자산회전율,총자본회전율,유형자산회전율,매출원가율,부채비율,유동비율,자기자본비율,당좌비율,비유동자산장기적합률,순운전자본비율,차입금의존도,현금비율,유형자산,무형자산,무형자산상각비,유형자산상각비,감가상각비,총자본영업이익률,총자본순이익률,유보액/납입자본비율,총자본투자효율
025870,신라에스지,2022,Q1,0,16.69259599504713,37.71499757424924,,,,1.083024125117896,7.846839139747782,1.1858883935871816,6.2391441499974905,0.709485089789456,0.33729192523867363,0.33729192523867363,92.15316086025221,224.63829093230717,121.33748075892925,30.803513569769187,24.040907541727368,,9.607679459660615,0.0,6.822638990419609,12926353535.0,960744333.0,,,,0.5570533972464798,0.36529529224094526,146.40206014999998,0.0036529529224094527
