stock_code,corp_name,year,quarter,label,총자산증가율,유동자산증가율,매출액증가율,순이익증가율,영업이익증가율,매출액순이익률,매출총이익률,자기자본순이익률,매출채권회전율,재고자산회전율,총자본회전율,유형자산회전율,매출원가율,부채비율,유동비율,자기자본비율,당좌비율,비유동자산장기적합률,순운전자본비율,차입금의존도,현금비율,유형자산,무형자산,무형자산상각비,유형자산상각비,감가상각비,총자본영업이익률,총자본순이익률,유보액/납입자본비율,총자본투자효율
025870,신라에스지,2020,Q1,0,2.481042585037768,8.030518424615664,,,,-1.7856155909360956,6.820615219896962,-1.6749123786699665,4.088954267672025,1.0258884416398215,0.2971128746646529,0.2971128746646529,93.17938478010304,215.70586621677998,107.686491609877,31.67505285800892,41.003226222385265,,3.1106594810956545,0.0,20.96667817520482,15539563456.0,1848478100.0,154000.0,324568163.0,324722163.0,-0.10139187712282667,-0.5305293812690465,679.6347359,-0.005305293812690464
