stock_code,corp_name,year,quarter,label,총자산증가율,유동자산증가율,매출액증가율,순이익증가율,영업이익증가율,매출액순이익률,매출총이익률,자기자본순이익률,매출채권회전율,재고자산회전율,총자본회전율,유형자산회전율,매출원가율,부채비율,유동비율,자기자본비율,당좌비율,비유동자산장기적합률,순운전자본비율,차입금의존도,현금비율,유형자산,무형자산,무형자산상각비,유형자산상각비,감가상각비,총자본영업이익률,총자본순이익률,유보액/납입자본비율,총자본투자효율
026260,(주)위너지스,2017,Q1,1,-0.6548051393406027,2.766592734587831,,,,-62.537420899112284,75.05503712526513,-40.745949693298925,1.4596380516260568,1.902906430812272,0.1686691871644684,0.1686691871644684,24.944962874734866,286.2857843777968,182.41544758966066,25.88756926716143,173.7842861102671,,21.112543620136638,8.582020210112022,49.32711998028762,2135441756.0,11731132911.0,,,,-6.8505233880396075,-10.548135950415508,-90.39818616416565,-0.10548135950415509
