stock_code,corp_name,year,quarter,label,총자산증가율,유동자산증가율,매출액증가율,순이익증가율,영업이익증가율,매출액순이익률,매출총이익률,자기자본순이익률,매출채권회전율,재고자산회전율,총자본회전율,유형자산회전율,매출원가율,부채비율,유동비율,자기자본비율,당좌비율,비유동자산장기적합률,순운전자본비율,차입금의존도,현금비율,유형자산,무형자산,무형자산상각비,유형자산상각비,감가상각비,총자본영업이익률,총자본순이익률,유보액/납입자본비율,총자본투자효율
026260,(주)위너지스,2016,Q1,1,-1.716128954615723,-3.797679223960331,109.18567691911333,144.81488365374344,3.4473430380559575,-41.52327668918211,55.299877210718094,-19.643440475098835,0.3425635339105472,0.5548290182173617,0.1362611463681371,0.1362611463681371,44.700122789281906,247.17936104145903,188.53716949270836,28.803555516670915,152.71632504132342,7.757678676051318,27.133848832015172,16.015813169058596,7.7210083024891905,4198078058.0,6302340957.0,,,,-2.385020787350849,-5.6580092826292985,-85.26628119262783,-0.056580092826292984
