stock_code,corp_name,year,quarter,label,총자산증가율,유동자산증가율,매출액증가율,순이익증가율,영업이익증가율,매출액순이익률,매출총이익률,자기자본순이익률,매출채권회전율,재고자산회전율,총자본회전율,유형자산회전율,매출원가율,부채비율,유동비율,자기자본비율,당좌비율,비유동자산장기적합률,순운전자본비율,차입금의존도,현금비율,유형자산,무형자산,무형자산상각비,유형자산상각비,감가상각비,총자본영업이익률,총자본순이익률,유보액/납입자본비율,총자본투자효율
026260,(주)위너지스,2018,Q1,1,4.063128121451743,-47.437623081324986,,,,18.450817578391554,57.43372977920911,1.103319305643577,0.3406825170936271,0.19084742893988013,0.033610596372146605,0.033610596372146605,42.5662702207909,77.91369684435008,102.04247409493246,56.20702721246143,73.12660629823372,18.26062165497044,0.5295120273253714,14.189002293701853,8.241260786039778,1639773873.0,15174651126.0,,,,-2.2078446431456085,0.6201429823634259,-357.0198522763951,0.006201429823634259
