stock_code,corp_name,year,quarter,label,총자산증가율,유동자산증가율,매출액증가율,순이익증가율,영업이익증가율,매출액순이익률,매출총이익률,자기자본순이익률,매출채권회전율,재고자산회전율,총자본회전율,유형자산회전율,매출원가율,부채비율,유동비율,자기자본비율,당좌비율,비유동자산장기적합률,순운전자본비율,차입금의존도,현금비율,유형자산,무형자산,무형자산상각비,유형자산상각비,감가상각비,총자본영업이익률,총자본순이익률,유보액/납입자본비율,총자본투자효율
031310,아이즈비전,2022,Q1,0,1.3150501766731357,10.46742886820404,,,,-1.4701203761230353,20.96006275863285,-0.36130038180848734,1.9835534611545944,0.852759925984716,0.16246802970595095,0.16246802970595095,79.03993724136716,51.2681897975654,193.09087717115185,66.10775215451773,142.34617125379881,,27.625115330851425,6.416606722265536,29.00697902956694,20005906732.0,1018580000.0,,,,0.7263905112312374,-0.23884756093928106,510.6801667873725,-0.0023884756093928107
