stock_code,corp_name,year,quarter,label,총자산증가율,유동자산증가율,매출액증가율,순이익증가율,영업이익증가율,매출액순이익률,매출총이익률,자기자본순이익률,매출채권회전율,재고자산회전율,총자본회전율,유형자산회전율,매출원가율,부채비율,유동비율,자기자본비율,당좌비율,비유동자산장기적합률,순운전자본비율,차입금의존도,현금비율,유형자산,무형자산,무형자산상각비,유형자산상각비,감가상각비,총자본영업이익률,총자본순이익률,유보액/납입자본비율,총자본투자효율
031310,아이즈비전,2020,Q1,0,-1.1128640435336912,-4.7693156108229156,,,,7.838444220038991,22.53537913218702,1.4293729842723863,1.6915583599480624,0.8886103282524219,0.13434903468860276,0.13434903468860276,77.46462086781298,35.73165576724418,959.3603016822927,73.67478090113507,814.6345958681167,,69.54344561390076,0.0,495.37627690789,21360665791.0,1018580000.0,,,,-0.5714492757840788,1.0530874144226965,445.8776014916343,0.010530874144226965
