stock_code,corp_name,year,quarter,label,총자산증가율,유동자산증가율,매출액증가율,순이익증가율,영업이익증가율,매출액순이익률,매출총이익률,자기자본순이익률,매출채권회전율,재고자산회전율,총자본회전율,유형자산회전율,매출원가율,부채비율,유동비율,자기자본비율,당좌비율,비유동자산장기적합률,순운전자본비율,차입금의존도,현금비율,유형자산,무형자산,무형자산상각비,유형자산상각비,감가상각비,총자본영업이익률,총자본순이익률,유보액/납입자본비율,총자본투자효율
031310,아이즈비전,2019,Q1,0,-1.3955242228369011,-1.505553189931569,,,,2.9009858458661077,23.454773122187024,0.7552284506985576,1.8589814472192283,0.913277255646826,0.19944158307949716,0.19944158307949716,76.54522687781298,30.53200820557019,521.6041113563224,76.60956218685733,398.72115286237425,,57.35144489793619,2.6658324036377024,142.34125868496557,22467354411.0,1473717528.0,,,,0.6921415200288792,0.5785772095907507,431.7429408582197,0.0057857720959075066
