stock_code,corp_name,year,quarter,label,총자산증가율,유동자산증가율,매출액증가율,순이익증가율,영업이익증가율,매출액순이익률,매출총이익률,자기자본순이익률,매출채권회전율,재고자산회전율,총자본회전율,유형자산회전율,매출원가율,부채비율,유동비율,자기자본비율,당좌비율,비유동자산장기적합률,순운전자본비율,차입금의존도,현금비율,유형자산,무형자산,무형자산상각비,유형자산상각비,감가상각비,총자본영업이익률,총자본순이익률,유보액/납입자본비율,총자본투자효율
032980,바이온,2020,Q1,0,-1.916107118442873,0.9744088919326193,,,,-11.250235727524004,17.616600342590118,-2.172166857319182,0.9392208536672041,1.1648632260102938,0.11687377908178853,0.11687377908178853,82.38339965740988,65.20168534441814,135.39304756579472,60.53207011267262,107.78576504598769,0.051413016790569276,10.596834748340699,9.765329361884252,17.62404669343986,14349157227.0,2703515485.0,,,,-0.3103695595908804,-1.314857565036685,32.98046178551133,-0.01314857565036685
