stock_code,corp_name,year,quarter,label,총자산증가율,유동자산증가율,매출액증가율,순이익증가율,영업이익증가율,매출액순이익률,매출총이익률,자기자본순이익률,매출채권회전율,재고자산회전율,총자본회전율,유형자산회전율,매출원가율,부채비율,유동비율,자기자본비율,당좌비율,비유동자산장기적합률,순운전자본비율,차입금의존도,현금비율,유형자산,무형자산,무형자산상각비,유형자산상각비,감가상각비,총자본영업이익률,총자본순이익률,유보액/납입자본비율,총자본투자효율
032980,바이온,2019,Q1,0,4.527048007724575,10.351443376945136,,,,-34.96985414885273,8.686776451242268,-4.127133193099473,0.29659495823069004,0.7562973980725187,0.06826642405483371,0.06826642405483371,91.31322354875773,72.88109704585263,154.2898513002555,57.84322387396544,127.32628982219876,0.028340981211598296,16.59547239290698,12.641117843274438,36.131496478641516,12157087629.0,861153741.0,26563860.0,168885760.0,195449620.0,-1.2291498446572453,-2.3872668924612666,109.98077949100056,-0.015008452807845497
