stock_code,corp_name,year,quarter,label,총자산증가율,유동자산증가율,매출액증가율,순이익증가율,영업이익증가율,매출액순이익률,매출총이익률,자기자본순이익률,매출채권회전율,재고자산회전율,총자본회전율,유형자산회전율,매출원가율,부채비율,유동비율,자기자본비율,당좌비율,비유동자산장기적합률,순운전자본비율,차입금의존도,현금비율,유형자산,무형자산,무형자산상각비,유형자산상각비,감가상각비,총자본영업이익률,총자본순이익률,유보액/납입자본비율,총자본투자효율
032960,동일기연,2022,Q1,0,3.497293205025502,4.761004988629301,,,,22.592276560281572,39.11283886174426,2.533038960102605,1.479561299352625,0.3615311106084024,0.10290226641991235,0.10290226641991235,60.88716113825574,8.957450766137512,1232.6127948720718,91.77894609028301,960.6957901410201,,72.18551948109936,0.0,144.57480064652765,4146567994.0,95078858.0,7621590.0,230604184.0,238225774.0,0.7702368297795198,2.324796461638435,1176.5692185710127,0.023367788491956493
