stock_code,corp_name,year,quarter,label,총자산증가율,유동자산증가율,매출액증가율,순이익증가율,영업이익증가율,매출액순이익률,매출총이익률,자기자본순이익률,매출채권회전율,재고자산회전율,총자본회전율,유형자산회전율,매출원가율,부채비율,유동비율,자기자본비율,당좌비율,비유동자산장기적합률,순운전자본비율,차입금의존도,현금비율,유형자산,무형자산,무형자산상각비,유형자산상각비,감가상각비,총자본영업이익률,총자본순이익률,유보액/납입자본비율,총자본투자효율
032960,동일기연,2020,Q1,0,-0.29359385461962156,-1.3932640941314236,,,,-6.468693490290894,37.429528605534614,-0.7761114258445219,1.5574633937693256,0.37736130539899365,0.10737145535343146,0.10737145535343146,62.570471394465386,11.742572205497714,1051.423983925388,89.49140692420899,801.179354890869,,67.68777386078406,1.28000805123621,171.51356393500723,4742499657.0,558888950.0,11460044.0,194068488.0,205528532.0,0.06108237422086795,-0.6945530342878015,1001.2916475099344,-0.006945530342878014
