stock_code,corp_name,year,quarter,label,총자산증가율,유동자산증가율,매출액증가율,순이익증가율,영업이익증가율,매출액순이익률,매출총이익률,자기자본순이익률,매출채권회전율,재고자산회전율,총자본회전율,유형자산회전율,매출원가율,부채비율,유동비율,자기자본비율,당좌비율,비유동자산장기적합률,순운전자본비율,차입금의존도,현금비율,유형자산,무형자산,무형자산상각비,유형자산상각비,감가상각비,총자본영업이익률,총자본순이익률,유보액/납입자본비율,총자본투자효율
032980,바이온,2022,Q1,0,-4.1712887634548546,-14.016433178318952,,,,-57.16598975770839,4.628202479421841,-3.160754197715454,0.3297158650629269,1.011631014982578,0.0396756299749616,0.0396756299749616,95.37179752057816,39.35712079412667,182.52313062298103,71.75808414392456,167.07655933065593,18.304842763768114,19.98321061256364,5.54907327520296,54.87876457135553,4986175129.0,3257723.0,,,,-2.5541091188218177,-2.268096656779283,-13.50042622673874,-0.02268096656779283
