stock_code,corp_name,year,quarter,label,총자산증가율,유동자산증가율,매출액증가율,순이익증가율,영업이익증가율,매출액순이익률,매출총이익률,자기자본순이익률,매출채권회전율,재고자산회전율,총자본회전율,유형자산회전율,매출원가율,부채비율,유동비율,자기자본비율,당좌비율,비유동자산장기적합률,순운전자본비율,차입금의존도,현금비율,유형자산,무형자산,무형자산상각비,유형자산상각비,감가상각비,총자본영업이익률,총자본순이익률,유보액/납입자본비율,총자본투자효율
032960,동일기연,2019,Q1,0,-6.3958069831638085,-8.190479715369921,,,,14.253262875874595,34.83448052399526,2.0371739876367294,1.6738751018191391,0.4864750573001311,0.12834502010572493,0.12834502010572493,65.16551947600475,11.36143144898175,918.8059369823554,89.79769629291557,705.8579280769012,,66.1064301719282,1.3022967033222703,124.244227812187,4094623606.0,1309540203.0,70161402.0,193866026.0,264027428.0,0.3668943843360325,1.8293353103763077,990.0287708424338,0.018293353103763076
