stock_code,corp_name,year,quarter,label,총자산증가율,유동자산증가율,매출액증가율,순이익증가율,영업이익증가율,매출액순이익률,매출총이익률,자기자본순이익률,매출채권회전율,재고자산회전율,총자본회전율,유형자산회전율,매출원가율,부채비율,유동비율,자기자본비율,당좌비율,비유동자산장기적합률,순운전자본비율,차입금의존도,현금비율,유형자산,무형자산,무형자산상각비,유형자산상각비,감가상각비,총자본영업이익률,총자본순이익률,유보액/납입자본비율,총자본투자효율
033160,엠케이전자,2020,Q1,0,5.662454251975692,22.716210505773223,,,,15.876366154765787,22.5260266627809,3.7872748177523103,1.821918937436138,2.0886800147332893,0.10991329955036047,0.10991329955036047,77.47397333721909,117.03284744633254,65.94464362677859,46.07597475526271,44.49504062876047,606.8211612457288,-6.472921420714138,35.244645426278396,10.976052595850026,83205884248.0,112873596775.0,278028238.0,4419249775.0,4697278013.0,2.2439154208002368,1.7450237889399762,3055.4032963694594,0.017450237889399763
