stock_code,corp_name,year,quarter,label,총자산증가율,유동자산증가율,매출액증가율,순이익증가율,영업이익증가율,매출액순이익률,매출총이익률,자기자본순이익률,매출채권회전율,재고자산회전율,총자본회전율,유형자산회전율,매출원가율,부채비율,유동비율,자기자본비율,당좌비율,비유동자산장기적합률,순운전자본비율,차입금의존도,현금비율,유형자산,무형자산,무형자산상각비,유형자산상각비,감가상각비,총자본영업이익률,총자본순이익률,유보액/납입자본비율,총자본투자효율
033160,엠케이전자,2022,Q1,0,5.55858770720417,8.918554214875773,,,,8.687979508295546,11.00325325970573,2.0817191098024246,1.6615867579147288,2.7063030662536383,0.10697135731983222,0.10697135731983222,88.99674674029427,123.9937159859458,79.26581637398635,44.64410957237496,57.02026553996139,44.28659958616415,-3.2787551414523457,16.06082427659752,15.360517174589166,60314812981.0,125212642043.0,921461140.0,3655406629.0,4576867769.0,0.8917277894378819,0.929364960369263,3863.9613934149556,0.00929364960369263
