stock_code,corp_name,year,quarter,label,총자산증가율,유동자산증가율,매출액증가율,순이익증가율,영업이익증가율,매출액순이익률,매출총이익률,자기자본순이익률,매출채권회전율,재고자산회전율,총자본회전율,유형자산회전율,매출원가율,부채비율,유동비율,자기자본비율,당좌비율,비유동자산장기적합률,순운전자본비율,차입금의존도,현금비율,유형자산,무형자산,무형자산상각비,유형자산상각비,감가상각비,총자본영업이익률,총자본순이익률,유보액/납입자본비율,총자본투자효율
033160,엠케이전자,2019,Q1,0,-2.3241652549837437,-2.049171703582573,,,,16.413710772739655,26.672703919173752,3.1947063268760796,1.5564017580855067,2.168222585069188,0.09601078248953468,0.09601078248953468,73.32729608082626,102.72352826805911,64.50116184956704,49.32826537419529,46.73677801581563,131.29123663584204,-6.488522380228188,33.75505990349176,11.472842815463439,54774288782.0,132407616731.0,259107807.0,2766763152.0,3025870959.0,2.2958722140670145,1.5758932148476394,2903.27088733703,0.015758932148476394
