stock_code,corp_name,year,quarter,label,총자산증가율,유동자산증가율,매출액증가율,순이익증가율,영업이익증가율,매출액순이익률,매출총이익률,자기자본순이익률,매출채권회전율,재고자산회전율,총자본회전율,유형자산회전율,매출원가율,부채비율,유동비율,자기자본비율,당좌비율,비유동자산장기적합률,순운전자본비율,차입금의존도,현금비율,유형자산,무형자산,무형자산상각비,유형자산상각비,감가상각비,총자본영업이익률,총자본순이익률,유보액/납입자본비율,총자본투자효율
033200,모아텍,2019,Q1,0,1.6776329114562376,2.050394693998098,,,,-0.5049604290722408,15.173625286553364,-0.053841347290318434,1.267745080461443,1.7336076264613307,0.09855390687150735,0.09855390687150735,84.82637471344664,8.18940376309934,1112.9365348408178,92.43049367290021,1035.561765993969,,63.130148961264055,0.0,165.75939307472578,15620716794.0,574300098.0,,,,-0.26693700066972526,-0.049765823100582016,1234.9589317198897,-0.0004976582310058202
