stock_code,corp_name,year,quarter,label,총자산증가율,유동자산증가율,매출액증가율,순이익증가율,영업이익증가율,매출액순이익률,매출총이익률,자기자본순이익률,매출채권회전율,재고자산회전율,총자본회전율,유형자산회전율,매출원가율,부채비율,유동비율,자기자본비율,당좌비율,비유동자산장기적합률,순운전자본비율,차입금의존도,현금비율,유형자산,무형자산,무형자산상각비,유형자산상각비,감가상각비,총자본영업이익률,총자본순이익률,유보액/납입자본비율,총자본투자효율
033200,모아텍,2020,Q1,0,-1.2084807983577976,-1.4508643312736202,,,,-19.20878037313351,7.768442888199802,-1.1842423405543985,1.07708164805764,1.8954665434314972,0.05798071459008398,0.05798071459008398,92.2315571118002,6.330346696079248,1639.3485070612858,94.04652867899219,1571.6388030642684,,64.14060037544057,0.0,584.1255986145386,15331561108.0,483915314.0,,,,-1.1819645512972055,-1.1137388124382608,1194.8759225852405,-0.011137388124382608
