stock_code,corp_name,year,quarter,label,총자산증가율,유동자산증가율,매출액증가율,순이익증가율,영업이익증가율,매출액순이익률,매출총이익률,자기자본순이익률,매출채권회전율,재고자산회전율,총자본회전율,유형자산회전율,매출원가율,부채비율,유동비율,자기자본비율,당좌비율,비유동자산장기적합률,순운전자본비율,차입금의존도,현금비율,유형자산,무형자산,무형자산상각비,유형자산상각비,감가상각비,총자본영업이익률,총자본순이익률,유보액/납입자본비율,총자본투자효율
033200,모아텍,2022,Q1,0,1.2915100500432457,2.052931253627621,,,,-4.964131169469469,10.488658299224632,-0.5589525248481924,1.455767104103192,2.324106632445615,0.10265807050678714,0.10265807050678714,89.51134170077538,9.682812061928999,951.4464036803159,91.17198777100836,897.8148498182306,,62.7699885831994,0.0,182.14699228713917,15327341094.0,422268645.0,,,,-0.7953050441277174,-0.5096081276003365,1166.5865452540036,-0.005096081276003365
