stock_code,corp_name,year,quarter,label,총자산증가율,유동자산증가율,매출액증가율,순이익증가율,영업이익증가율,매출액순이익률,매출총이익률,자기자본순이익률,매출채권회전율,재고자산회전율,총자본회전율,유형자산회전율,매출원가율,부채비율,유동비율,자기자본비율,당좌비율,비유동자산장기적합률,순운전자본비율,차입금의존도,현금비율,유형자산,무형자산,무형자산상각비,유형자산상각비,감가상각비,총자본영업이익률,총자본순이익률,유보액/납입자본비율,총자본투자효율
033310,엠투엔,2019,Q1,0,2.1957669469326837,4.374433088683121,,,,7.610242996910996,14.883926238923555,1.7933982068282295,0.9089355446127738,2.5442468481210567,0.13341675852566404,0.13341675852566404,85.11607376107645,76.63136378634864,88.94043758011229,56.6150868432171,75.5537222296637,5526.723309682539,-3.6874542202324374,24.089338685115962,13.679118090934303,13124078727.0,343630076.0,,,,0.6694113081079711,1.0153339522405003,215.2124343568851,0.012527152089592371
