stock_code,corp_name,year,quarter,label,총자산증가율,유동자산증가율,매출액증가율,순이익증가율,영업이익증가율,매출액순이익률,매출총이익률,자기자본순이익률,매출채권회전율,재고자산회전율,총자본회전율,유형자산회전율,매출원가율,부채비율,유동비율,자기자본비율,당좌비율,비유동자산장기적합률,순운전자본비율,차입금의존도,현금비율,유형자산,무형자산,무형자산상각비,유형자산상각비,감가상각비,총자본영업이익률,총자본순이익률,유보액/납입자본비율,총자본투자효율
033310,엠투엔,2020,Q1,0,0.8377051373560797,-7.242519425730489,,,,7.75898087410229,7.235655971981789,1.123155235237972,0.8438466577586696,2.7439005060936354,0.08858756105850964,0.08858756105850964,92.76434402801821,63.40387803088975,72.00174479386583,61.19805796842598,61.52379522533897,352.82090239111113,-8.002766163103185,22.271154228105644,14.13524235699789,13984360479.0,2129808946.0,,,,-0.4099916562023178,0.6873491919363451,215.2124343568851,0.008822974708694406
