stock_code,corp_name,year,quarter,label,총자산증가율,유동자산증가율,매출액증가율,순이익증가율,영업이익증가율,매출액순이익률,매출총이익률,자기자본순이익률,매출채권회전율,재고자산회전율,총자본회전율,유형자산회전율,매출원가율,부채비율,유동비율,자기자본비율,당좌비율,비유동자산장기적합률,순운전자본비율,차입금의존도,현금비율,유형자산,무형자산,무형자산상각비,유형자산상각비,감가상각비,총자본영업이익률,총자본순이익률,유보액/납입자본비율,총자본투자효율
033310,엠투엔,2022,Q1,0,-1.8641858265362798,-0.2930782724112369,,,,-2.814508139585504,9.769702455069792,-0.24983651372815166,1.0174332456959745,2.2750006895660753,0.06261447278442933,0.06261447278442933,90.23029754493021,41.7681505880838,128.59306348342346,70.53770510878444,119.76876140709409,137.64515646555554,8.04685002145616,9.014188840765101,42.9663481275609,11877587696.0,966674423.0,,,,-0.08684419113218204,-0.17622894330763136,645.5571955254533,-0.0017622894330763135
