stock_code,corp_name,year,quarter,label,총자산증가율,유동자산증가율,매출액증가율,순이익증가율,영업이익증가율,매출액순이익률,매출총이익률,자기자본순이익률,매출채권회전율,재고자산회전율,총자본회전율,유형자산회전율,매출원가율,부채비율,유동비율,자기자본비율,당좌비율,비유동자산장기적합률,순운전자본비율,차입금의존도,현금비율,유형자산,무형자산,무형자산상각비,유형자산상각비,감가상각비,총자본영업이익률,총자본순이익률,유보액/납입자본비율,총자본투자효율
034810,해성산업,2022,Q1,0,4.512270553397329,11.897449851113198,,,,0.026009239727671236,19.097710043831178,0.011747385179069675,1.169842268359577,1.4895820791201502,0.24717850972861893,0.24717850972861893,80.90228995616881,82.72704952731019,141.09670242782977,54.72643500712472,95.5757022676846,,12.11999011275968,0.0,19.266389865916647,905276906775.0,264683994168.0,,,,2.22529271904541,0.0064289251150601665,5470.916667891247,6.428925115060167e-05
