stock_code,corp_name,year,quarter,label,총자산증가율,유동자산증가율,매출액증가율,순이익증가율,영업이익증가율,매출액순이익률,매출총이익률,자기자본순이익률,매출채권회전율,재고자산회전율,총자본회전율,유형자산회전율,매출원가율,부채비율,유동비율,자기자본비율,당좌비율,비유동자산장기적합률,순운전자본비율,차입금의존도,현금비율,유형자산,무형자산,무형자산상각비,유형자산상각비,감가상각비,총자본영업이익률,총자본순이익률,유보액/납입자본비율,총자본투자효율
034810,해성산업,2020,Q1,0,1.065516566132145,23.671450921677227,,,,12.850952866617279,100.0,0.48496651959913545,4.266584183387994,,0.024376310311722944,0.024376310311722944,,54.813367275243586,76.41532282111038,64.59390539720606,76.41532282111038,40.604521514,-1.6608763953709658,2.330250147742914,56.423248863439056,544132039.0,359993162.0,,468446283.0,468446283.0,0.40653041815406027,0.31325881487798835,1540.6847117586913,0.0031325881487798833
