stock_code,corp_name,year,quarter,label,총자산증가율,유동자산증가율,매출액증가율,순이익증가율,영업이익증가율,매출액순이익률,매출총이익률,자기자본순이익률,매출채권회전율,재고자산회전율,총자본회전율,유형자산회전율,매출원가율,부채비율,유동비율,자기자본비율,당좌비율,비유동자산장기적합률,순운전자본비율,차입금의존도,현금비율,유형자산,무형자산,무형자산상각비,유형자산상각비,감가상각비,총자본영업이익률,총자본순이익률,유보액/납입자본비율,총자본투자효율
034810,해성산업,2019,Q1,0,0.9366720539172291,35.26803665311581,,,,2.011884690610526,100.0,0.06404270537061407,4.8724039851419825,,0.02326166519711161,0.02326166519711161,,36.84400717787391,75.61273901974931,73.07590742356516,75.61273901974931,6.1822208549,-1.3338757738504552,17.057098131471985,66.12925315249959,544850174.0,359993162.0,,459489521.0,459489521.0,0.3093773330472204,0.04679978808817653,1524.9672849079755,0.0004679978808817653
