stock_code,corp_name,year,quarter,label,총자산증가율,유동자산증가율,매출액증가율,순이익증가율,영업이익증가율,매출액순이익률,매출총이익률,자기자본순이익률,매출채권회전율,재고자산회전율,총자본회전율,유형자산회전율,매출원가율,부채비율,유동비율,자기자본비율,당좌비율,비유동자산장기적합률,순운전자본비율,차입금의존도,현금비율,유형자산,무형자산,무형자산상각비,유형자산상각비,감가상각비,총자본영업이익률,총자본순이익률,유보액/납입자본비율,총자본투자효율
035480,(주)글로앤웰,2019,Q1,1,-3.09712599230976,-7.235700793065386,,,,-41.4722543896912,26.35954029693079,-5.067249488421639,2.086744226331313,7.928842159118393,0.09935509679091875,0.09935509679091875,73.64045970306921,22.97716950660991,342.3241641451935,81.315906359859,335.77416016152506,,34.1390969246065,0.0,290.33156841661463,3021963493.0,16525070668.0,,,,-4.320262402073579,-4.120479849025374,24.757556194317168,-0.04120479849025374
