stock_code,corp_name,year,quarter,label,총자산증가율,유동자산증가율,매출액증가율,순이익증가율,영업이익증가율,매출액순이익률,매출총이익률,자기자본순이익률,매출채권회전율,재고자산회전율,총자본회전율,유형자산회전율,매출원가율,부채비율,유동비율,자기자본비율,당좌비율,비유동자산장기적합률,순운전자본비율,차입금의존도,현금비율,유형자산,무형자산,무형자산상각비,유형자산상각비,감가상각비,총자본영업이익률,총자본순이익률,유보액/납입자본비율,총자본투자효율
035480,(주)글로앤웰,2017,Q1,1,4.168024686007702,-22.36883784141656,,,,-85.14062554253589,-16.998799450971056,-10.587070292964706,15.389363498673811,32.82564167075057,0.0786676705856728,0.0786676705856728,116.99879945097105,58.06753087431918,93.44554667660933,63.264099493975664,92.63755173382494,,-2.274533324156349,0.0,4.989858154760582,3517017056.0,597841813.0,,,,-5.048129548985301,-6.697814683638333,-10.29000348617813,-0.06697814683638333
