stock_code,corp_name,year,quarter,label,총자산증가율,유동자산증가율,매출액증가율,순이익증가율,영업이익증가율,매출액순이익률,매출총이익률,자기자본순이익률,매출채권회전율,재고자산회전율,총자본회전율,유형자산회전율,매출원가율,부채비율,유동비율,자기자본비율,당좌비율,비유동자산장기적합률,순운전자본비율,차입금의존도,현금비율,유형자산,무형자산,무형자산상각비,유형자산상각비,감가상각비,총자본영업이익률,총자본순이익률,유보액/납입자본비율,총자본투자효율
035480,(주)글로앤웰,2018,Q1,1,-34.63993506704346,-61.16752055846334,,,,-126.66735963874065,-50.705464575319745,-5.047671190016459,0.2839975210065134,11.770121060205152,0.033636833190955125,0.033636833190955125,150.70546457531975,18.470777176810554,275.5386847907564,84.4090014288975,272.0792648389297,,21.854089943188296,0.0,157.54230566904948,3479777177.0,16671714831.0,,,,-4.083047323741431,-4.2606888469070405,45.63299853917508,-0.0426068884690704
