stock_code,corp_name,year,quarter,label,총자산증가율,유동자산증가율,매출액증가율,순이익증가율,영업이익증가율,매출액순이익률,매출총이익률,자기자본순이익률,매출채권회전율,재고자산회전율,총자본회전율,유형자산회전율,매출원가율,부채비율,유동비율,자기자본비율,당좌비율,비유동자산장기적합률,순운전자본비율,차입금의존도,현금비율,유형자산,무형자산,무형자산상각비,유형자산상각비,감가상각비,총자본영업이익률,총자본순이익률,유보액/납입자본비율,총자본투자효율
035480,(주)글로앤웰,2016,Q1,1,7.855178467614177,13.124881156177077,66.2272026639769,612.1718036751791,221.70946020589022,-32.01065078093184,15.939251150383196,-6.191504458071261,1.0048546451446345,27.59753386520451,0.13376792915621163,0.13376792915621163,84.0607488496168,44.593803742955416,197.64334427469836,69.1592567671642,196.08507682774234,,25.531458856830497,0.0,125.65531603768545,5254840256.0,19131126165.0,,,,-4.2128948661874155,-4.281998465907922,-5.8726902798746,-0.04281998465907921
