stock_code,corp_name,year,quarter,label,총자산증가율,유동자산증가율,매출액증가율,순이익증가율,영업이익증가율,매출액순이익률,매출총이익률,자기자본순이익률,매출채권회전율,재고자산회전율,총자본회전율,유형자산회전율,매출원가율,부채비율,유동비율,자기자본비율,당좌비율,비유동자산장기적합률,순운전자본비율,차입금의존도,현금비율,유형자산,무형자산,무형자산상각비,유형자산상각비,감가상각비,총자본영업이익률,총자본순이익률,유보액/납입자본비율,총자본투자효율
036010,아비코전자,2022,Q1,0,1.2708693692537198,-3.2566888933272766,,,,7.722570746613991,14.492852260983202,3.033465310937856,1.9370858936212003,1.5067326403621177,0.2955869474040046,0.2955869474040046,85.5071477390168,32.88987255109422,328.9211388593005,75.25027910727468,244.30399113103977,,45.381515159495905,1.3937894238627535,106.88741512787504,43471630971.0,2582112510.0,,,,2.214525599418798,2.2826911131030942,1445.8584076890384,0.02282691113103094
