stock_code,corp_name,year,quarter,label,총자산증가율,유동자산증가율,매출액증가율,순이익증가율,영업이익증가율,매출액순이익률,매출총이익률,자기자본순이익률,매출채권회전율,재고자산회전율,총자본회전율,유형자산회전율,매출원가율,부채비율,유동비율,자기자본비율,당좌비율,비유동자산장기적합률,순운전자본비율,차입금의존도,현금비율,유형자산,무형자산,무형자산상각비,유형자산상각비,감가상각비,총자본영업이익률,총자본순이익률,유보액/납입자본비율,총자본투자효율
036010,아비코전자,2020,Q1,0,14.61938337657512,20.705416993906532,,,,-3.4564652763362367,6.684791315913826,-1.2118456096194827,1.8269315381219653,1.9215652113544033,0.254215609585626,0.254215609585626,93.31520868408617,37.915437510280555,338.1434529894149,72.50819908579543,278.1516403251947,,49.00565295196052,3.603425705865673,131.13504293446925,36417910559.0,604433695.0,,,,-0.19948841666972117,-0.8786874272353657,1343.9097604759074,-0.008786874272353657
