stock_code,corp_name,year,quarter,label,총자산증가율,유동자산증가율,매출액증가율,순이익증가율,영업이익증가율,매출액순이익률,매출총이익률,자기자본순이익률,매출채권회전율,재고자산회전율,총자본회전율,유형자산회전율,매출원가율,부채비율,유동비율,자기자본비율,당좌비율,비유동자산장기적합률,순운전자본비율,차입금의존도,현금비율,유형자산,무형자산,무형자산상각비,유형자산상각비,감가상각비,총자본영업이익률,총자본순이익률,유보액/납입자본비율,총자본투자효율
036010,아비코전자,2019,Q1,0,11.476225237675699,24.210988175084825,,,,1.7597021935235502,8.374503443010568,0.5105568851508615,1.8542690671377378,1.5112602844095593,0.22588343873257227,0.22588343873257227,91.62549655698943,28.445996171174947,414.51198065881385,77.85373073578246,330.5188842374293,,51.28083217885827,3.9327227160885507,180.08254087192975,39495968628.0,709513436.0,,,,0.5257135512956225,0.3974875826183498,1466.6342932837929,0.0039748758261834985
