stock_code,corp_name,year,quarter,label,총자산증가율,유동자산증가율,매출액증가율,순이익증가율,영업이익증가율,매출액순이익률,매출총이익률,자기자본순이익률,매출채권회전율,재고자산회전율,총자본회전율,유형자산회전율,매출원가율,부채비율,유동비율,자기자본비율,당좌비율,비유동자산장기적합률,순운전자본비율,차입금의존도,현금비율,유형자산,무형자산,무형자산상각비,유형자산상각비,감가상각비,총자본영업이익률,총자본순이익률,유보액/납입자본비율,총자본투자효율
036190,금화피에스시,2020,Q1,0,2.7156775979493575,1.4775672316588604,,,,3.7791029887736296,12.41293235086903,0.7930741531816483,1.1556470345510064,35.99175517688973,0.1714052448125106,0.1714052448125106,87.58706764913097,22.43369651182118,384.7784953642408,81.6768609043384,382.2914997328406,414.60519981551676,47.76318026113831,1.2379991831492707,102.83955274855683,24266701922.0,2570346941.0,,,,1.1518536794842844,0.6477580729624346,7812.366999,0.0064775807296243455
