stock_code,corp_name,year,quarter,label,총자산증가율,유동자산증가율,매출액증가율,순이익증가율,영업이익증가율,매출액순이익률,매출총이익률,자기자본순이익률,매출채권회전율,재고자산회전율,총자본회전율,유형자산회전율,매출원가율,부채비율,유동비율,자기자본비율,당좌비율,비유동자산장기적합률,순운전자본비율,차입금의존도,현금비율,유형자산,무형자산,무형자산상각비,유형자산상각비,감가상각비,총자본영업이익률,총자본순이익률,유보액/납입자본비율,총자본투자효율
036190,금화피에스시,2019,Q1,0,3.0550780699747397,-1.9259795912291595,,,,-0.49327723928193,20.671636927903688,-0.1020821255647068,1.2455923023032347,18.753221945015504,0.16788202618666545,0.16788202618666545,79.32836307209631,23.269156861896835,387.90281908482245,81.12329356810142,383.63414657029693,38.9246112535497,47.897172991828214,2.0064068144152842,68.25921615886618,25227531283.0,2559907084.0,,,,2.532490654059853,-0.08281238240241501,7219.828226233333,-0.0008281238240241501
