stock_code,corp_name,year,quarter,label,총자산증가율,유동자산증가율,매출액증가율,순이익증가율,영업이익증가율,매출액순이익률,매출총이익률,자기자본순이익률,매출채권회전율,재고자산회전율,총자본회전율,유형자산회전율,매출원가율,부채비율,유동비율,자기자본비율,당좌비율,비유동자산장기적합률,순운전자본비율,차입금의존도,현금비율,유형자산,무형자산,무형자산상각비,유형자산상각비,감가상각비,총자본영업이익률,총자본순이익률,유보액/납입자본비율,총자본투자효율
036190,금화피에스시,2022,Q1,0,1.35840299720547,3.5995183875428034,,,,1.280884783408198,14.17285915646081,0.23234828422636897,1.3222610098979162,49.950804646174475,0.1573562277002442,0.1573562277002442,85.82714084353918,15.277743740579927,531.019949997262,86.74701356494204,528.4051582626053,39.16370356442641,44.5683299809386,1.1664719472967024,82.19839116309487,27408785620.0,8207543849.0,,,,1.120730484814847,0.20155519763575838,8989.629376833334,0.0020155519763575837
