stock_code,corp_name,year,quarter,label,총자산증가율,유동자산증가율,매출액증가율,순이익증가율,영업이익증가율,매출액순이익률,매출총이익률,자기자본순이익률,매출채권회전율,재고자산회전율,총자본회전율,유형자산회전율,매출원가율,부채비율,유동비율,자기자본비율,당좌비율,비유동자산장기적합률,순운전자본비율,차입금의존도,현금비율,유형자산,무형자산,무형자산상각비,유형자산상각비,감가상각비,총자본영업이익률,총자본순이익률,유보액/납입자본비율,총자본투자효율
036630,세종텔레콤,2020,Q1,0,-11.060666827155826,-27.6675438824182,,,,-46.65084832844072,64.45866107030692,-10.38858368459807,1.4199813682855758,4.704071646890054,0.17039154164906048,0.17039154164906048,35.54133892969309,30.691927939032134,259.36550833354573,76.51581974263173,251.61699079658274,120.68442020425532,26.47790388201752,0.6513211409145245,22.578047944652305,127462731021.0,6965911622.0,,,,-0.019936476624627292,-7.948909965919511,0.17761511149025022,-0.07948909965919511
