stock_code,corp_name,year,quarter,label,총자산증가율,유동자산증가율,매출액증가율,순이익증가율,영업이익증가율,매출액순이익률,매출총이익률,자기자본순이익률,매출채권회전율,재고자산회전율,총자본회전율,유형자산회전율,매출원가율,부채비율,유동비율,자기자본비율,당좌비율,비유동자산장기적합률,순운전자본비율,차입금의존도,현금비율,유형자산,무형자산,무형자산상각비,유형자산상각비,감가상각비,총자본영업이익률,총자본순이익률,유보액/납입자본비율,총자본투자효율
036630,세종텔레콤,2022,Q1,0,-5.06469406939253,-8.0636668861915,,,,-1.8420088382248567,51.47195566597177,-0.41768690442255507,2.1966180802232786,1.896362435982767,0.1768695307923608,0.1768695307923608,48.52804433402823,28.205343267604615,451.85673292629025,77.99986915620885,419.7965213103092,64.19985942867332,49.67340725406319,0.9634634690722692,64.11686668984254,78735489693.0,12258864946.0,,,,-0.09483493740242975,-0.325795238932212,26.0035956456108,-0.0032579523893221203
