stock_code,corp_name,year,quarter,label,총자산증가율,유동자산증가율,매출액증가율,순이익증가율,영업이익증가율,매출액순이익률,매출총이익률,자기자본순이익률,매출채권회전율,재고자산회전율,총자본회전율,유형자산회전율,매출원가율,부채비율,유동비율,자기자본비율,당좌비율,비유동자산장기적합률,순운전자본비율,차입금의존도,현금비율,유형자산,무형자산,무형자산상각비,유형자산상각비,감가상각비,총자본영업이익률,총자본순이익률,유보액/납입자본비율,총자본투자효율
036800,나이스정보통신,2020,Q1,0,-6.025659651832458,-6.201712868310942,,,,4.21063821113796,21.645850303841467,2.1252953916760906,0.45181441804048594,12.438992171031938,0.1938415976007305,0.1938415976007305,78.35414969615854,160.3900546213924,141.36533757349227,38.403924506794304,139.36425119776453,,25.240300769579388,0.01714012425270582,38.89252545788647,10231926330.0,11438632319.0,1351556228.0,2961705387.0,4313261615.0,0.9539428603424644,0.8161968377656641,4520.73420542,0.00816196837765664
