stock_code,corp_name,year,quarter,label,총자산증가율,유동자산증가율,매출액증가율,순이익증가율,영업이익증가율,매출액순이익률,매출총이익률,자기자본순이익률,매출채권회전율,재고자산회전율,총자본회전율,유형자산회전율,매출원가율,부채비율,유동비율,자기자본비율,당좌비율,비유동자산장기적합률,순운전자본비율,차입금의존도,현금비율,유형자산,무형자산,무형자산상각비,유형자산상각비,감가상각비,총자본영업이익률,총자본순이익률,유보액/납입자본비율,총자본투자효율
036810,에프에스티,2019,Q1,0,16.414762755575985,4.517016624146284,,,,17.81269955847502,40.021190646825,5.452445715318748,1.28881869415666,1.2504281180435615,0.18422594721095717,0.18422594721095717,59.978809353175,66.15400323335464,128.75607158403466,60.18512828701167,97.10420572498882,8.141336532437238,8.02823630233847,25.78720895098414,40.542953320732295,88330051484.0,2215215370.0,,,,3.0110235452152785,3.2815614485442595,944.7561730675195,0.032815614485442596
