stock_code,corp_name,year,quarter,label,총자산증가율,유동자산증가율,매출액증가율,순이익증가율,영업이익증가율,매출액순이익률,매출총이익률,자기자본순이익률,매출채권회전율,재고자산회전율,총자본회전율,유형자산회전율,매출원가율,부채비율,유동비율,자기자본비율,당좌비율,비유동자산장기적합률,순운전자본비율,차입금의존도,현금비율,유형자산,무형자산,무형자산상각비,유형자산상각비,감가상각비,총자본영업이익률,총자본순이익률,유보액/납입자본비율,총자본투자효율
036800,나이스정보통신,2019,Q1,0,-1.858642527133824,-1.900710892086341,,,,6.958126602329949,24.650851626214184,3.478365730877587,0.4682510548466053,12.760472560715682,0.19562768130046548,0.19562768130046548,75.34914837378581,155.5363045128429,140.1201309551875,39.13338270686862,138.21035066095595,,24.267264942270454,0.0,47.564616250525674,11306685256.0,13979396496.0,1421126486.0,2401653058.0,3822779544.0,1.2874439183131956,1.3612021734088942,4040.54040856,0.01361202173408894
