stock_code,corp_name,year,quarter,label,총자산증가율,유동자산증가율,매출액증가율,순이익증가율,영업이익증가율,매출액순이익률,매출총이익률,자기자본순이익률,매출채권회전율,재고자산회전율,총자본회전율,유형자산회전율,매출원가율,부채비율,유동비율,자기자본비율,당좌비율,비유동자산장기적합률,순운전자본비율,차입금의존도,현금비율,유형자산,무형자산,무형자산상각비,유형자산상각비,감가상각비,총자본영업이익률,총자본순이익률,유보액/납입자본비율,총자본투자효율
036810,에프에스티,2020,Q1,0,4.117379448881575,11.123940880586574,,,,15.817606097793904,36.487452808940226,5.719717204442501,2.151909122845714,1.0976125146545064,0.22641417728761368,0.22641417728761368,63.512547191059774,59.70929155271064,130.68250358855693,62.613764689448814,83.92126217028095,10.535074871684145,8.596444414262555,21.833850358005748,31.06276062080497,99634127898.0,1945062241.0,,,,4.011575072373456,3.5813302712915482,1127.9336111026819,0.03581330271291548
