stock_code,corp_name,year,quarter,label,총자산증가율,유동자산증가율,매출액증가율,순이익증가율,영업이익증가율,매출액순이익률,매출총이익률,자기자본순이익률,매출채권회전율,재고자산회전율,총자본회전율,유형자산회전율,매출원가율,부채비율,유동비율,자기자본비율,당좌비율,비유동자산장기적합률,순운전자본비율,차입금의존도,현금비율,유형자산,무형자산,무형자산상각비,유형자산상각비,감가상각비,총자본영업이익률,총자본순이익률,유보액/납입자본비율,총자본투자효율
036810,에프에스티,2022,Q1,0,-0.707541928583054,-5.033430280330001,,,,0.06923947269622671,39.937188630080854,0.014842952101120733,1.893274113279332,0.5643052203964926,0.1283104211045054,0.1283104211045054,60.062811369919146,67.07235867525982,138.7356016683718,59.85430551942525,75.96737266777446,39.05314176355177,8.427988797070645,12.899186511000071,37.92562139718236,183004281971.0,5974997168.0,,,,0.36798346870569426,0.008884145898706754,1820.1934529309447,8.884145898706754e-05
