stock_code,corp_name,year,quarter,label,총자산증가율,유동자산증가율,매출액증가율,순이익증가율,영업이익증가율,매출액순이익률,매출총이익률,자기자본순이익률,매출채권회전율,재고자산회전율,총자본회전율,유형자산회전율,매출원가율,부채비율,유동비율,자기자본비율,당좌비율,비유동자산장기적합률,순운전자본비율,차입금의존도,현금비율,유형자산,무형자산,무형자산상각비,유형자산상각비,감가상각비,총자본영업이익률,총자본순이익률,유보액/납입자본비율,총자본투자효율
036800,나이스정보통신,2022,Q1,0,-2.845108034705683,-2.628556197408114,,,,4.724954262321633,14.80039704743874,2.975687268921568,0.49740751167186437,14.483756747667421,0.2211422682175516,0.2211422682175516,85.19960295256126,184.78552955287486,129.5129751374389,35.11414367050326,127.49629888838008,,19.037280842998232,0.001253995088970338,43.13920049881632,13179705383.0,30225302589.0,1646311074.0,1118364328.0,2764675402.0,1.342182366083093,1.044887102793994,5490.35553154,0.01044887102793994
