stock_code,corp_name,year,quarter,label,총자산증가율,유동자산증가율,매출액증가율,순이익증가율,영업이익증가율,매출액순이익률,매출총이익률,자기자본순이익률,매출채권회전율,재고자산회전율,총자본회전율,유형자산회전율,매출원가율,부채비율,유동비율,자기자본비율,당좌비율,비유동자산장기적합률,순운전자본비율,차입금의존도,현금비율,유형자산,무형자산,무형자산상각비,유형자산상각비,감가상각비,총자본영업이익률,총자본순이익률,유보액/납입자본비율,총자본투자효율
037330,인지디스플레,2020,Q1,0,2.4692862585359516,-0.5645604160470936,,,,2.1646223515861998,9.50702058129815,1.7621149808195926,2.5430891191564924,5.804031641303126,0.34783840997833587,0.34783840997833587,90.49297941870185,134.03163549135235,64.61167926179358,42.72926597724652,54.171257831782704,20.04936469344347,-18.382500162604913,31.428578790323346,7.422857587273859,233353665598.0,10421595806.0,,,,1.3517759889055598,0.7529387969793101,566.9058898822072,0.007529387969793101
