stock_code,corp_name,year,quarter,label,총자산증가율,유동자산증가율,매출액증가율,순이익증가율,영업이익증가율,매출액순이익률,매출총이익률,자기자본순이익률,매출채권회전율,재고자산회전율,총자본회전율,유형자산회전율,매출원가율,부채비율,유동비율,자기자본비율,당좌비율,비유동자산장기적합률,순운전자본비율,차입금의존도,현금비율,유형자산,무형자산,무형자산상각비,유형자산상각비,감가상각비,총자본영업이익률,총자본순이익률,유보액/납입자본비율,총자본투자효율
037330,인지디스플레,2022,Q1,0,6.84858721666478,19.229218702388952,,,,1.0426670116803405,5.661855203888665,1.1132942584683478,2.5145666933273803,3.7858747348218773,0.4192960790932432,0.4192960790932432,94.33814479611134,154.6499144870468,75.13702450605626,39.26959889283083,55.62212472318894,11.482916306589699,-13.31155126624036,34.67776705607879,6.838330225671332,249633509805.0,1503885624.0,,,,0.7148669002924918,0.43718618979743556,627.8004965179168,0.004371861897974356
