stock_code,corp_name,year,quarter,label,총자산증가율,유동자산증가율,매출액증가율,순이익증가율,영업이익증가율,매출액순이익률,매출총이익률,자기자본순이익률,매출채권회전율,재고자산회전율,총자본회전율,유형자산회전율,매출원가율,부채비율,유동비율,자기자본비율,당좌비율,비유동자산장기적합률,순운전자본비율,차입금의존도,현금비율,유형자산,무형자산,무형자산상각비,유형자산상각비,감가상각비,총자본영업이익률,총자본순이익률,유보액/납입자본비율,총자본투자효율
037330,인지디스플레,2019,Q1,0,6.178126036403879,14.83118076570326,,,,3.571392157369381,9.390425201899296,2.2289944122639818,2.8702829959868263,7.118095768577372,0.3809969085857327,0.3809969085857327,90.6095747981007,63.813612369596754,135.48184064669783,61.044987991827995,120.55421989721222,,11.527822097430542,0.0,33.90383385367952,116364498332.0,5412069764.0,,,,1.633189958406039,1.3606893713050647,689.9355760358931,0.013606893713050646
