stock_code,corp_name,year,quarter,label,총자산증가율,유동자산증가율,매출액증가율,순이익증가율,영업이익증가율,매출액순이익률,매출총이익률,자기자본순이익률,매출채권회전율,재고자산회전율,총자본회전율,유형자산회전율,매출원가율,부채비율,유동비율,자기자본비율,당좌비율,비유동자산장기적합률,순운전자본비율,차입금의존도,현금비율,유형자산,무형자산,무형자산상각비,유형자산상각비,감가상각비,총자본영업이익률,총자본순이익률,유보액/납입자본비율,총자본투자효율
037950,엘컴텍,2022,Q1,0,4.724665178915412,20.764635819199377,,,,20.360822068666756,29.716135329256176,3.5899526704486573,2.1479257853870917,1.9394403753124652,0.1524195800867585,0.1524195800867585,70.28386467074382,15.678501314431198,387.7895917588703,86.44648648082436,312.600979571082,17.329408590195246,21.141849477478694,4.126618811706073,187.535054306413,29650099221.0,377570506.0,,,,2.707123701486813,3.103387949927392,5.589988530036034,0.03103387949927392
