stock_code,corp_name,year,quarter,label,총자산증가율,유동자산증가율,매출액증가율,순이익증가율,영업이익증가율,매출액순이익률,매출총이익률,자기자본순이익률,매출채권회전율,재고자산회전율,총자본회전율,유형자산회전율,매출원가율,부채비율,유동비율,자기자본비율,당좌비율,비유동자산장기적합률,순운전자본비율,차입금의존도,현금비율,유형자산,무형자산,무형자산상각비,유형자산상각비,감가상각비,총자본영업이익률,총자본순이익률,유보액/납입자본비율,총자본투자효율
037950,엘컴텍,2020,Q1,0,1.069114584764849,7.608849107335517,,,,-6.939748258679108,14.025629273889662,-0.8541397608268004,1.3734056927383431,1.4480513703998477,0.10207068795705447,0.10207068795705447,85.97437072611034,20.582471354628474,153.38440382072096,82.93079323768691,107.73002518184359,23.09162756736917,7.0862756074561855,6.978653180677375,44.11464745598858,36050734470.0,8749577748.0,,,,-0.8163176887338695,-0.7083448790121474,7.365518764381935,-0.007083448790121474
