stock_code,corp_name,year,quarter,label,총자산증가율,유동자산증가율,매출액증가율,순이익증가율,영업이익증가율,매출액순이익률,매출총이익률,자기자본순이익률,매출채권회전율,재고자산회전율,총자본회전율,유형자산회전율,매출원가율,부채비율,유동비율,자기자본비율,당좌비율,비유동자산장기적합률,순운전자본비율,차입금의존도,현금비율,유형자산,무형자산,무형자산상각비,유형자산상각비,감가상각비,총자본영업이익률,총자본순이익률,유보액/납입자본비율,총자본투자효율
037950,엘컴텍,2019,Q1,0,1.6852537584385314,-1.980320427306206,,,,3.7560264329959216,30.532443637676366,0.33773127751921117,1.4973131200156422,1.3539898496157008,0.07898501514985642,0.07898501514985642,69.46755636232363,13.840799485956715,163.0424658234076,87.84196918112464,122.82261369923668,45.05426994759783,6.351905692670362,4.2744028353902195,49.09132527109522,36187970422.0,10054136796.0,,,,-0.26483143023851774,0.296669804713444,13.641377518740367,0.0029666980471344403
