stock_code,corp_name,year,quarter,label,총자산증가율,유동자산증가율,매출액증가율,순이익증가율,영업이익증가율,매출액순이익률,매출총이익률,자기자본순이익률,매출채권회전율,재고자산회전율,총자본회전율,유형자산회전율,매출원가율,부채비율,유동비율,자기자본비율,당좌비율,비유동자산장기적합률,순운전자본비율,차입금의존도,현금비율,유형자산,무형자산,무형자산상각비,유형자산상각비,감가상각비,총자본영업이익률,총자본순이익률,유보액/납입자본비율,총자본투자효율
038460,바이오스마트,2022,Q1,0,3.615436444452998,7.08260656315055,,,,1.4734986766503122,21.21181848569388,1.4708164703080577,2.11920844209422,1.263621307403818,0.3972379381209792,0.3972379381209792,78.78818151430612,151.28005319944847,118.70632498092463,39.796234809225794,64.69216021018337,5.107354369868006,8.577795050116777,28.111330075722513,11.649804688852342,52691068849.0,8030612884.0,72809215.0,1678478797.0,1751288012.0,1.491399266229601,0.5853295761365614,916.1854935931261,0.005853295761365614
