stock_code,corp_name,year,quarter,label,총자산증가율,유동자산증가율,매출액증가율,순이익증가율,영업이익증가율,매출액순이익률,매출총이익률,자기자본순이익률,매출채권회전율,재고자산회전율,총자본회전율,유형자산회전율,매출원가율,부채비율,유동비율,자기자본비율,당좌비율,비유동자산장기적합률,순운전자본비율,차입금의존도,현금비율,유형자산,무형자산,무형자산상각비,유형자산상각비,감가상각비,총자본영업이익률,총자본순이익률,유보액/납입자본비율,총자본투자효율
038460,바이오스마트,2019,Q1,0,8.443989463280362,11.396736173504383,,,,7.865953927143095,36.85327479172647,3.336021641705921,1.5041548504111606,0.6571030937376856,0.23578701503423924,0.23578701503423924,63.14672520827352,79.86952035437884,140.24752413715856,55.595856264574486,70.81475577740957,,13.13445006203919,11.712386703520512,11.664335099193194,20794635609.0,15073833307.0,55990755.0,538693483.0,594684238.0,1.6473565552874145,1.854689796877922,728.2642022549745,0.01854689796877922
