stock_code,corp_name,year,quarter,label,총자산증가율,유동자산증가율,매출액증가율,순이익증가율,영업이익증가율,매출액순이익률,매출총이익률,자기자본순이익률,매출채권회전율,재고자산회전율,총자본회전율,유형자산회전율,매출원가율,부채비율,유동비율,자기자본비율,당좌비율,비유동자산장기적합률,순운전자본비율,차입금의존도,현금비율,유형자산,무형자산,무형자산상각비,유형자산상각비,감가상각비,총자본영업이익률,총자본순이익률,유보액/납입자본비율,총자본투자효율
038460,바이오스마트,2020,Q1,0,-2.078096160224528,-4.072933563535045,,,,2.1840824631213125,37.27222229066475,0.9137833360224393,1.6310416759218598,0.753865596346787,0.23878135170607545,0.23878135170607545,62.72777770933524,75.21601379107442,161.64631172025648,57.072408986109494,102.80609605585724,11.404334761048904,20.816093318190248,13.593595292278446,23.24148297452281,26035915537.0,16797879965.0,72860878.0,1246275989.0,1319136867.0,1.1417473319546345,0.5215181627816418,946.6914437335075,0.005215181627816417
