stock_code,corp_name,year,quarter,label,총자산증가율,유동자산증가율,매출액증가율,순이익증가율,영업이익증가율,매출액순이익률,매출총이익률,자기자본순이익률,매출채권회전율,재고자산회전율,총자본회전율,유형자산회전율,매출원가율,부채비율,유동비율,자기자본비율,당좌비율,비유동자산장기적합률,순운전자본비율,차입금의존도,현금비율,유형자산,무형자산,무형자산상각비,유형자산상각비,감가상각비,총자본영업이익률,총자본순이익률,유보액/납입자본비율,총자본투자효율
038880,아이에이,2022,Q1,0,2.2143231557738345,16.59006919706943,,,,6.11625763252553,17.638911252040085,1.0550334982858462,1.1472114425037627,2.1491148905065702,0.12057570303568255,0.12057570303568255,82.36108874795991,43.06080864663154,201.8276905456486,69.90034583615822,176.73458062407977,410.87725042814606,18.751398074984703,8.666290146431235,67.96114516955124,29446748727.0,4521239288.0,,,,0.26160217765424626,0.737472063989125,213.5375131861662,0.007374720639891251
