stock_code,corp_name,year,quarter,label,총자산증가율,유동자산증가율,매출액증가율,순이익증가율,영업이익증가율,매출액순이익률,매출총이익률,자기자본순이익률,매출채권회전율,재고자산회전율,총자본회전율,유형자산회전율,매출원가율,부채비율,유동비율,자기자본비율,당좌비율,비유동자산장기적합률,순운전자본비율,차입금의존도,현금비율,유형자산,무형자산,무형자산상각비,유형자산상각비,감가상각비,총자본영업이익률,총자본순이익률,유보액/납입자본비율,총자본투자효율
038880,아이에이,2020,Q1,0,2.720038499109443,-18.31842679397601,,,,16.129238537678688,33.249024661707,3.7170983461528007,1.958620714944199,1.895384053120613,0.12986999243562872,0.12986999243562872,66.750975338293,77.4521933400111,39.99205801944639,56.353205963700226,29.061275588437702,112.23166820467281,-25.10884242291988,11.885056417027991,0.29714366679749166,22321019355.0,4180418893.0,,,,1.971968193794011,2.0947040868807822,135.17141207969786,0.020947040868807824
