stock_code,corp_name,year,quarter,label,총자산증가율,유동자산증가율,매출액증가율,순이익증가율,영업이익증가율,매출액순이익률,매출총이익률,자기자본순이익률,매출채권회전율,재고자산회전율,총자본회전율,유형자산회전율,매출원가율,부채비율,유동비율,자기자본비율,당좌비율,비유동자산장기적합률,순운전자본비율,차입금의존도,현금비율,유형자산,무형자산,무형자산상각비,유형자산상각비,감가상각비,총자본영업이익률,총자본순이익률,유보액/납입자본비율,총자본투자효율
038880,아이에이,2019,Q1,0,-4.808304326855796,-17.67266157758756,,,,24.104895296451932,18.07361772341603,8.090145039707847,1.444920300423354,1.3397606970579203,0.15079611288849576,0.15079611288849576,81.92638227658396,122.56707154044817,60.92572258361092,44.930276211962706,38.25613520959627,9.69117593930508,-15.894030107831513,22.783084476978672,1.4926094007459714,40812027584.0,21017654304.0,,,,-0.9376837957126075,3.6349245122891367,82.65739538958631,0.036349245122891366
