stock_code,corp_name,year,quarter,label,총자산증가율,유동자산증가율,매출액증가율,순이익증가율,영업이익증가율,매출액순이익률,매출총이익률,자기자본순이익률,매출채권회전율,재고자산회전율,총자본회전율,유형자산회전율,매출원가율,부채비율,유동비율,자기자본비율,당좌비율,비유동자산장기적합률,순운전자본비율,차입금의존도,현금비율,유형자산,무형자산,무형자산상각비,유형자산상각비,감가상각비,총자본영업이익률,총자본순이익률,유보액/납입자본비율,총자본투자효율
039420,케이엘넷,2022,Q1,0,0.5912310341759344,-0.5575221414419809,,,,20.912974614823955,37.79821551070388,4.765618907755481,5.375663219801583,,0.19434513377339824,0.19434513377339824,62.20178448929612,17.254583706115774,401.8390180396156,85.28451241670665,401.8390180396156,,32.057259019480256,0.0,101.14022427460434,15468053837.0,1802654087.0,23770090.0,353546522.0,377316612.0,3.997599008972396,4.064334849117643,309.76941422239037,0.04080747748164949
