stock_code,corp_name,year,quarter,label,총자산증가율,유동자산증가율,매출액증가율,순이익증가율,영업이익증가율,매출액순이익률,매출총이익률,자기자본순이익률,매출채권회전율,재고자산회전율,총자본회전율,유형자산회전율,매출원가율,부채비율,유동비율,자기자본비율,당좌비율,비유동자산장기적합률,순운전자본비율,차입금의존도,현금비율,유형자산,무형자산,무형자산상각비,유형자산상각비,감가상각비,총자본영업이익률,총자본순이익률,유보액/납입자본비율,총자본투자효율
039420,케이엘넷,2020,Q1,0,-2.7551150845245354,-6.821863594053062,,,,-0.08410499313888206,28.723440591744186,-0.017704904221237744,3.327487256993734,,0.16955359839188108,0.16955359839188108,71.2765594082558,24.155164829575707,266.58637739402866,80.5443737578434,266.58637739402866,,20.496836156660013,0.0,102.2928497244338,15016911495.0,1907630904.0,13774933.0,427100970.0,440875903.0,-0.13298708203581266,-0.014260304229421922,240.27529957072588,0.0014383204231811152
