stock_code,corp_name,year,quarter,label,총자산증가율,유동자산증가율,매출액증가율,순이익증가율,영업이익증가율,매출액순이익률,매출총이익률,자기자본순이익률,매출채권회전율,재고자산회전율,총자본회전율,유형자산회전율,매출원가율,부채비율,유동비율,자기자본비율,당좌비율,비유동자산장기적합률,순운전자본비율,차입금의존도,현금비율,유형자산,무형자산,무형자산상각비,유형자산상각비,감가상각비,총자본영업이익률,총자본순이익률,유보액/납입자본비율,총자본투자효율
039420,케이엘넷,2019,Q1,0,1.9906953236980365,6.067338150560941,,,,11.802013255397934,35.40540624967823,2.660949169726522,2.047879991153862,57.715008266666665,0.18789693958722425,0.18789693958722425,64.59459375032178,19.994343506412942,263.48542146125334,83.3372616390502,261.82584247901923,,20.7161105853474,0.0,74.63762154338805,14298136632.0,1906915857.0,13600753.0,445540708.0,459141461.0,2.278210437781894,2.217562171657126,225.04754892313014,0.023295932270617967
