stock_code,corp_name,year,quarter,label,총자산증가율,유동자산증가율,매출액증가율,순이익증가율,영업이익증가율,매출액순이익률,매출총이익률,자기자본순이익률,매출채권회전율,재고자산회전율,총자본회전율,유형자산회전율,매출원가율,부채비율,유동비율,자기자본비율,당좌비율,비유동자산장기적합률,순운전자본비율,차입금의존도,현금비율,유형자산,무형자산,무형자산상각비,유형자산상각비,감가상각비,총자본영업이익률,총자본순이익률,유보액/납입자본비율,총자본투자효율
042370,비츠로테크,2020,Q1,0,2.116300363626554,5.524769696999394,,,,9.923720028806402,19.84593639820936,2.9720443760695088,1.0110097854980868,1.3672799056715865,0.2004888963158539,0.2004888963158539,80.15406360179064,49.379314201155104,165.63746555587804,66.94367324871996,122.1817066353286,138.11568406856156,17.752638239184613,0.3996711918011122,23.969720537839585,149788241104.0,47438328133.0,648181227.0,3347215279.0,3995396506.0,1.9626869306574948,1.9895956759229294,1298.917212887449,0.019895956759229293
