stock_code,corp_name,year,quarter,label,총자산증가율,유동자산증가율,매출액증가율,순이익증가율,영업이익증가율,매출액순이익률,매출총이익률,자기자본순이익률,매출채권회전율,재고자산회전율,총자본회전율,유형자산회전율,매출원가율,부채비율,유동비율,자기자본비율,당좌비율,비유동자산장기적합률,순운전자본비율,차입금의존도,현금비율,유형자산,무형자산,무형자산상각비,유형자산상각비,감가상각비,총자본영업이익률,총자본순이익률,유보액/납입자본비율,총자본투자효율
042370,비츠로테크,2022,Q1,0,1.3143913218282899,3.225105505718351,,,,3.1963865667673113,14.6812662799751,0.6596377084215944,0.7397252445500005,0.928471027757305,0.14043689408822074,0.14043689408822074,85.3187337200249,46.94843373008649,251.05784227610698,68.05108258838544,192.28769123189394,60.72683978167178,33.16986704264871,0.7389112485385378,50.77828492945545,151300013058.0,45009595286.0,412477643.0,3641440204.0,4053917847.0,0.368619907610959,0.44889060174211237,1472.8500337003495,0.0044889060174211235
