stock_code,corp_name,year,quarter,label,총자산증가율,유동자산증가율,매출액증가율,순이익증가율,영업이익증가율,매출액순이익률,매출총이익률,자기자본순이익률,매출채권회전율,재고자산회전율,총자본회전율,유형자산회전율,매출원가율,부채비율,유동비율,자기자본비율,당좌비율,비유동자산장기적합률,순운전자본비율,차입금의존도,현금비율,유형자산,무형자산,무형자산상각비,유형자산상각비,감가상각비,총자본영업이익률,총자본순이익률,유보액/납입자본비율,총자본투자효율
042370,비츠로테크,2019,Q1,0,4.7295508118638,9.274398012907612,,,,7.528895379546054,21.614764136793738,2.3867487597290795,0.9330221936609321,1.2375347571321718,0.19875168731572995,0.19875168731572995,78.38523586320626,59.50144391983835,161.1000693891624,62.69535719705311,112.21094165483446,94.510245001621,15.733201440539837,0.6191594072907619,13.587078426211358,149547031109.0,48905420093.0,720646728.0,2722815462.0,3443462190.0,2.143314406074264,1.4963806603083813,1159.4212601995189,0.014963806603083813
