stock_code,corp_name,year,quarter,label,총자산증가율,유동자산증가율,매출액증가율,순이익증가율,영업이익증가율,매출액순이익률,매출총이익률,자기자본순이익률,매출채권회전율,재고자산회전율,총자본회전율,유형자산회전율,매출원가율,부채비율,유동비율,자기자본비율,당좌비율,비유동자산장기적합률,순운전자본비율,차입금의존도,현금비율,유형자산,무형자산,무형자산상각비,유형자산상각비,감가상각비,총자본영업이익률,총자본순이익률,유보액/납입자본비율,총자본투자효율
042600,새로닉스,2020,Q1,0,-0.2721412173453023,-2.0028100108958156,,,,0.7801043646353147,9.664306909668621,0.35214292815344417,1.698870562781661,2.7635634675465455,0.2811561299701921,0.2811561299701921,90.33569309033138,60.55310414528833,186.85351630169524,62.28468800547613,148.06032956210194,39.99513835234976,20.57640234979789,13.708618866514572,52.33706230040325,32936084941.0,210618619.0,9682161.0,1037865038.0,1047547199.0,-0.026420640608481,0.21933112413372066,1126.6195631949388,0.0021933112413372066
