stock_code,corp_name,year,quarter,label,총자산증가율,유동자산증가율,매출액증가율,순이익증가율,영업이익증가율,매출액순이익률,매출총이익률,자기자본순이익률,매출채권회전율,재고자산회전율,총자본회전율,유형자산회전율,매출원가율,부채비율,유동비율,자기자본비율,당좌비율,비유동자산장기적합률,순운전자본비율,차입금의존도,현금비율,유형자산,무형자산,무형자산상각비,유형자산상각비,감가상각비,총자본영업이익률,총자본순이익률,유보액/납입자본비율,총자본투자효율
042600,새로닉스,2019,Q1,0,-6.077163096793686,-10.806496953751092,,,,-2.387668917044662,7.0305481439266275,-1.10786287680327,1.3898614081995366,2.9172711747649664,0.29508377534669517,0.29508377534669517,92.96945185607338,57.241280877638566,164.01233006429356,63.59653103933797,129.11010912342724,42.447635135418466,17.247230730899112,16.07078676854381,29.905894684278568,29457943042.0,268115605.0,21533283.0,782101966.0,803635249.0,-0.44953897058802594,-0.704562358319494,1090.9114130442656,-0.007045623583194939
