stock_code,corp_name,year,quarter,label,총자산증가율,유동자산증가율,매출액증가율,순이익증가율,영업이익증가율,매출액순이익률,매출총이익률,자기자본순이익률,매출채권회전율,재고자산회전율,총자본회전율,유형자산회전율,매출원가율,부채비율,유동비율,자기자본비율,당좌비율,비유동자산장기적합률,순운전자본비율,차입금의존도,현금비율,유형자산,무형자산,무형자산상각비,유형자산상각비,감가상각비,총자본영업이익률,총자본순이익률,유보액/납입자본비율,총자본투자효율
042600,새로닉스,2022,Q1,0,22.064169257818023,4.3497106413504,,,,29.268743083020222,6.965790822962072,9.948722803738832,1.3842859771514968,1.8165130092998842,0.1775937295682523,0.1775937295682523,93.03420917703792,91.39722211264113,73.27822178143609,52.24736226377831,45.856811636944755,74.0116031019564,-8.863543004759027,24.57466995285757,5.600708416476969,31409944667.0,153300000.0,,1266053044.0,1266053044.0,-0.07864280523923434,5.197945243888548,2167.948951823364,0.051979452438885486
