stock_code,corp_name,year,quarter,label,총자산증가율,유동자산증가율,매출액증가율,순이익증가율,영업이익증가율,매출액순이익률,매출총이익률,자기자본순이익률,매출채권회전율,재고자산회전율,총자본회전율,유형자산회전율,매출원가율,부채비율,유동비율,자기자본비율,당좌비율,비유동자산장기적합률,순운전자본비율,차입금의존도,현금비율,유형자산,무형자산,무형자산상각비,유형자산상각비,감가상각비,총자본영업이익률,총자본순이익률,유보액/납입자본비율,총자본투자효율
043260,성호전자,2019,Q1,0,4.2743148945698985,8.519789434676719,,,,0.24649603519440386,14.121404341384839,0.13385809732376122,0.9412222277585676,0.9497869220495309,0.25239882594368035,0.25239882594368035,85.87859565861517,115.15298658133383,106.81709058525335,46.47855537073719,60.57466682162569,34.150102524560204,3.3643762206382397,33.01262524960568,5.183140440148215,43727890338.0,3247767672.0,,,,0.30963963570150066,0.06221530988283964,-24.976971430704772,0.0006221530988283964
