stock_code,corp_name,year,quarter,label,총자산증가율,유동자산증가율,매출액증가율,순이익증가율,영업이익증가율,매출액순이익률,매출총이익률,자기자본순이익률,매출채권회전율,재고자산회전율,총자본회전율,유형자산회전율,매출원가율,부채비율,유동비율,자기자본비율,당좌비율,비유동자산장기적합률,순운전자본비율,차입금의존도,현금비율,유형자산,무형자산,무형자산상각비,유형자산상각비,감가상각비,총자본영업이익률,총자본순이익률,유보액/납입자본비율,총자본투자효율
043260,성호전자,2020,Q1,0,15.569592314058719,14.665349208359768,,,,-1.644613340407464,14.170497797123838,-0.7468829155888245,0.8786981746185021,0.939535820201811,0.17343500638248405,0.17343500638248405,85.82950220287616,161.8496248260294,93.99612776330885,38.189858040254634,64.75303777881844,108.496809058,-3.2528811296180913,32.66703659988025,10.186244763975353,42931354209.0,3128135438.0,,,,-1.0975797493031647,-0.28523352519028694,-56.92462610374396,-0.0028523352519028693
