stock_code,corp_name,year,quarter,label,총자산증가율,유동자산증가율,매출액증가율,순이익증가율,영업이익증가율,매출액순이익률,매출총이익률,자기자본순이익률,매출채권회전율,재고자산회전율,총자본회전율,유형자산회전율,매출원가율,부채비율,유동비율,자기자본비율,당좌비율,비유동자산장기적합률,순운전자본비율,차입금의존도,현금비율,유형자산,무형자산,무형자산상각비,유형자산상각비,감가상각비,총자본영업이익률,총자본순이익률,유보액/납입자본비율,총자본투자효율
043260,성호전자,2022,Q1,0,3.173727827955106,4.613920241272687,,,,-4.870502909664391,11.668830418520347,-1.5000927117255658,0.910471328252656,0.31860283622199287,0.1390407916384557,0.1390407916384557,88.33116958147966,121.51445019277345,234.54831335525114,45.1437817772045,92.4660927669563,63.77286005099749,36.50439012024435,15.7598903062358,20.418802307703345,36480190893.0,6255430753.0,,,,-0.4933620031867547,-0.677198580237139,21.350100031112966,-0.006771985802371389
