stock_code,corp_name,year,quarter,label,총자산증가율,유동자산증가율,매출액증가율,순이익증가율,영업이익증가율,매출액순이익률,매출총이익률,자기자본순이익률,매출채권회전율,재고자산회전율,총자본회전율,유형자산회전율,매출원가율,부채비율,유동비율,자기자본비율,당좌비율,비유동자산장기적합률,순운전자본비율,차입금의존도,현금비율,유형자산,무형자산,무형자산상각비,유형자산상각비,감가상각비,총자본영업이익률,총자본순이익률,유보액/납입자본비율,총자본투자효율
045300,성우테크론,2020,Q1,0,-2.393680445456385,-4.6244568878507195,,,,-18.812286236637483,17.484637792493736,-3.429226728379996,1.9103428782664944,363.34974684800954,0.12051845451602156,0.12051845451602156,82.51536220750626,51.25197985682952,132.36035244030938,66.11483703860071,132.27015751444833,,9.819619038278857,20.42927842353778,57.78736836042394,34962057006.0,150728489.0,791408.0,340774930.0,341566338.0,1.3499372728274088,-2.267227663152573,642.6432683203052,-0.021703672051839772
