stock_code,corp_name,year,quarter,label,총자산증가율,유동자산증가율,매출액증가율,순이익증가율,영업이익증가율,매출액순이익률,매출총이익률,자기자본순이익률,매출채권회전율,재고자산회전율,총자본회전율,유형자산회전율,매출원가율,부채비율,유동비율,자기자본비율,당좌비율,비유동자산장기적합률,순운전자본비율,차입금의존도,현금비율,유형자산,무형자산,무형자산상각비,유형자산상각비,감가상각비,총자본영업이익률,총자본순이익률,유보액/납입자본비율,총자본투자효율
045300,성우테크론,2022,Q1,0,0.43796597955784633,-1.3671350286580797,,,,18.745582702454644,20.679699185085664,3.4439515995763137,2.150355334289746,4.267357945448062,0.13268119631117975,0.13268119631117975,79.32030081491433,38.46777566480748,209.9028817052256,72.2189690127417,198.93274878404833,30.997833018666668,24.70767319996775,13.629586821796416,86.68761849600835,39718442278.0,298090462.0,,,,2.0028835892405015,2.48718633851184,869.1983527666196,0.0248718633851184
