stock_code,corp_name,year,quarter,label,총자산증가율,유동자산증가율,매출액증가율,순이익증가율,영업이익증가율,매출액순이익률,매출총이익률,자기자본순이익률,매출채권회전율,재고자산회전율,총자본회전율,유형자산회전율,매출원가율,부채비율,유동비율,자기자본비율,당좌비율,비유동자산장기적합률,순운전자본비율,차입금의존도,현금비율,유형자산,무형자산,무형자산상각비,유형자산상각비,감가상각비,총자본영업이익률,총자본순이익률,유보액/납입자본비율,총자본투자효율
045300,성우테크론,2019,Q1,0,2.004498710814974,7.698284543338155,,,,26.471730399505734,12.348251714511923,4.140357674687601,1.7026433898308506,,0.10481286208589605,0.10481286208589605,87.65174828548807,49.2247805627746,137.93960012008876,67.01299852669769,137.93960012008876,,11.249999727701136,20.982382105139095,37.50470652144588,35559997053.0,153894123.0,791408.0,415066771.0,415858179.0,0.5782688625098662,2.7745778275384168,645.9838780792653,0.029059010863280544
