stock_code,corp_name,year,quarter,label,총자산증가율,유동자산증가율,매출액증가율,순이익증가율,영업이익증가율,매출액순이익률,매출총이익률,자기자본순이익률,매출채권회전율,재고자산회전율,총자본회전율,유형자산회전율,매출원가율,부채비율,유동비율,자기자본비율,당좌비율,비유동자산장기적합률,순운전자본비율,차입금의존도,현금비율,유형자산,무형자산,무형자산상각비,유형자산상각비,감가상각비,총자본영업이익률,총자본순이익률,유보액/납입자본비율,총자본투자효율
049080,기가레인,2020,Q1,0,-8.694746727712864,10.774893064389355,,,,-18.454657676773543,5.471950347953602,-10.900389167639087,0.6643427235996696,1.1089300390225398,0.1494637987320571,0.1494637987320571,94.52804965204639,295.1845832944094,110.82165366673063,25.304630855374434,81.26714546718846,,4.66511613127877,30.96165113181572,25.33789474108697,46163008515.0,6167399679.0,,,,-2.3817341094476014,-2.7583032406702923,2.1363849765437832,-0.027583032406702925
