stock_code,corp_name,year,quarter,label,총자산증가율,유동자산증가율,매출액증가율,순이익증가율,영업이익증가율,매출액순이익률,매출총이익률,자기자본순이익률,매출채권회전율,재고자산회전율,총자본회전율,유형자산회전율,매출원가율,부채비율,유동비율,자기자본비율,당좌비율,비유동자산장기적합률,순운전자본비율,차입금의존도,현금비율,유형자산,무형자산,무형자산상각비,유형자산상각비,감가상각비,총자본영업이익률,총자본순이익률,유보액/납입자본비율,총자본투자효율
049080,기가레인,2022,Q1,0,-4.45957377908805,-8.044155876575243,,,,-18.303653176150657,1.8875304893385483,-3.6788362290386143,1.00972125955565,0.8908907010354628,0.12793449568307552,0.12793449568307552,98.11246951066146,57.10319423288991,201.54063603754247,63.652429530974345,149.5712304510915,12.049752040284469,27.52831142008883,10.95851713160545,81.28584713486238,35692917022.0,3964668366.0,,,,-2.776757776967875,-2.3416686382487577,34.061645152318356,-0.02341668638248758
