stock_code,corp_name,year,quarter,label,총자산증가율,유동자산증가율,매출액증가율,순이익증가율,영업이익증가율,매출액순이익률,매출총이익률,자기자본순이익률,매출채권회전율,재고자산회전율,총자본회전율,유형자산회전율,매출원가율,부채비율,유동비율,자기자본비율,당좌비율,비유동자산장기적합률,순운전자본비율,차입금의존도,현금비율,유형자산,무형자산,무형자산상각비,유형자산상각비,감가상각비,총자본영업이익률,총자본순이익률,유보액/납입자본비율,총자본투자효율
049080,기가레인,2019,Q1,0,-7.687279798194717,-11.725958697713468,,,,-44.13610343469184,-5.553164266061284,-9.76699171257727,0.40407515562625196,0.3564791310072761,0.08355890826714991,0.08355890826714991,105.55316426606129,164.83420324750205,117.58652909007327,37.759473200123075,61.53767642138752,10.051275439295676,7.76324534462036,29.834872070171727,4.852763442936517,56814566042.0,17166980695.0,,,,-3.2730821420905296,-3.6879646181688557,148.30645820372615,-0.036879646181688555
