stock_code,corp_name,year,quarter,label,총자산증가율,유동자산증가율,매출액증가율,순이익증가율,영업이익증가율,매출액순이익률,매출총이익률,자기자본순이익률,매출채권회전율,재고자산회전율,총자본회전율,유형자산회전율,매출원가율,부채비율,유동비율,자기자본비율,당좌비율,비유동자산장기적합률,순운전자본비율,차입금의존도,현금비율,유형자산,무형자산,무형자산상각비,유형자산상각비,감가상각비,총자본영업이익률,총자본순이익률,유보액/납입자본비율,총자본투자효율
049120,파인디앤씨,2019,Q1,0,-0.7765061948966967,-3.1450839489603597,,,,-13.465745180362083,-0.09024938794781967,-4.191867177240595,1.0394886440876556,4.01010066585449,0.14417438466893018,0.14417438466893018,100.09024938794782,115.91808256444187,75.11574921346234,46.31386070694402,66.38280506498016,38.08787698588235,-10.253886122082077,21.42034410693636,6.01836922280603,34549393706.0,1045467552.0,,,,-2.4526718223248802,-1.9414155254873153,48.434019550914854,-0.019414155254873153
