stock_code,corp_name,year,quarter,label,총자산증가율,유동자산증가율,매출액증가율,순이익증가율,영업이익증가율,매출액순이익률,매출총이익률,자기자본순이익률,매출채권회전율,재고자산회전율,총자본회전율,유형자산회전율,매출원가율,부채비율,유동비율,자기자본비율,당좌비율,비유동자산장기적합률,순운전자본비율,차입금의존도,현금비율,유형자산,무형자산,무형자산상각비,유형자산상각비,감가상각비,총자본영업이익률,총자본순이익률,유보액/납입자본비율,총자본투자효율
049120,파인디앤씨,2022,Q1,0,-1.2108862546329846,-2.166624001116325,,,,-14.951356713760033,1.2300579728104313,-5.031488360349049,2.7077217841773633,5.455349653399564,0.12308346096389783,0.12308346096389783,98.76994202718957,173.41111727760122,56.02111608662075,36.57495752027796,50.17948171013532,13.831663458551644,-16.7769009130964,20.70412896879186,5.458884831779569,24964964937.0,1003471098.0,,,,-1.1381345069985982,-1.840264730435395,-205.97261578939205,-0.01840264730435395
