stock_code,corp_name,year,quarter,label,총자산증가율,유동자산증가율,매출액증가율,순이익증가율,영업이익증가율,매출액순이익률,매출총이익률,자기자본순이익률,매출채권회전율,재고자산회전율,총자본회전율,유형자산회전율,매출원가율,부채비율,유동비율,자기자본비율,당좌비율,비유동자산장기적합률,순운전자본비율,차입금의존도,현금비율,유형자산,무형자산,무형자산상각비,유형자산상각비,감가상각비,총자본영업이익률,총자본순이익률,유보액/납입자본비율,총자본투자효율
049120,파인디앤씨,2020,Q1,0,-14.365046552976118,3.161711320153801,,,,-0.8775568943528517,9.906754925640348,-0.5070701115530085,1.1303570052625969,2.8552019776088646,0.21489953878687226,0.21489953878687226,90.09324507435966,168.87922430717273,76.89235785839726,37.19141940314366,63.34094431444027,12.54821429908046,-11.562770671848849,28.25870374968237,3.467877616007616,34471686173.0,1730038080.0,,,,-1.3962200827426405,-0.1885865718556678,23.556152152675285,-0.001885865718556678
