stock_code,corp_name,year,quarter,label,총자산증가율,유동자산증가율,매출액증가율,순이익증가율,영업이익증가율,매출액순이익률,매출총이익률,자기자본순이익률,매출채권회전율,재고자산회전율,총자본회전율,유형자산회전율,매출원가율,부채비율,유동비율,자기자본비율,당좌비율,비유동자산장기적합률,순운전자본비율,차입금의존도,현금비율,유형자산,무형자산,무형자산상각비,유형자산상각비,감가상각비,총자본영업이익률,총자본순이익률,유보액/납입자본비율,총자본투자효율
049520,유아이엘,2019,Q1,0,13.997060472579449,20.854437427015572,,,,2.9941447980140965,6.728814828159415,2.1537589911647523,1.7785097678580741,5.594422890472923,0.4788395618844199,0.4788395618844199,93.27118517184059,50.222255905287504,224.0043671416044,66.56803241128813,194.4979696927386,,33.550810808182085,0.0,65.63645108400713,80909951965.0,10819184024.0,,,,1.377268003212209,1.4337149832995848,1465.9725520079976,0.014337149832995848
