stock_code,corp_name,year,quarter,label,총자산증가율,유동자산증가율,매출액증가율,순이익증가율,영업이익증가율,매출액순이익률,매출총이익률,자기자본순이익률,매출채권회전율,재고자산회전율,총자본회전율,유형자산회전율,매출원가율,부채비율,유동비율,자기자본비율,당좌비율,비유동자산장기적합률,순운전자본비율,차입금의존도,현금비율,유형자산,무형자산,무형자산상각비,유형자산상각비,감가상각비,총자본영업이익률,총자본순이익률,유보액/납입자본비율,총자본투자효율
049520,유아이엘,2020,Q1,0,5.674895252488069,13.191186361860243,,,,0.45192289932269636,4.580850978611681,0.2280509996805325,2.236505730911055,4.973142419546318,0.3795261771512101,0.3795261771512101,95.41914902138832,32.96149708399058,366.07703176498063,75.20974281511805,316.1795501092915,,38.830692731644895,0.08249524697349202,125.51295329025751,87121601146.0,2891918188.0,,,,-0.3350631105643575,0.17151657034703416,1438.981973286172,0.0017151657034703417
