stock_code,corp_name,year,quarter,label,총자산증가율,유동자산증가율,매출액증가율,순이익증가율,영업이익증가율,매출액순이익률,매출총이익률,자기자본순이익률,매출채권회전율,재고자산회전율,총자본회전율,유형자산회전율,매출원가율,부채비율,유동비율,자기자본비율,당좌비율,비유동자산장기적합률,순운전자본비율,차입금의존도,현금비율,유형자산,무형자산,무형자산상각비,유형자산상각비,감가상각비,총자본영업이익률,총자본순이익률,유보액/납입자본비율,총자본투자효율
049520,유아이엘,2022,Q1,0,-1.5872022500744556,-2.876068918131378,,,,3.0043303420219867,6.4118548329066964,1.699631203501479,2.1555830983762094,3.656388111981601,0.3908863415530315,0.3908863415530315,93.5881451670933,44.729318226140705,225.8812330511033,69.0945008417363,187.2364280093585,,32.590341772975165,6.28689930041756,58.508338735049705,68641786952.0,1287467993.0,,,,0.8807912154399682,1.1743516962097422,1213.871536981615,0.011743516962097422
