stock_code,corp_name,year,quarter,label,총자산증가율,유동자산증가율,매출액증가율,순이익증가율,영업이익증가율,매출액순이익률,매출총이익률,자기자본순이익률,매출채권회전율,재고자산회전율,총자본회전율,유형자산회전율,매출원가율,부채비율,유동비율,자기자본비율,당좌비율,비유동자산장기적합률,순운전자본비율,차입금의존도,현금비율,유형자산,무형자산,무형자산상각비,유형자산상각비,감가상각비,총자본영업이익률,총자본순이익률,유보액/납입자본비율,총자본투자효율
050110,캠시스,2020,Q1,0,2.679286565685092,4.455302129292068,,,,2.682095925129742,6.421105344717596,5.313678461440312,2.3668812726440334,3.58144270142341,0.6799155849454935,0.6799155849454935,93.57889465528241,191.3841796618837,107.1700467876799,34.31895311407708,77.73130009674145,,4.326907119146686,0.0,27.034258085823566,122461290940.0,20044944518.0,,,,1.8180880716925423,1.8235988198145134,30.392100243308366,0.018235988198145134
