stock_code,corp_name,year,quarter,label,총자산증가율,유동자산증가율,매출액증가율,순이익증가율,영업이익증가율,매출액순이익률,매출총이익률,자기자본순이익률,매출채권회전율,재고자산회전율,총자본회전율,유형자산회전율,매출원가율,부채비율,유동비율,자기자본비율,당좌비율,비유동자산장기적합률,순운전자본비율,차입금의존도,현금비율,유형자산,무형자산,무형자산상각비,유형자산상각비,감가상각비,총자본영업이익률,총자본순이익률,유보액/납입자본비율,총자본투자효율
050110,캠시스,2022,Q1,0,0.11938195714186013,-1.7778811948340811,,,,0.9521193272387232,6.335621721751987,1.6216676061942177,2.515445867772681,2.294164662712206,0.5668964931076814,0.5668964931076814,93.66437827824802,200.44618238693488,114.42613222570677,33.283831135924785,71.80741901947526,,7.834354419547125,0.0,17.660023116892493,109863116326.0,2826279570.0,,,,0.9066741912376117,0.5397531076316772,-88.2344775483806,0.005397531076316771
