stock_code,corp_name,year,quarter,label,총자산증가율,유동자산증가율,매출액증가율,순이익증가율,영업이익증가율,매출액순이익률,매출총이익률,자기자본순이익률,매출채권회전율,재고자산회전율,총자본회전율,유형자산회전율,매출원가율,부채비율,유동비율,자기자본비율,당좌비율,비유동자산장기적합률,순운전자본비율,차입금의존도,현금비율,유형자산,무형자산,무형자산상각비,유형자산상각비,감가상각비,총자본영업이익률,총자본순이익률,유보액/납입자본비율,총자본투자효율
050110,캠시스,2019,Q1,0,3.078018463786987,-0.6109190710268472,,,,2.490142529864831,9.55764967853112,3.8857975084812257,1.852268127308567,2.3506995568949205,0.5185243171725364,0.5185243171725364,90.44235032146888,200.9447915698073,98.58374765333954,33.228686058454,65.73839640924729,,-0.8602220578726708,0.0,17.89209999727216,95237331440.0,23306451266.0,,,,2.3129890269128723,1.291199454960454,174.8346441928086,0.012911994549604539
