stock_code,corp_name,year,quarter,label,총자산증가율,유동자산증가율,매출액증가율,순이익증가율,영업이익증가율,매출액순이익률,매출총이익률,자기자본순이익률,매출채권회전율,재고자산회전율,총자본회전율,유형자산회전율,매출원가율,부채비율,유동비율,자기자본비율,당좌비율,비유동자산장기적합률,순운전자본비율,차입금의존도,현금비율,유형자산,무형자산,무형자산상각비,유형자산상각비,감가상각비,총자본영업이익률,총자본순이익률,유보액/납입자본비율,총자본투자효율
051370,인터플렉스,2019,Q1,0,5.6428553043645575,22.469172355643487,,,,-7.854948382497932,-0.5278625321642114,-2.1812242970482263,0.9034781656644506,1.3752144492653013,0.17210261272254224,0.17210261272254224,100.52786253216422,61.3502073133393,115.44188187906545,61.97698885245417,80.57439752632104,8082.344727981662,5.571640627656601,15.174473753492565,26.988743608952433,165917572875.0,3391351968.0,,,,-1.0188831016960231,-1.3518571394286012,1974.772623685927,-0.013518571394286012
