stock_code,corp_name,year,quarter,label,총자산증가율,유동자산증가율,매출액증가율,순이익증가율,영업이익증가율,매출액순이익률,매출총이익률,자기자본순이익률,매출채권회전율,재고자산회전율,총자본회전율,유형자산회전율,매출원가율,부채비율,유동비율,자기자본비율,당좌비율,비유동자산장기적합률,순운전자본비율,차입금의존도,현금비율,유형자산,무형자산,무형자산상각비,유형자산상각비,감가상각비,총자본영업이익률,총자본순이익률,유보액/납입자본비율,총자본투자효율
051370,인터플렉스,2020,Q1,0,-3.3285403540500793,-12.551566871681135,,,,-12.172104984364227,-6.181656893599016,-3.345575767068107,1.0361639515907246,2.755075760675224,0.17316063662054074,0.17316063662054074,106.18165689359901,58.7288999580429,113.97883202402753,63.00049961061481,94.49008411597796,174729.40715713415,4.786874860580216,13.254166854351531,43.71345566062886,154664800941.0,1600235751.0,,,,-2.2884039183906464,-2.1077294481045663,1711.589064995984,-0.021077294481045665
