stock_code,corp_name,year,quarter,label,총자산증가율,유동자산증가율,매출액증가율,순이익증가율,영업이익증가율,매출액순이익률,매출총이익률,자기자본순이익률,매출채권회전율,재고자산회전율,총자본회전율,유형자산회전율,매출원가율,부채비율,유동비율,자기자본비율,당좌비율,비유동자산장기적합률,순운전자본비율,차입금의존도,현금비율,유형자산,무형자산,무형자산상각비,유형자산상각비,감가상각비,총자본영업이익률,총자본순이익률,유보액/납입자본비율,총자본투자효율
051370,인터플렉스,2022,Q1,0,-16.432123195369623,-34.17004074718538,,,,4.146080043382946,9.223194861269008,2.9293604239540905,4.096738820715445,3.3993917717864486,0.44211398447441447,0.44211398447441447,90.77680513873099,59.808868066434684,122.23132951059614,62.57475020624555,85.21955898900873,,7.091424805594546,11.764579468715834,48.96309387241769,143840628589.0,445382383.0,,,,2.4831835538027085,1.8330399679298874,1436.181131311614,0.018330399679298875
