stock_code,corp_name,year,quarter,label,총자산증가율,유동자산증가율,매출액증가율,순이익증가율,영업이익증가율,매출액순이익률,매출총이익률,자기자본순이익률,매출채권회전율,재고자산회전율,총자본회전율,유형자산회전율,매출원가율,부채비율,유동비율,자기자본비율,당좌비율,비유동자산장기적합률,순운전자본비율,차입금의존도,현금비율,유형자산,무형자산,무형자산상각비,유형자산상각비,감가상각비,총자본영업이익률,총자본순이익률,유보액/납입자본비율,총자본투자효율
051500,CJ프레시웨이,2022,Q1,0,3.552653359599109,7.753663125977804,,,,0.9969320094747247,17.298747009095656,1.6400078644269611,2.592029699381035,3.6626159365367603,0.44795410202907576,0.44795410202907576,82.70125299090435,267.2373731487792,86.99765970850765,27.230343998644962,66.51164897825807,1335.1323223566133,-6.419753589862995,18.512798700153912,27.351996853607304,399547391214.0,77193705946.0,,,,0.8425129091977288,0.4465797830882924,165.11897061605754,0.004465797830882924
