stock_code,corp_name,year,quarter,label,총자산증가율,유동자산증가율,매출액증가율,순이익증가율,영업이익증가율,매출액순이익률,매출총이익률,자기자본순이익률,매출채권회전율,재고자산회전율,총자본회전율,유형자산회전율,매출원가율,부채비율,유동비율,자기자본비율,당좌비율,비유동자산장기적합률,순운전자본비율,차입금의존도,현금비율,유형자산,무형자산,무형자산상각비,유형자산상각비,감가상각비,총자본영업이익률,총자본순이익률,유보액/납입자본비율,총자본투자효율
051500,CJ프레시웨이,2019,Q1,0,23.198194072919325,16.204893208639852,,,,-0.2057324965237511,11.162213313324958,-0.1361076573362803,2.750466980928884,3.0406177278470876,0.6615758795332907,0.6615758795332907,88.83778668667505,78.14094812650467,88.99799845762526,100.0,53.241108086433044,123.84996090749617,-5.94740519773079,24.705524543587153,2.308880369702091,327114758593.0,91895352733.0,,,,0.5830185562532053,-0.1361076573362803,278.91833654745034,-0.001361076573362803
