stock_code,corp_name,year,quarter,label,총자산증가율,유동자산증가율,매출액증가율,순이익증가율,영업이익증가율,매출액순이익률,매출총이익률,자기자본순이익률,매출채권회전율,재고자산회전율,총자본회전율,유형자산회전율,매출원가율,부채비율,유동비율,자기자본비율,당좌비율,비유동자산장기적합률,순운전자본비율,차입금의존도,현금비율,유형자산,무형자산,무형자산상각비,유형자산상각비,감가상각비,총자본영업이익률,총자본순이익률,유보액/납입자본비율,총자본투자효율
051500,CJ프레시웨이,2020,Q1,0,4.991332316804028,11.265213493848723,,,,,12.510023804731652,,2.757201010374955,2.9338344921783026,0.4856185026567802,0.4856185026567802,87.48997619526835,78.6156124646469,94.63792258119527,100.0,63.81786873933708,820.7570413314113,-2.5195187855467394,29.331504501776195,7.321988586472241,352331199960.0,105992106802.0,,,,-1.0166452120682308,,116.40939246870636,
