stock_code,corp_name,year,quarter,label,총자산증가율,유동자산증가율,매출액증가율,순이익증가율,영업이익증가율,매출액순이익률,매출총이익률,자기자본순이익률,매출채권회전율,재고자산회전율,총자본회전율,유형자산회전율,매출원가율,부채비율,유동비율,자기자본비율,당좌비율,비유동자산장기적합률,순운전자본비율,차입금의존도,현금비율,유형자산,무형자산,무형자산상각비,유형자산상각비,감가상각비,총자본영업이익률,총자본순이익률,유보액/납입자본비율,총자본투자효율
051780,큐로홀딩스,2019,Q1,0,8.124966122261187,-13.882721744903339,,,,-8.499511381144922,29.558137309000376,-2.735932475399498,0.9782418653825333,1.2326981689112366,0.13714939599165069,0.13714939599165069,70.44186269099963,134.70239181088493,97.57385402682401,42.607149943566206,74.58986214805525,,-0.8272931869283591,27.497414849645992,9.46105023935098,11843411891.0,5079998960.0,,,,0.9961581525802581,-1.1657028521481867,-22.35512441589661,-0.011657028521481868
