stock_code,corp_name,year,quarter,label,총자산증가율,유동자산증가율,매출액증가율,순이익증가율,영업이익증가율,매출액순이익률,매출총이익률,자기자본순이익률,매출채권회전율,재고자산회전율,총자본회전율,유형자산회전율,매출원가율,부채비율,유동비율,자기자본비율,당좌비율,비유동자산장기적합률,순운전자본비율,차입금의존도,현금비율,유형자산,무형자산,무형자산상각비,유형자산상각비,감가상각비,총자본영업이익률,총자본순이익률,유보액/납입자본비율,총자본투자효율
051780,큐로홀딩스,2022,Q1,0,2.187176307267772,-1.8167382220332973,,,,-2.255927772862247,32.35136792414976,-0.8595957046277873,5.737310279134463,0.4960504303606379,0.21637189110616334,0.21637189110616334,67.64863207585024,76.10358815154157,135.53379908719884,56.78476006630113,34.63565613349864,6.146382546936391,10.391841130424599,28.52114367518736,9.115356371189849,17931609599.0,962047581.0,,,,0.5025783942338569,-0.48811935841311965,-22.99844344650021,-0.004881193584131196
