stock_code,corp_name,year,quarter,label,총자산증가율,유동자산증가율,매출액증가율,순이익증가율,영업이익증가율,매출액순이익률,매출총이익률,자기자본순이익률,매출채권회전율,재고자산회전율,총자본회전율,유형자산회전율,매출원가율,부채비율,유동비율,자기자본비율,당좌비율,비유동자산장기적합률,순운전자본비율,차입금의존도,현금비율,유형자산,무형자산,무형자산상각비,유형자산상각비,감가상각비,총자본영업이익률,총자본순이익률,유보액/납입자본비율,총자본투자효율
051780,큐로홀딩스,2020,Q1,0,8.830435796528793,28.392665603150107,,,,0.2868761935284887,28.120599461824657,0.07193079028645219,1.8147664154893475,0.9289844539923519,0.12168760896176793,0.12168760896176793,71.87940053817535,106.0506383599227,83.49558810706598,48.53175937524793,60.291459014838836,,-6.696951265254701,36.690213913170346,3.9113583669317435,13267352249.0,1647568795.0,,,,0.45090843662170116,0.03490927805853519,-20.371945969565903,0.0003490927805853519
