stock_code,corp_name,year,quarter,label,총자산증가율,유동자산증가율,매출액증가율,순이익증가율,영업이익증가율,매출액순이익률,매출총이익률,자기자본순이익률,매출채권회전율,재고자산회전율,총자본회전율,유형자산회전율,매출원가율,부채비율,유동비율,자기자본비율,당좌비율,비유동자산장기적합률,순운전자본비율,차입금의존도,현금비율,유형자산,무형자산,무형자산상각비,유형자산상각비,감가상각비,총자본영업이익률,총자본순이익률,유보액/납입자본비율,총자본투자효율
052600,한네트,2019,Q1,0,-1.4555197057482754,-1.2009571881520527,,,,,,0.5302344047647102,,,,,,88.61372770221678,165.96757509500137,53.01841028129189,165.96757509500137,6.415688549940718,26.457974413452785,32.37340684042281,157.14235812947894,12550503099.0,86006661.0,,,,0.7346980881457849,0.28112185217072005,,0.0028112185217072003
