stock_code,corp_name,year,quarter,label,총자산증가율,유동자산증가율,매출액증가율,순이익증가율,영업이익증가율,매출액순이익률,매출총이익률,자기자본순이익률,매출채권회전율,재고자산회전율,총자본회전율,유형자산회전율,매출원가율,부채비율,유동비율,자기자본비율,당좌비율,비유동자산장기적합률,순운전자본비율,차입금의존도,현금비율,유형자산,무형자산,무형자산상각비,유형자산상각비,감가상각비,총자본영업이익률,총자본순이익률,유보액/납입자본비율,총자본투자효율
052600,한네트,2020,Q1,0,-16.614395528642937,-21.81875571019429,,,,,,0.11025105774778302,,727.8841939310345,,,,56.21512513338464,226.12744206784265,64.01428793442042,226.0802322846773,8.572608566808338,36.43084424048995,19.081542378953124,209.2270168457312,11521303472.0,81600214.0,,,,0.32026730325937114,0.07057642955740996,,0.0007057642955740996
