stock_code,corp_name,year,quarter,label,총자산증가율,유동자산증가율,매출액증가율,순이익증가율,영업이익증가율,매출액순이익률,매출총이익률,자기자본순이익률,매출채권회전율,재고자산회전율,총자본회전율,유형자산회전율,매출원가율,부채비율,유동비율,자기자본비율,당좌비율,비유동자산장기적합률,순운전자본비율,차입금의존도,현금비율,유형자산,무형자산,무형자산상각비,유형자산상각비,감가상각비,총자본영업이익률,총자본순이익률,유보액/납입자본비율,총자본투자효율
052710,아모텍,2022,Q1,0,-3.621951056874837,-8.186964924077337,,,,-4.9736798778391735,11.16720298277197,-1.554009311293194,1.3153972732989885,0.6659950855057658,0.14198673400598236,0.14198673400598236,88.83279701722803,120.05336690280144,113.38892126917943,45.443521909015125,64.65110039977468,5.097710734520941,5.202709320454283,23.080737918148873,30.51825935956632,158143541084.0,17439655853.0,,,,-0.7407877885026812,-0.7061965618456577,2536.071021324576,-0.007061965618456577
