stock_code,corp_name,year,quarter,label,총자산증가율,유동자산증가율,매출액증가율,순이익증가율,영업이익증가율,매출액순이익률,매출총이익률,자기자본순이익률,매출채권회전율,재고자산회전율,총자본회전율,유형자산회전율,매출원가율,부채비율,유동비율,자기자본비율,당좌비율,비유동자산장기적합률,순운전자본비율,차입금의존도,현금비율,유형자산,무형자산,무형자산상각비,유형자산상각비,감가상각비,총자본영업이익률,총자본순이익률,유보액/납입자본비율,총자본투자효율
052710,아모텍,2019,Q1,0,7.160141069848916,6.223927649354911,,,,8.45257954320051,19.947472335943043,3.0292036703709413,1.3053249811099936,1.2361165069627493,0.1737661808930196,0.1737661808930196,80.05252766405697,106.24049950997127,91.93580358365261,48.487081944429264,63.75832171683194,9.017104944112786,-3.2206224628137687,12.507692307863516,16.18914734313244,173649783315.0,19954293219.0,,,,0.6709910817871243,1.468772465916417,3072.289824667062,0.014687724659164169
