stock_code,corp_name,year,quarter,label,총자산증가율,유동자산증가율,매출액증가율,순이익증가율,영업이익증가율,매출액순이익률,매출총이익률,자기자본순이익률,매출채권회전율,재고자산회전율,총자본회전율,유형자산회전율,매출원가율,부채비율,유동비율,자기자본비율,당좌비율,비유동자산장기적합률,순운전자본비율,차입금의존도,현금비율,유형자산,무형자산,무형자산상각비,유형자산상각비,감가상각비,총자본영업이익률,총자본순이익률,유보액/납입자본비율,총자본투자효율
052710,아모텍,2020,Q1,0,2.1356337651021873,4.102492112662761,,,,3.3404476927396525,20.334803512316814,1.1302026415194504,2.058214597367715,0.8161887027740646,0.15580804177972188,0.15580804177972188,79.66519648768319,117.150969689166,117.8426197514667,46.05091109799873,72.89234686153377,3.851580247247689,6.036625157587206,25.661794821096322,36.1364020971046,184423416778.0,23052043973.0,,,,0.8161642552200659,0.5204686136733553,2987.9382422122203,0.0052046861367335525
