stock_code,corp_name,year,quarter,label,총자산증가율,유동자산증가율,매출액증가율,순이익증가율,영업이익증가율,매출액순이익률,매출총이익률,자기자본순이익률,매출채권회전율,재고자산회전율,총자본회전율,유형자산회전율,매출원가율,부채비율,유동비율,자기자본비율,당좌비율,비유동자산장기적합률,순운전자본비율,차입금의존도,현금비율,유형자산,무형자산,무형자산상각비,유형자산상각비,감가상각비,총자본영업이익률,총자본순이익률,유보액/납입자본비율,총자본투자효율
054040,한국컴퓨터,2022,Q1,0,5.455559814758748,9.527401164245612,,,,3.5464824663433654,6.2508652910664875,2.4380625314576614,2.2720872214583436,3.107824367262481,0.5206045891495451,0.5206045891495451,93.74913470893351,32.050190188337254,263.94726313769155,75.72878150146887,196.62277527946685,42.21762756018515,38.24281964262906,0.9103042772654606,44.16770646474844,26169062624.0,306290873.0,,,,1.9038035057405884,1.846315047316753,1379.162570745721,0.01846315047316753
