stock_code,corp_name,year,quarter,label,총자산증가율,유동자산증가율,매출액증가율,순이익증가율,영업이익증가율,매출액순이익률,매출총이익률,자기자본순이익률,매출채권회전율,재고자산회전율,총자본회전율,유형자산회전율,매출원가율,부채비율,유동비율,자기자본비율,당좌비율,비유동자산장기적합률,순운전자본비율,차입금의존도,현금비율,유형자산,무형자산,무형자산상각비,유형자산상각비,감가상각비,총자본영업이익률,총자본순이익률,유보액/납입자본비율,총자본투자효율
054040,한국컴퓨터,2020,Q1,0,2.328350318776967,4.862691924338243,,,,2.348234579274317,6.016243362447199,0.4367487308808683,2.327426481706381,2.563890491931738,0.13128129895803625,0.13128129895803625,93.9837566375528,41.67307080384145,321.4718654384134,70.58504444959664,292.27772609040017,5.180480205841383,36.50724670853221,9.074222988405888,136.03375280707442,30330645545.0,515304052.0,,,,-0.07013467615043786,0.3082792858253101,1095.521871859695,0.003082792858253101
