stock_code,corp_name,year,quarter,label,총자산증가율,유동자산증가율,매출액증가율,순이익증가율,영업이익증가율,매출액순이익률,매출총이익률,자기자본순이익률,매출채권회전율,재고자산회전율,총자본회전율,유형자산회전율,매출원가율,부채비율,유동비율,자기자본비율,당좌비율,비유동자산장기적합률,순운전자본비율,차입금의존도,현금비율,유형자산,무형자산,무형자산상각비,유형자산상각비,감가상각비,총자본영업이익률,총자본순이익률,유보액/납입자본비율,총자본투자효율
054040,한국컴퓨터,2019,Q1,0,-6.7237972424564125,-11.200677013234154,,,,-4.741390188732785,2.220911260649056,-0.9818388405009975,3.459567528998994,1.9792155559785578,0.13867529617313598,0.13867529617313598,97.77908873935094,49.32599235307496,425.63643926523105,66.9675777299067,368.019103328447,2.4871377560491847,38.71968497783978,19.858108170042982,141.0237974039958,33892162368.0,616456908.0,,,,-0.5731651344486803,-0.65751368869492,996.8742084549528,-0.0065751368869492
