stock_code,corp_name,year,quarter,label,총자산증가율,유동자산증가율,매출액증가율,순이익증가율,영업이익증가율,매출액순이익률,매출총이익률,자기자본순이익률,매출채권회전율,재고자산회전율,총자본회전율,유형자산회전율,매출원가율,부채비율,유동비율,자기자본비율,당좌비율,비유동자산장기적합률,순운전자본비율,차입금의존도,현금비율,유형자산,무형자산,무형자산상각비,유형자산상각비,감가상각비,총자본영업이익률,총자본순이익률,유보액/납입자본비율,총자본투자효율
054210,이랜텍,2019,Q1,0,6.808216149321911,9.672830467628966,,,,3.7667414808221147,11.023917293750928,4.085090002521614,1.7819984060603922,1.5762174666813151,0.36291083397734375,0.36291083397734375,88.97608270624907,198.83804131629438,97.39655353269654,33.46294185289436,62.0970528809383,,-1.510905037504148,32.65647034028847,6.437277767259431,159670152051.0,5226920069.0,,,,1.6088947307422121,1.3669912921822085,1490.7729730719575,0.013669912921822085
