stock_code,corp_name,year,quarter,label,총자산증가율,유동자산증가율,매출액증가율,순이익증가율,영업이익증가율,매출액순이익률,매출총이익률,자기자본순이익률,매출채권회전율,재고자산회전율,총자본회전율,유형자산회전율,매출원가율,부채비율,유동비율,자기자본비율,당좌비율,비유동자산장기적합률,순운전자본비율,차입금의존도,현금비율,유형자산,무형자산,무형자산상각비,유형자산상각비,감가상각비,총자본영업이익률,총자본순이익률,유보액/납입자본비율,총자본투자효율
054210,이랜텍,2020,Q1,0,5.327219020155783,11.722849038717884,,,,-3.4823701559389275,6.5700962643664065,-3.2325283959850966,1.7177713915705832,1.8036976020729552,0.31675581293190186,0.31675581293190186,93.42990373563359,193.0507402804419,98.0496439111236,34.123783445932474,69.68509012943368,,-1.1281964314835524,31.68219352058011,16.471028214478096,159280943593.0,5429918084.0,,,,-0.6049191926057294,-1.103060989674229,1451.2561939833613,-0.011030609896742288
