stock_code,corp_name,year,quarter,label,총자산증가율,유동자산증가율,매출액증가율,순이익증가율,영업이익증가율,매출액순이익률,매출총이익률,자기자본순이익률,매출채권회전율,재고자산회전율,총자본회전율,유형자산회전율,매출원가율,부채비율,유동비율,자기자본비율,당좌비율,비유동자산장기적합률,순운전자본비율,차입금의존도,현금비율,유형자산,무형자산,무형자산상각비,유형자산상각비,감가상각비,총자본영업이익률,총자본순이익률,유보액/납입자본비율,총자본투자효율
054210,이랜텍,2022,Q1,0,16.456124999354298,26.42067592443233,,,,8.725492475750489,14.489777726551917,10.341070781848682,1.8260073546406765,1.7455872610823029,0.4538332960503598,0.4538332960503598,85.51022227344808,161.1434919732124,114.7714760883598,38.293123540776506,76.25347058649719,255.75562813815355,8.525756634480935,24.110242745380624,15.501800047786032,174552670734.0,5068822023.0,,,,4.180291476356194,3.959919009932459,1623.0636065642027,0.03959919009932459
