stock_code,corp_name,year,quarter,label,총자산증가율,유동자산증가율,매출액증가율,순이익증가율,영업이익증가율,매출액순이익률,매출총이익률,자기자본순이익률,매출채권회전율,재고자산회전율,총자본회전율,유형자산회전율,매출원가율,부채비율,유동비율,자기자본비율,당좌비율,비유동자산장기적합률,순운전자본비율,차입금의존도,현금비율,유형자산,무형자산,무형자산상각비,유형자산상각비,감가상각비,총자본영업이익률,총자본순이익률,유보액/납입자본비율,총자본투자효율
054620,APS,2022,Q1,0,-0.22874207526929682,-3.3259867934849905,,,,-41.28461984510351,47.11785173743752,-1.3597577245474743,0.997528204532009,1.9313910995021637,0.017921967695112256,0.017921967695112256,52.88214826256248,83.7754752751789,132.0942362837585,54.414224667499035,129.85005782456832,0.195462592879743,7.017690490177643,23.706950803524045,50.63557062769101,45354373793.0,1436426599.0,,,,-2.1618808308322626,-0.7399016231689355,519.2196667454317,-0.007399016231689355
