stock_code,corp_name,year,quarter,label,총자산증가율,유동자산증가율,매출액증가율,순이익증가율,영업이익증가율,매출액순이익률,매출총이익률,자기자본순이익률,매출채권회전율,재고자산회전율,총자본회전율,유형자산회전율,매출원가율,부채비율,유동비율,자기자본비율,당좌비율,비유동자산장기적합률,순운전자본비율,차입금의존도,현금비율,유형자산,무형자산,무형자산상각비,유형자산상각비,감가상각비,총자본영업이익률,총자본순이익률,유보액/납입자본비율,총자본투자효율
054620,APS,2019,Q1,0,-2.0307799877083603,-13.053739393939304,,,,-67.69043397623174,35.69772212739083,-1.3619377270428858,1.623410274952066,3.1689889669669227,0.016846800024525734,0.016846800024525734,64.30227787260917,19.42975221884369,249.8785544231107,83.73122956561066,244.87754785583218,11.000779816586888,10.244838633163862,10.409465627744972,60.63165580447134,10528758358.0,1522178357.0,,,,-1.0676750198945946,-1.1403672047709388,8007.67526156244,-0.011403672047709387
