stock_code,corp_name,year,quarter,label,총자산증가율,유동자산증가율,매출액증가율,순이익증가율,영업이익증가율,매출액순이익률,매출총이익률,자기자본순이익률,매출채권회전율,재고자산회전율,총자본회전율,유형자산회전율,매출원가율,부채비율,유동비율,자기자본비율,당좌비율,비유동자산장기적합률,순운전자본비율,차입금의존도,현금비율,유형자산,무형자산,무형자산상각비,유형자산상각비,감가상각비,총자본영업이익률,총자본순이익률,유보액/납입자본비율,총자본투자효율
054620,APS,2020,Q1,0,-0.49418507915201837,-9.796781408404563,,,,-11.453556771366962,54.48849586850888,-0.2799423869982051,1.8490597372314117,3.5258401827153945,0.01767359916776936,0.01767359916776936,45.51150413149112,38.29398382381714,117.85732015772976,72.30972543780165,116.29341960418165,0.3736660124383177,2.604897978602556,21.991752414330495,20.421522695817544,14754931881.0,1373985246.0,,,,-0.795484565744407,-0.20242557142243026,7876.526440295316,-0.0020242557142243025
