stock_code,corp_name,year,quarter,label,총자산증가율,유동자산증가율,매출액증가율,순이익증가율,영업이익증가율,매출액순이익률,매출총이익률,자기자본순이익률,매출채권회전율,재고자산회전율,총자본회전율,유형자산회전율,매출원가율,부채비율,유동비율,자기자본비율,당좌비율,비유동자산장기적합률,순운전자본비율,차입금의존도,현금비율,유형자산,무형자산,무형자산상각비,유형자산상각비,감가상각비,총자본영업이익률,총자본순이익률,유보액/납입자본비율,총자본투자효율
058470,리노공업,2022,Q1,0,9.517927441552404,9.829498291439887,,,,34.92496074118758,47.88563971669916,7.588694507241287,1.6334629405005316,4.057718001696731,0.17481179118360526,0.17481179118360526,52.11436028330083,24.29693530973925,382.3780225117455,80.45250653268884,370.4859963285238,,53.31154980420624,0.0,75.32921022593794,121438856116.0,1956085707.0,,,,7.347068162718375,6.105294944184095,5322.6823115959,0.06105294944184095
