stock_code,corp_name,year,quarter,label,총자산증가율,유동자산증가율,매출액증가율,순이익증가율,영업이익증가율,매출액순이익률,매출총이익률,자기자본순이익률,매출채권회전율,재고자산회전율,총자본회전율,유형자산회전율,매출원가율,부채비율,유동비율,자기자본비율,당좌비율,비유동자산장기적합률,순운전자본비율,차입금의존도,현금비율,유형자산,무형자산,무형자산상각비,유형자산상각비,감가상각비,총자본영업이익률,총자본순이익률,유보액/납입자본비율,총자본투자효율
058470,리노공업,2020,Q1,0,8.385789600061178,9.241807317427732,,,,33.849461640191905,43.8562895105829,5.862981922391577,1.152198414409561,2.561948489068042,0.14696180487224908,0.14696180487224908,56.143710489417096,17.858880692484988,488.97714950736537,84.84723375315092,466.4134655447607,,55.519976821623295,0.0,80.74907567844254,92442774634.0,1659367879.0,,,,5.650106222740308,4.974577976596563,3861.1884175754817,0.04974577976596563
