stock_code,corp_name,year,quarter,label,총자산증가율,유동자산증가율,매출액증가율,순이익증가율,영업이익증가율,매출액순이익률,매출총이익률,자기자본순이익률,매출채권회전율,재고자산회전율,총자본회전율,유형자산회전율,매출원가율,부채비율,유동비율,자기자본비율,당좌비율,비유동자산장기적합률,순운전자본비율,차입금의존도,현금비율,유형자산,무형자산,무형자산상각비,유형자산상각비,감가상각비,총자본영업이익률,총자본순이익률,유보액/납입자본비율,총자본투자효율
058470,리노공업,2019,Q1,0,3.131613721579841,4.98183180026465,,,,32.096291132575026,42.20834598090316,4.1126212990438,1.2677409661455383,2.021278056659117,0.11286960719961707,0.11286960719961707,57.79165401909684,13.523783311801365,618.8275496194574,88.0872686610018,590.7307108984743,,59.591133603502,0.0,152.64926075754573,77857085980.0,1594481904.0,,,,4.078142469784711,3.622695772698295,3317.3105712825495,0.03622695772698295
