stock_code,corp_name,year,quarter,label,총자산증가율,유동자산증가율,매출액증가율,순이익증가율,영업이익증가율,매출액순이익률,매출총이익률,자기자본순이익률,매출채권회전율,재고자산회전율,총자본회전율,유형자산회전율,매출원가율,부채비율,유동비율,자기자본비율,당좌비율,비유동자산장기적합률,순운전자본비율,차입금의존도,현금비율,유형자산,무형자산,무형자산상각비,유형자산상각비,감가상각비,총자본영업이익률,총자본순이익률,유보액/납입자본비율,총자본투자효율
059100,아이컴포넌트,2022,Q1,0,1.3593388572961627,5.541996730297988,,,,10.142119626544762,18.73186345387333,2.981342602316839,1.7267983828413378,1.6795522630686222,0.18795368902992712,0.18795368902992712,81.26813654612667,56.39839903541751,169.94654070830398,63.93927343038486,139.31180308176002,6.041389742380952,20.76489354758153,26.94379481096697,44.9783829149717,23118836918.0,170944845.0,9378761.0,784932042.0,794310803.0,1.6595076953408352,1.906248798391915,61.69944023782114,0.01906248798391915
