stock_code,corp_name,year,quarter,label,총자산증가율,유동자산증가율,매출액증가율,순이익증가율,영업이익증가율,매출액순이익률,매출총이익률,자기자본순이익률,매출채권회전율,재고자산회전율,총자본회전율,유형자산회전율,매출원가율,부채비율,유동비율,자기자본비율,당좌비율,비유동자산장기적합률,순운전자본비율,차입금의존도,현금비율,유형자산,무형자산,무형자산상각비,유형자산상각비,감가상각비,총자본영업이익률,총자본순이익률,유보액/납입자본비율,총자본투자효율
059100,아이컴포넌트,2019,Q1,0,-0.887571140390191,2.0966175373026843,,,,-4.382394210142274,8.096992359047688,-1.0405336836793444,1.3971688286988058,1.2651597436995425,0.13312554121071818,0.13312554121071818,91.90300764095231,78.3541898170787,121.22213088866569,56.06820905220151,97.77495531473477,8.55422576032258,8.752743457610364,39.33342996807209,24.815565647971248,24896404266.0,1014103039.0,56160264.0,832463922.0,888624186.0,-0.9494921055543476,-0.5834086010239081,-22.937499370656468,-0.005834086010239082
