stock_code,corp_name,year,quarter,label,총자산증가율,유동자산증가율,매출액증가율,순이익증가율,영업이익증가율,매출액순이익률,매출총이익률,자기자본순이익률,매출채권회전율,재고자산회전율,총자본회전율,유형자산회전율,매출원가율,부채비율,유동비율,자기자본비율,당좌비율,비유동자산장기적합률,순운전자본비율,차입금의존도,현금비율,유형자산,무형자산,무형자산상각비,유형자산상각비,감가상각비,총자본영업이익률,총자본순이익률,유보액/납입자본비율,총자본투자효율
059100,아이컴포넌트,2020,Q1,0,-1.0819641477372715,0.6146442039672863,,,,19.370199631218753,19.92738565507937,4.596422325346314,1.705885511052042,1.4406517360333375,0.14487013853109937,0.14487013853109937,80.07261434492064,63.79738097501414,169.4378526824749,61.051037205078465,143.36379667486574,12.371773994210526,21.443297200221444,28.390626113839414,55.921408837504515,22351916821.0,916070768.0,30838507.0,828560123.0,859398630.0,1.0198752956772794,2.806163503949711,-12.919918708615361,0.02806163503949711
