stock_code,corp_name,year,quarter,label,총자산증가율,유동자산증가율,매출액증가율,순이익증가율,영업이익증가율,매출액순이익률,매출총이익률,자기자본순이익률,매출채권회전율,재고자산회전율,총자본회전율,유형자산회전율,매출원가율,부채비율,유동비율,자기자본비율,당좌비율,비유동자산장기적합률,순운전자본비율,차입금의존도,현금비율,유형자산,무형자산,무형자산상각비,유형자산상각비,감가상각비,총자본영업이익률,총자본순이익률,유보액/납입자본비율,총자본투자효율
060370,LS마린솔루션,2019,Q1,0,3.6273424007937685,40.86772747289785,,,,-8.805930218533348,5.336946913466139,-0.8929837331959196,0.5795094195197735,8.118920829275758,0.07610397591419085,0.07610397591419085,94.66305308653386,33.24808059222192,106.57629056820544,75.04798534849387,101.6072542751381,,1.174352217699293,0.0,11.960404636758598,106451182790.0,300079426.0,,,,-0.7656406680006169,-0.6701663012533072,313.7778160776256,-0.006701663012533073
