stock_code,corp_name,year,quarter,label,총자산증가율,유동자산증가율,매출액증가율,순이익증가율,영업이익증가율,매출액순이익률,매출총이익률,자기자본순이익률,매출채권회전율,재고자산회전율,총자본회전율,유형자산회전율,매출원가율,부채비율,유동비율,자기자본비율,당좌비율,비유동자산장기적합률,순운전자본비율,차입금의존도,현금비율,유형자산,무형자산,무형자산상각비,유형자산상각비,감가상각비,총자본영업이익률,총자본순이익률,유보액/납입자본비율,총자본투자효율
060370,LS마린솔루션,2022,Q1,0,3.113381883356069,5.793126468645455,,,,4.970985944375407,16.539790600873005,0.55438228170312,1.1142956301592537,7.042223720955711,0.09756483202290794,0.09756483202290794,83.460209399127,14.307178574832365,598.002221287506,87.48356948949971,587.0486904244028,,52.570256611651914,0.0,407.68479501524774,37748707143.0,208215201.0,,,,0.05506726126454051,0.484993408651223,304.2911315844749,0.00484993408651223
