stock_code,corp_name,year,quarter,label,총자산증가율,유동자산증가율,매출액증가율,순이익증가율,영업이익증가율,매출액순이익률,매출총이익률,자기자본순이익률,매출채권회전율,재고자산회전율,총자본회전율,유형자산회전율,매출원가율,부채비율,유동비율,자기자본비율,당좌비율,비유동자산장기적합률,순운전자본비율,차입금의존도,현금비율,유형자산,무형자산,무형자산상각비,유형자산상각비,감가상각비,총자본영업이익률,총자본순이익률,유보액/납입자본비율,총자본투자효율
060370,LS마린솔루션,2020,Q1,0,3.226236311787539,33.20360982967896,,,,13.72383132067449,23.457143990086372,2.4283574112359165,1.1698671038282569,10.612482817951546,0.14797889346059587,0.14797889346059587,76.54285600991363,19.574193565298458,201.3276334662349,83.63008523690428,191.82057858609753,,11.37546967415132,0.0,36.48647769197396,94034580062.0,222168290.0,,,,2.2691589722098118,2.030837372873279,326.3554919086758,0.02030837372873279
