stock_code,corp_name,year,quarter,label,총자산증가율,유동자산증가율,매출액증가율,순이익증가율,영업이익증가율,매출액순이익률,매출총이익률,자기자본순이익률,매출채권회전율,재고자산회전율,총자본회전율,유형자산회전율,매출원가율,부채비율,유동비율,자기자본비율,당좌비율,비유동자산장기적합률,순운전자본비율,차입금의존도,현금비율,유형자산,무형자산,무형자산상각비,유형자산상각비,감가상각비,총자본영업이익률,총자본순이익률,유보액/납입자본비율,총자본투자효율
060720,KH바텍,2022,Q1,0,-8.89547116559716,-17.599562961530342,,,,8.211056479778044,18.380481918372986,2.512923528640374,1.6550673872778392,3.681116015609267,0.18995347046219144,0.18995347046219144,81.61951808162702,61.11389635404304,180.52818345401093,62.06789250522063,164.50608885074084,28.41067717859741,21.168513617030484,10.536612069596561,52.52727798259602,152053947002.0,11361537323.0,166335444.0,3758736280.0,3925071724.0,1.420692528867392,1.559718674494904,1751.1028562207016,0.01559718674494904
