stock_code,corp_name,year,quarter,label,총자산증가율,유동자산증가율,매출액증가율,순이익증가율,영업이익증가율,매출액순이익률,매출총이익률,자기자본순이익률,매출채권회전율,재고자산회전율,총자본회전율,유형자산회전율,매출원가율,부채비율,유동비율,자기자본비율,당좌비율,비유동자산장기적합률,순운전자본비율,차입금의존도,현금비율,유형자산,무형자산,무형자산상각비,유형자산상각비,감가상각비,총자본영업이익률,총자본순이익률,유보액/납입자본비율,총자본투자효율
060720,KH바텍,2019,Q1,0,-1.3692355781357506,-6.263059140658473,,,,-6.439341805224287,5.5290122799472945,-1.6140145323341535,,1.5976014895147772,0.14857624659118693,0.14857624659118693,94.4709877200527,68.70058148986945,440.8372474760534,59.276618442482985,363.32654558718093,0.012405898537293451,38.63356289423495,11.772477561881631,67.7870068772147,135481832202.0,8169085909.0,125294002.0,2807124627.0,2932418629.0,-1.263445981385419,-0.9567332359379424,1661.5917604751537,-0.009567332359379423
