stock_code,corp_name,year,quarter,label,총자산증가율,유동자산증가율,매출액증가율,순이익증가율,영업이익증가율,매출액순이익률,매출총이익률,자기자본순이익률,매출채권회전율,재고자산회전율,총자본회전율,유형자산회전율,매출원가율,부채비율,유동비율,자기자본비율,당좌비율,비유동자산장기적합률,순운전자본비율,차입금의존도,현금비율,유형자산,무형자산,무형자산상각비,유형자산상각비,감가상각비,총자본영업이익률,총자본순이익률,유보액/납입자본비율,총자본투자효율
060900,에이전트AI,2020,Q1,0,4.76918890030072,-4.470510559217976,,,,-249.34397467787127,-45.77236195984298,-6.349819531550368,0.3283659793625218,0.6719815269430656,0.013588430872093632,0.013588430872093632,145.77236195984298,87.41018739842804,58.73491208718049,53.35889227163688,49.75476761510013,95.66332577458033,-13.545237268726554,9.495415701708982,11.28794810095209,30969050663.0,1591492158.0,,,,-2.918769039868713,-3.3881933632833183,-260.36283970611055,-0.033881933632833185
