stock_code,corp_name,year,quarter,label,총자산증가율,유동자산증가율,매출액증가율,순이익증가율,영업이익증가율,매출액순이익률,매출총이익률,자기자본순이익률,매출채권회전율,재고자산회전율,총자본회전율,유형자산회전율,매출원가율,부채비율,유동비율,자기자본비율,당좌비율,비유동자산장기적합률,순운전자본비율,차입금의존도,현금비율,유형자산,무형자산,무형자산상각비,유형자산상각비,감가상각비,총자본영업이익률,총자본순이익률,유보액/납입자본비율,총자본투자효율
060900,에이전트AI,2019,Q1,0,6.144317800921748,6.185490846622993,,,,-72.17711968799692,-21.51631683083729,-10.691894983258171,3.7431044199414933,8.513205007570686,0.053414239203528696,0.053414239203528696,121.51631683083728,177.33079103985958,122.36479552265669,36.05802284883233,118.81437548896447,3.0240002012967278,4.8026810871767,36.08611609644095,48.04741754416387,26337563217.0,1608649172.0,,,,-3.4201176061549794,-3.8552859360363887,-239.0240962873519,-0.038552859360363886
