stock_code,corp_name,year,quarter,label,총자산증가율,유동자산증가율,매출액증가율,순이익증가율,영업이익증가율,매출액순이익률,매출총이익률,자기자본순이익률,매출채권회전율,재고자산회전율,총자본회전율,유형자산회전율,매출원가율,부채비율,유동비율,자기자본비율,당좌비율,비유동자산장기적합률,순운전자본비율,차입금의존도,현금비율,유형자산,무형자산,무형자산상각비,유형자산상각비,감가상각비,총자본영업이익률,총자본순이익률,유보액/납입자본비율,총자본투자효율
060900,에이전트AI,2022,Q1,0,-9.256249800131119,19.747053523969786,,,,-2.3215559673175163,12.837734609872692,-0.4904802229516016,0.37998202900312894,1.3021141762732136,0.08940665151565405,0.08940665151565405,87.16226539012732,136.3047832828454,85.58889084177228,42.31822928455276,74.16348086691403,95.4011498076923,-7.548747296252204,0.9316287031808602,10.792648226180372,12174473591.0,81381116.0,,,,0.49459853255700015,-0.20756254534404434,118.34219280806772,-0.0020756254534404434
