stock_code,corp_name,year,quarter,label,총자산증가율,유동자산증가율,매출액증가율,순이익증가율,영업이익증가율,매출액순이익률,매출총이익률,자기자본순이익률,매출채권회전율,재고자산회전율,총자본회전율,유형자산회전율,매출원가율,부채비율,유동비율,자기자본비율,당좌비율,비유동자산장기적합률,순운전자본비율,차입금의존도,현금비율,유형자산,무형자산,무형자산상각비,유형자산상각비,감가상각비,총자본영업이익률,총자본순이익률,유보액/납입자본비율,총자본투자효율
065170,비엘팜텍,2020,Q1,0,17.100187947476094,-11.845673123024438,,,,31.695875353806297,34.514765282844415,8.84527689898484,3.1513518179651814,2.3558403549205975,0.15420568293669873,0.15420568293669873,65.48523471715559,80.97071554923005,142.53717130871368,55.25755904567702,124.58041009068988,3.5023360696981833,10.154031569533029,31.07101068766574,60.13131299136604,33721795380.0,6313038025.0,28050761.0,379395757.0,407446518.0,-0.42218420416952607,4.887684105210177,,0.04887684105210177
