stock_code,corp_name,year,quarter,label,총자산증가율,유동자산증가율,매출액증가율,순이익증가율,영업이익증가율,매출액순이익률,매출총이익률,자기자본순이익률,매출채권회전율,재고자산회전율,총자본회전율,유형자산회전율,매출원가율,부채비율,유동비율,자기자본비율,당좌비율,비유동자산장기적합률,순운전자본비율,차입금의존도,현금비율,유형자산,무형자산,무형자산상각비,유형자산상각비,감가상각비,총자본영업이익률,총자본순이익률,유보액/납입자본비율,총자본투자효율
065150,대산F&B,2020,Q1,0,-15.69390054607696,-2.562240779111108,,,,-9.885658756355658,43.20217172073402,-9.316839080355278,2.1001787244035626,1.2972362995090692,0.29166157828589134,0.29166157828589134,56.79782827926597,223.13481937818946,90.2178160223191,30.94683519171059,68.52672821901844,,-5.758990385016649,2.561120729613936,17.749200237577696,11219951319.0,2626881747.0,,,,-3.6026960963150034,-2.883266835274433,48.35206740308592,-0.02883266835274433
