stock_code,corp_name,year,quarter,label,총자산증가율,유동자산증가율,매출액증가율,순이익증가율,영업이익증가율,매출액순이익률,매출총이익률,자기자본순이익률,매출채권회전율,재고자산회전율,총자본회전율,유형자산회전율,매출원가율,부채비율,유동비율,자기자본비율,당좌비율,비유동자산장기적합률,순운전자본비율,차입금의존도,현금비율,유형자산,무형자산,무형자산상각비,유형자산상각비,감가상각비,총자본영업이익률,총자본순이익률,유보액/납입자본비율,총자본투자효율
065150,대산F&B,2019,Q1,0,6.267636836711202,-8.46954030344066,,,,-2.0889609608332904,39.86222448956144,-1.7373147336089654,2.786567474163109,1.7021972261756855,0.4074331374091632,0.4074331374091632,60.137775510438566,104.12294746008767,146.12966451851796,48.9900823225929,105.03931294607231,,16.159736255138647,1.4343908292128238,29.48269548266979,11852246822.0,4934642183.0,,,,-0.8744685817217863,-0.8511119181975677,58.33544799367224,-0.008511119181975677
