stock_code,corp_name,year,quarter,label,총자산증가율,유동자산증가율,매출액증가율,순이익증가율,영업이익증가율,매출액순이익률,매출총이익률,자기자본순이익률,매출채권회전율,재고자산회전율,총자본회전율,유형자산회전율,매출원가율,부채비율,유동비율,자기자본비율,당좌비율,비유동자산장기적합률,순운전자본비율,차입금의존도,현금비율,유형자산,무형자산,무형자산상각비,유형자산상각비,감가상각비,총자본영업이익률,총자본순이익률,유보액/납입자본비율,총자본투자효율
065170,비엘팜텍,2022,Q1,0,-0.6888176461549352,-5.192810857936754,,,,-1.2055215174178597,26.85845939056119,-0.35616579217260574,2.5076553806616793,1.797337965171402,0.15175034222783235,0.15175034222783235,73.14154060943882,94.69175490345081,116.00659092573842,51.36324342527541,92.88402702764877,4.941187946867126,4.274909180692676,16.23913692714139,61.9621550757803,43040010254.0,14610982934.0,88065938.0,797966071.0,886032009.0,0.11863952265261792,-0.18293830283117596,,-0.0018293830283117596
