stock_code,corp_name,year,quarter,label,총자산증가율,유동자산증가율,매출액증가율,순이익증가율,영업이익증가율,매출액순이익률,매출총이익률,자기자본순이익률,매출채권회전율,재고자산회전율,총자본회전율,유형자산회전율,매출원가율,부채비율,유동비율,자기자본비율,당좌비율,비유동자산장기적합률,순운전자본비율,차입금의존도,현금비율,유형자산,무형자산,무형자산상각비,유형자산상각비,감가상각비,총자본영업이익률,총자본순이익률,유보액/납입자본비율,총자본투자효율
065150,대산F&B,2022,Q1,0,0.004745080419087762,-3.397858726459921,,,,,18.87224608582503,,2.565766975751715,6.959069406000987,0.4450051948606139,0.4450051948606139,81.12775391417497,71.19014458107984,152.18257024884295,58.414577687699506,134.83759951605913,8.259589675555555,15.60756888267392,14.60929642824934,19.926500252208807,5547909204.0,6270262282.0,,,,-2.2940817293620626,,,
