stock_code,corp_name,year,quarter,label,총자산증가율,유동자산증가율,매출액증가율,순이익증가율,영업이익증가율,매출액순이익률,매출총이익률,자기자본순이익률,매출채권회전율,재고자산회전율,총자본회전율,유형자산회전율,매출원가율,부채비율,유동비율,자기자본비율,당좌비율,비유동자산장기적합률,순운전자본비율,차입금의존도,현금비율,유형자산,무형자산,무형자산상각비,유형자산상각비,감가상각비,총자본영업이익률,총자본순이익률,유보액/납입자본비율,총자본투자효율
065170,비엘팜텍,2019,Q1,0,7.879043690940417,10.7817824708122,,,,2.785315632943661,35.275611786662964,0.8028084581345681,3.4349523289318205,1.9675779344289968,0.18879296339151191,0.18879296339151191,64.72438821333704,52.669301747511156,224.05884090030074,65.50105283469682,199.48773759221038,5.992013607225789,31.35630465184197,7.237691613190209,148.61868210841672,28675123501.0,7427644650.0,54266118.0,417231769.0,471497887.0,0.2010476340542908,0.5258479923241385,,0.005258479923241384
