stock_code,corp_name,year,quarter,label,총자산증가율,유동자산증가율,매출액증가율,순이익증가율,영업이익증가율,매출액순이익률,매출총이익률,자기자본순이익률,매출채권회전율,재고자산회전율,총자본회전율,유형자산회전율,매출원가율,부채비율,유동비율,자기자본비율,당좌비율,비유동자산장기적합률,순운전자본비율,차입금의존도,현금비율,유형자산,무형자산,무형자산상각비,유형자산상각비,감가상각비,총자본영업이익률,총자본순이익률,유보액/납입자본비율,총자본투자효율
065530,와이어블,2022,Q1,0,-1.7978459549371157,-5.257036562283584,,,,0.27963263618193396,6.984495988919018,0.06543416919335888,0.5033147092917186,,0.12416168219016423,0.12416168219016423,93.01550401108099,88.46432255817886,107.84412014555433,53.06044064076374,107.84412014555433,14.005853229333333,2.841144655383574,13.05285705249787,39.37539486894441,76200280157.0,5483489380.0,,,,0.12152593162261752,0.0347196585036191,211.33787002648506,0.000347196585036191
