stock_code,corp_name,year,quarter,label,총자산증가율,유동자산증가율,매출액증가율,순이익증가율,영업이익증가율,매출액순이익률,매출총이익률,자기자본순이익률,매출채권회전율,재고자산회전율,총자본회전율,유형자산회전율,매출원가율,부채비율,유동비율,자기자본비율,당좌비율,비유동자산장기적합률,순운전자본비율,차입금의존도,현금비율,유형자산,무형자산,무형자산상각비,유형자산상각비,감가상각비,총자본영업이익률,총자본순이익률,유보액/납입자본비율,총자본투자효율
065530,와이어블,2019,Q1,0,3.4084531382616112,12.723091561106123,,,,0.3579007302821288,6.28098965957448,0.08750460190488914,0.5195727343369907,,0.12282341977253487,0.12282341977253487,93.71901034042553,99.06143180555239,80.52528658490071,50.23574837826054,80.52528658490071,11.737866828375,-7.395929849162658,17.003017793380106,12.609555346868845,82126137068.0,1264103990.0,,,,0.21623524524008328,0.04395859163233869,205.07026050321605,0.00043958591632338684
