stock_code,corp_name,year,quarter,label,총자산증가율,유동자산증가율,매출액증가율,순이익증가율,영업이익증가율,매출액순이익률,매출총이익률,자기자본순이익률,매출채권회전율,재고자산회전율,총자본회전율,유형자산회전율,매출원가율,부채비율,유동비율,자기자본비율,당좌비율,비유동자산장기적합률,순운전자본비율,차입금의존도,현금비율,유형자산,무형자산,무형자산상각비,유형자산상각비,감가상각비,총자본영업이익률,총자본순이익률,유보액/납입자본비율,총자본투자효율
065530,와이어블,2020,Q1,0,-4.5684725219596025,-7.864712467850057,,,,0.586126593333693,6.571527468328732,0.15663802393605783,0.3566921006523247,,0.1268610824556306,0.1268610824556306,93.42847253167128,110.657708931024,80.54957971341264,47.470372913218746,80.54957971341264,30.414131893333334,-8.721904964422203,14.142324114132537,0.9793558102722459,86199239326.0,2651155990.0,,,,0.26227633953689955,0.07435665408634348,203.1527805637533,0.0007435665408634349
