stock_code,corp_name,year,quarter,label,총자산증가율,유동자산증가율,매출액증가율,순이익증가율,영업이익증가율,매출액순이익률,매출총이익률,자기자본순이익률,매출채권회전율,재고자산회전율,총자본회전율,유형자산회전율,매출원가율,부채비율,유동비율,자기자본비율,당좌비율,비유동자산장기적합률,순운전자본비율,차입금의존도,현금비율,유형자산,무형자산,무형자산상각비,유형자산상각비,감가상각비,총자본영업이익률,총자본순이익률,유보액/납입자본비율,총자본투자효율
065680,우주일렉트로,2022,Q1,0,3.265770995131201,4.93395870174678,,,,10.530539104999855,28.0863712842587,,1.6587749642688532,1.6280709987521211,0.1875840425532075,0.1875840425532075,71.9136287157413,,279.37834500980495,,244.3438960462958,,42.4236934522052,13.419444160035777,105.8167170110379,78680533764.0,6594888873.0,,,,2.469656672022226,1.9753610955805083,4760.182886366519,0.019753610955805082
