stock_code,corp_name,year,quarter,label,총자산증가율,유동자산증가율,매출액증가율,순이익증가율,영업이익증가율,매출액순이익률,매출총이익률,자기자본순이익률,매출채권회전율,재고자산회전율,총자본회전율,유형자산회전율,매출원가율,부채비율,유동비율,자기자본비율,당좌비율,비유동자산장기적합률,순운전자본비율,차입금의존도,현금비율,유형자산,무형자산,무형자산상각비,유형자산상각비,감가상각비,총자본영업이익률,총자본순이익률,유보액/납입자본비율,총자본투자효율
065680,우주일렉트로,2020,Q1,0,0.0729516285307385,-1.3891123213781558,,,,2.657485927076048,20.05696672304825,0.6509949452288561,1.7018220070974435,2.2625714745671854,0.1849184491003716,0.1849184491003716,79.94303327695175,32.47270386720793,241.96017546963265,75.48724913189744,214.78299030483817,,34.12876804673089,14.353595264546595,83.8803553096897,88337439345.0,3290157842.0,,,,1.3886109472985495,0.491418176140966,4201.474495692666,0.00491418176140966
