stock_code,corp_name,year,quarter,label,총자산증가율,유동자산증가율,매출액증가율,순이익증가율,영업이익증가율,매출액순이익률,매출총이익률,자기자본순이익률,매출채권회전율,재고자산회전율,총자본회전율,유형자산회전율,매출원가율,부채비율,유동비율,자기자본비율,당좌비율,비유동자산장기적합률,순운전자본비율,차입금의존도,현금비율,유형자산,무형자산,무형자산상각비,유형자산상각비,감가상각비,총자본영업이익률,총자본순이익률,유보액/납입자본비율,총자본투자효율
066410,버킷스튜디오,2022,Q1,0,-9.2863292703286,-18.604657261725958,,,,-504.7032526597869,27.62861747541686,-35.53340601650729,2.795300436278181,1.1875281525571872,0.031030276096862243,0.031030276096862243,72.37138252458314,126.88986403928573,88.58203311190545,44.074247399031066,82.84892536113156,62.21495283173077,-3.766233740720125,1.1972732054197566,23.18584485968455,5901208576.0,4289462498.0,,,,-0.2916062451078189,-15.661081277017614,277.73069444754236,-0.15661081277017613
