stock_code,corp_name,year,quarter,label,총자산증가율,유동자산증가율,매출액증가율,순이익증가율,영업이익증가율,매출액순이익률,매출총이익률,자기자본순이익률,매출채권회전율,재고자산회전율,총자본회전율,유형자산회전율,매출원가율,부채비율,유동비율,자기자본비율,당좌비율,비유동자산장기적합률,순운전자본비율,차입금의존도,현금비율,유형자산,무형자산,무형자산상각비,유형자산상각비,감가상각비,총자본영업이익률,총자본순이익률,유보액/납입자본비율,총자본투자효율
066410,버킷스튜디오,2020,Q1,0,,,,,,-1.552040658972733,27.451893231243318,-0.16188475042162748,0.9632915055239079,194.56354296988525,0.0824060748357902,0.0824060748357902,72.54810676875668,26.573741331032018,91.75844947907346,79.00532839466841,91.60378671850944,,-1.637370695087391,0.0,47.61375339617072,4120108762.0,100174668.0,12553523.0,183584752.0,196138275.0,0.5303630152648832,-0.12789757869149615,200.49938227900284,-0.0012789757869149615
