stock_code,corp_name,year,quarter,label,총자산증가율,유동자산증가율,매출액증가율,순이익증가율,영업이익증가율,매출액순이익률,매출총이익률,자기자본순이익률,매출채권회전율,재고자산회전율,총자본회전율,유형자산회전율,매출원가율,부채비율,유동비율,자기자본비율,당좌비율,비유동자산장기적합률,순운전자본비율,차입금의존도,현금비율,유형자산,무형자산,무형자산상각비,유형자산상각비,감가상각비,총자본영업이익률,총자본순이익률,유보액/납입자본비율,총자본투자효율
066410,버킷스튜디오,2019,Q1,0,54.27441350744099,82.61489728974642,,,,3.6045229169453865,33.05715508767526,0.48404347071323783,1.281356213076743,108.88370795927595,0.08538115163483431,0.08538115163483431,66.94284491232474,57.2803862044142,189.2843084593649,63.580718750212164,189.13988640634255,432.249612500013,32.45225620564868,0.07218200698716329,108.12249850782423,3447448424.0,132035328.0,22957561.0,91941884.0,114899445.0,0.8685311204080648,0.3077583177429493,230.63947212246964,0.00927013278199836
