stock_code,corp_name,year,quarter,label,총자산증가율,유동자산증가율,매출액증가율,순이익증가율,영업이익증가율,매출액순이익률,매출총이익률,자기자본순이익률,매출채권회전율,재고자산회전율,총자본회전율,유형자산회전율,매출원가율,부채비율,유동비율,자기자본비율,당좌비율,비유동자산장기적합률,순운전자본비율,차입금의존도,현금비율,유형자산,무형자산,무형자산상각비,유형자산상각비,감가상각비,총자본영업이익률,총자본순이익률,유보액/납입자본비율,총자본투자효율
066670,디티씨,2022,Q1,0,-8.851841901268642,-12.474710906739917,,,,28.41881516054641,8.696058563873983,3.876064483456137,1.822044440793091,2.2241310633819547,0.11877828237040326,0.11877828237040326,91.30394143612601,14.828048862365897,551.8879072217827,87.08673620315629,507.6122182671943,,49.765867902506756,0.4724967867777845,108.91660800020458,23471518850.0,1797325144.0,,,,0.4638126464133482,3.375538051771678,1718.7949482016772,0.03375538051771678
