stock_code,corp_name,year,quarter,label,총자산증가율,유동자산증가율,매출액증가율,순이익증가율,영업이익증가율,매출액순이익률,매출총이익률,자기자본순이익률,매출채권회전율,재고자산회전율,총자본회전율,유형자산회전율,매출원가율,부채비율,유동비율,자기자본비율,당좌비율,비유동자산장기적합률,순운전자본비율,차입금의존도,현금비율,유형자산,무형자산,무형자산상각비,유형자산상각비,감가상각비,총자본영업이익률,총자본순이익률,유보액/납입자본비율,총자본투자효율
066670,디티씨,2020,Q1,0,-3.4004173330898495,-7.640592022024458,,,,0.7687473246576892,21.876811767246128,0.049177404938310895,1.1091036585694503,2.042470721195909,0.0583624634918228,0.0583624634918228,78.12318823275388,9.609544986000481,596.4540754439538,91.23293050141955,562.4533395358173,,32.59481328275087,0.5424815520821531,132.2507948660173,44895018922.0,908457465.0,,,,0.5792603795735214,0.04486598766977084,1578.3415479139167,0.00044865987669770837
