stock_code,corp_name,year,quarter,label,총자산증가율,유동자산증가율,매출액증가율,순이익증가율,영업이익증가율,매출액순이익률,매출총이익률,자기자본순이익률,매출채권회전율,재고자산회전율,총자본회전율,유형자산회전율,매출원가율,부채비율,유동비율,자기자본비율,당좌비율,비유동자산장기적합률,순운전자본비율,차입금의존도,현금비율,유형자산,무형자산,무형자산상각비,유형자산상각비,감가상각비,총자본영업이익률,총자본순이익률,유보액/납입자본비율,총자본투자효율
066670,디티씨,2019,Q1,0,10.997078676546181,26.79896617153184,,,,18.41149603210414,25.227908117014252,1.3115113484769916,0.26400699548674056,4.519493725572349,0.054939643792962484,0.054939643792962484,74.77209188298575,29.657348170064335,232.02172544256467,77.126365309304,227.73363550658345,,27.98447098490739,1.9945916235977543,20.23779923257207,25003718918.0,4265436898.0,,,,0.7838663581504683,1.0115210336993437,1558.5795127819413,0.010115210336993436
