stock_code,corp_name,year,quarter,label,총자산증가율,유동자산증가율,매출액증가율,순이익증가율,영업이익증가율,매출액순이익률,매출총이익률,자기자본순이익률,매출채권회전율,재고자산회전율,총자본회전율,유형자산회전율,매출원가율,부채비율,유동비율,자기자본비율,당좌비율,비유동자산장기적합률,순운전자본비율,차입금의존도,현금비율,유형자산,무형자산,무형자산상각비,유형자산상각비,감가상각비,총자본영업이익률,총자본순이익률,유보액/납입자본비율,총자본투자효율
066900,디에이피,2020,Q1,0,3.079396247101422,13.159692123556347,,,,3.0181939092013135,6.487692191001749,2.28294811120443,2.882189494738779,1.8046144409693572,0.33212260884798195,0.33212260884798195,93.51230780899826,127.7458445353735,97.70770458372519,43.90859477766146,49.25647134673083,7.288478297745804,-0.8142326960176213,28.74453576472222,14.570691725662744,136843000386.0,333372101.0,,,,0.927756103471646,1.0024104351330294,796.8619541433814,0.010024104351330294
