stock_code,corp_name,year,quarter,label,총자산증가율,유동자산증가율,매출액증가율,순이익증가율,영업이익증가율,매출액순이익률,매출총이익률,자기자본순이익률,매출채권회전율,재고자산회전율,총자본회전율,유형자산회전율,매출원가율,부채비율,유동비율,자기자본비율,당좌비율,비유동자산장기적합률,순운전자본비율,차입금의존도,현금비율,유형자산,무형자산,무형자산상각비,유형자산상각비,감가상각비,총자본영업이익률,총자본순이익률,유보액/납입자본비율,총자본투자효율
066900,디에이피,2019,Q1,0,4.803805906529594,23.199465447827304,,,,1.257438853201087,5.5077113735681955,0.7976442385067019,2.5898281010002058,1.7675891038420004,0.2829712257551262,0.2829712257551262,94.49228862643182,124.17133655424495,75.52098525127427,44.608736128850275,39.69356804937368,17.026305306630434,-10.335601615317588,24.89773840032514,10.688068873936425,141644904906.0,277626063.0,,,,0.3610969393138189,0.35581901360243173,793.7668365846464,0.0035581901360243174
