stock_code,corp_name,year,quarter,label,총자산증가율,유동자산증가율,매출액증가율,순이익증가율,영업이익증가율,매출액순이익률,매출총이익률,자기자본순이익률,매출채권회전율,재고자산회전율,총자본회전율,유형자산회전율,매출원가율,부채비율,유동비율,자기자본비율,당좌비율,비유동자산장기적합률,순운전자본비율,차입금의존도,현금비율,유형자산,무형자산,무형자산상각비,유형자산상각비,감가상각비,총자본영업이익률,총자본순이익률,유보액/납입자본비율,총자본투자효율
066900,디에이피,2022,Q1,0,1.664615557686488,7.508503312798324,,,,3.724404451615377,7.868864793008597,2.6255938371549785,2.5445764556173245,1.6867847558690947,0.3625061869495696,0.3625061869495696,92.1311352069914,94.4711955479916,118.01334858173405,51.42149700793196,60.94868109980678,33.31896046123457,6.25013417088465,14.471947138373146,16.68154586418039,120133324708.0,680040710.0,,,,1.5360899751099704,1.350119656413093,934.9120006535205,0.013501196564130931
