stock_code,corp_name,year,quarter,label,총자산증가율,유동자산증가율,매출액증가율,순이익증가율,영업이익증가율,매출액순이익률,매출총이익률,자기자본순이익률,매출채권회전율,재고자산회전율,총자본회전율,유형자산회전율,매출원가율,부채비율,유동비율,자기자본비율,당좌비율,비유동자산장기적합률,순운전자본비율,차입금의존도,현금비율,유형자산,무형자산,무형자산상각비,유형자산상각비,감가상각비,총자본영업이익률,총자본순이익률,유보액/납입자본비율,총자본투자효율
067770,세진티에스,2022,Q1,0,1.9740516725937838,3.1154613688769,,,,11.091814236171532,24.752255459686452,1.6038372043086164,1.8140741196020158,4.434300293282935,0.13583651625632598,0.13583651625632598,75.24774454031355,6.448895905042088,1294.6956403353608,93.9417916454532,1253.450693769265,,66.76847469391409,0.0,389.97753137200283,10578622540.0,2416970321.0,,,,1.0597815839000269,1.506673404803862,953.0003498800049,0.01506673404803862
