stock_code,corp_name,year,quarter,label,총자산증가율,유동자산증가율,매출액증가율,순이익증가율,영업이익증가율,매출액순이익률,매출총이익률,자기자본순이익률,매출채권회전율,재고자산회전율,총자본회전율,유형자산회전율,매출원가율,부채비율,유동비율,자기자본비율,당좌비율,비유동자산장기적합률,순운전자본비율,차입금의존도,현금비율,유형자산,무형자산,무형자산상각비,유형자산상각비,감가상각비,총자본영업이익률,총자본순이익률,유보액/납입자본비율,총자본투자효율
067770,세진티에스,2019,Q1,0,1.619454431972327,0.4738476530526628,,,,7.07848789902934,19.213528092227296,1.037438459093599,1.319268231446537,4.541586507876835,0.1383425841668093,0.1383425841668093,80.78647190777271,5.941462993531895,1082.653902368934,94.39174915500776,1038.774621188454,,55.10969578295498,0.0,74.63840626133383,12126789911.0,2531790658.0,,,,0.8809253974910624,0.9792563079452078,826.2529016233132,0.009792563079452078
