stock_code,corp_name,year,quarter,label,총자산증가율,유동자산증가율,매출액증가율,순이익증가율,영업이익증가율,매출액순이익률,매출총이익률,자기자본순이익률,매출채권회전율,재고자산회전율,총자본회전율,유형자산회전율,매출원가율,부채비율,유동비율,자기자본비율,당좌비율,비유동자산장기적합률,순운전자본비율,차입금의존도,현금비율,유형자산,무형자산,무형자산상각비,유형자산상각비,감가상각비,총자본영업이익률,총자본순이익률,유보액/납입자본비율,총자본투자효율
067770,세진티에스,2020,Q1,0,4.093700030888998,4.793747691456842,,,,7.028833185377077,20.82268121194022,1.2932908491365127,1.592653181202574,5.361605961969814,0.16550206118328611,0.16550206118328611,79.17731878805978,11.175620336502032,780.8537791268413,89.94777784672927,751.9458297437875,,57.56332491204063,0.0,113.36888260171311,9766300801.0,2584676384.0,,,,0.560852720816336,1.1632863798933888,777.9692913780625,0.011632863798933888
