stock_code,corp_name,year,quarter,label,총자산증가율,유동자산증가율,매출액증가율,순이익증가율,영업이익증가율,매출액순이익률,매출총이익률,자기자본순이익률,매출채권회전율,재고자산회전율,총자본회전율,유형자산회전율,매출원가율,부채비율,유동비율,자기자본비율,당좌비율,비유동자산장기적합률,순운전자본비율,차입금의존도,현금비율,유형자산,무형자산,무형자산상각비,유형자산상각비,감가상각비,총자본영업이익률,총자본순이익률,유보액/납입자본비율,총자본투자효율
068060,케이씨더블류 (주),2019,Q1,1,-4.312782073229289,-8.032354191132429,,,,-28.20608591272937,2.6845380639245926,-14.39298217482738,0.5558729226621445,1.8762255868561055,0.18199703615208507,0.18199703615208507,97.31546193607541,180.37781545992567,89.1481320846356,35.666159904970435,71.45249843506345,4.495782081069658,-5.78894588962938,37.3318022875863,5.794402957575551,12466232119.0,566401732.0,,,,-1.8067527474540162,-5.133424037567824,92.0000224632353,-0.05133424037567824
