stock_code,corp_name,year,quarter,label,총자산증가율,유동자산증가율,매출액증가율,순이익증가율,영업이익증가율,매출액순이익률,매출총이익률,자기자본순이익률,매출채권회전율,재고자산회전율,총자본회전율,유형자산회전율,매출원가율,부채비율,유동비율,자기자본비율,당좌비율,비유동자산장기적합률,순운전자본비율,차입금의존도,현금비율,유형자산,무형자산,무형자산상각비,유형자산상각비,감가상각비,총자본영업이익률,총자본순이익률,유보액/납입자본비율,총자본투자효율
068060,케이씨더블류 (주),2022,Q1,1,-4.866783854804786,-10.453050041169716,,,,-21.035436221123614,-8.889641606016363,21.06240524045306,0.6747362190373303,0.6511204972263728,0.13176848575977307,0.13176848575977307,108.88964160601637,-859.8797768812801,49.74004614177186,-13.159976491336934,30.26655093942144,1.6565258434702719,-56.874151970527755,83.95831847925572,10.228675756302556,3177860567.0,124831015.0,,,,-3.5931404208011837,-2.7718075781537412,-453.84153599264704,-0.027718075781537413
