stock_code,corp_name,year,quarter,label,총자산증가율,유동자산증가율,매출액증가율,순이익증가율,영업이익증가율,매출액순이익률,매출총이익률,자기자본순이익률,매출채권회전율,재고자산회전율,총자본회전율,유형자산회전율,매출원가율,부채비율,유동비율,자기자본비율,당좌비율,비유동자산장기적합률,순운전자본비율,차입금의존도,현금비율,유형자산,무형자산,무형자산상각비,유형자산상각비,감가상각비,총자본영업이익률,총자본순이익률,유보액/납입자본비율,총자본투자효율
068940,셀피글로벌,2022,Q1,0,10.555797399632578,11.478716833720288,,,,,26.252855843347657,,2.7879526370145378,1.454562739607795,0.24407459587487795,0.24407459587487795,73.74714415665234,323.1935590574743,150.52625109169526,23.62984924031391,127.00406678318205,1.2981327584851514,26.581210514268804,16.03077664898076,61.902549327770316,7464299377.0,541358334.0,474500.0,200180846.0,200655346.0,4.288156152973716,,-114.67294634022728,
