stock_code,corp_name,year,quarter,label,총자산증가율,유동자산증가율,매출액증가율,순이익증가율,영업이익증가율,매출액순이익률,매출총이익률,자기자본순이익률,매출채권회전율,재고자산회전율,총자본회전율,유형자산회전율,매출원가율,부채비율,유동비율,자기자본비율,당좌비율,비유동자산장기적합률,순운전자본비율,차입금의존도,현금비율,유형자산,무형자산,무형자산상각비,유형자산상각비,감가상각비,총자본영업이익률,총자본순이익률,유보액/납입자본비율,총자본투자효율
068940,셀피글로벌,2020,Q1,0,1.2187820967543712,2.289705411419627,,,,-4.872861734905196,12.150320701590063,-2.529254616576751,1.6054218066759434,1.0687417884413402,0.20755079905194923,0.20755079905194923,87.84967929840994,150.0829323327145,167.09647646254433,39.986735227079926,130.32378215379623,2.7198734916666667,31.12906395761394,8.263785881783022,41.87881615691898,6541930419.0,621060334.0,425000.0,204766442.0,205191442.0,-1.4945470066682498,-1.0113663467492409,63.7711749161843,-0.01011366346749241
