stock_code,corp_name,year,quarter,label,총자산증가율,유동자산증가율,매출액증가율,순이익증가율,영업이익증가율,매출액순이익률,매출총이익률,자기자본순이익률,매출채권회전율,재고자산회전율,총자본회전율,유형자산회전율,매출원가율,부채비율,유동비율,자기자본비율,당좌비율,비유동자산장기적합률,순운전자본비율,차입금의존도,현금비율,유형자산,무형자산,무형자산상각비,유형자산상각비,감가상각비,총자본영업이익률,총자본순이익률,유보액/납입자본비율,총자본투자효율
068940,셀피글로벌,2019,Q1,0,2.7039188228202784,4.360846270536491,,,,5.177971527314681,22.440620054346454,2.325767692696699,1.2588779941664592,0.9673435674959403,0.22788881388106788,0.22788881388106788,77.55937994565355,97.09865807472609,164.13638374418264,50.73601260242317,122.59447247971697,,28.209447719211283,0.0,31.358540381705257,6030898976.0,613127000.0,0.0,220294384.0,220294384.0,0.8201890228269452,1.1800017896696842,79.60290563206432,0.011800017896696841
