stock_code,corp_name,year,quarter,label,총자산증가율,유동자산증가율,매출액증가율,순이익증가율,영업이익증가율,매출액순이익률,매출총이익률,자기자본순이익률,매출채권회전율,재고자산회전율,총자본회전율,유형자산회전율,매출원가율,부채비율,유동비율,자기자본비율,당좌비율,비유동자산장기적합률,순운전자본비율,차입금의존도,현금비율,유형자산,무형자산,무형자산상각비,유형자산상각비,감가상각비,총자본영업이익률,총자본순이익률,유보액/납입자본비율,총자본투자효율
069330,유아이디,2019,Q1,0,0.7614234398517519,4.649374821233736,,,,-25.497159410770877,7.553369000962365,-3.2507276589094936,2.2359638031442577,5.10066639568182,0.08557924213113814,0.08557924213113814,92.44663099903764,48.97738646328483,89.18482625657244,67.12428132483367,84.41890439573702,,-3.5198097364890826,29.773414236915908,0.3233781998553472,23067186765.0,167000000.0,,,,-1.5488294693977285,-2.182027578870588,415.37694490280444,-0.021820275788705882
