stock_code,corp_name,year,quarter,label,총자산증가율,유동자산증가율,매출액증가율,순이익증가율,영업이익증가율,매출액순이익률,매출총이익률,자기자본순이익률,매출채권회전율,재고자산회전율,총자본회전율,유형자산회전율,매출원가율,부채비율,유동비율,자기자본비율,당좌비율,비유동자산장기적합률,순운전자본비율,차입금의존도,현금비율,유형자산,무형자산,무형자산상각비,유형자산상각비,감가상각비,총자본영업이익률,총자본순이익률,유보액/납입자본비율,총자본투자효율
069330,유아이디,2020,Q1,0,3.4809233669337534,26.834180404764236,,,,-31.212243956925683,-8.537795654022212,-22.639617544900105,2.169893733584042,10.392831441998384,0.16940808004714866,0.16940808004714866,108.53779565402222,328.16382618504014,26.490861334958645,23.355546144802727,24.101190919978706,4.872,-54.423261020283206,58.84342338614966,2.017582208250496,3.9105822574e+16,314752583000000.0,,,,-3.718344679262612,-5.287606322705998,-45.345884753030674,-0.05287606322705998
