stock_code,corp_name,year,quarter,label,총자산증가율,유동자산증가율,매출액증가율,순이익증가율,영업이익증가율,매출액순이익률,매출총이익률,자기자본순이익률,매출채권회전율,재고자산회전율,총자본회전율,유형자산회전율,매출원가율,부채비율,유동비율,자기자본비율,당좌비율,비유동자산장기적합률,순운전자본비율,차입금의존도,현금비율,유형자산,무형자산,무형자산상각비,유형자산상각비,감가상각비,총자본영업이익률,총자본순이익률,유보액/납입자본비율,총자본투자효율
072950,빛샘전자,2022,Q1,0,-0.625357165137367,-0.9026655636491645,,,,3.8320317133956743,10.953687159764758,1.4570286965433825,2.1538484670856506,2.0383242140226465,0.3082042473810949,0.3082042473810949,89.04631284023525,23.367394143450852,387.14631914115375,81.05869520411576,303.6140123060547,,46.28391373924967,7.238323706591515,50.83203012232483,26870612501.0,434595294.0,,,,1.3646843100193768,1.1810484501676013,1759.064601365558,0.011810484501676013
