stock_code,corp_name,year,quarter,label,총자산증가율,유동자산증가율,매출액증가율,순이익증가율,영업이익증가율,매출액순이익률,매출총이익률,자기자본순이익률,매출채권회전율,재고자산회전율,총자본회전율,유형자산회전율,매출원가율,부채비율,유동비율,자기자본비율,당좌비율,비유동자산장기적합률,순운전자본비율,차입금의존도,현금비율,유형자산,무형자산,무형자산상각비,유형자산상각비,감가상각비,총자본영업이익률,총자본순이익률,유보액/납입자본비율,총자본투자효율
072950,빛샘전자,2019,Q1,0,1.1269862797808676,2.111864105009431,,,,5.479768709034013,19.982769846549008,1.0837691814859285,1.2582430089119536,1.0637471156247285,0.16845859312878408,0.16845859312878408,80.017230153451,17.403596080182233,640.7758584644412,85.17626660405169,508.2896941292578,,51.72316076125838,0.0,62.11378052032514,23915010590.0,159873289.0,,,,0.8960938714901044,0.9231141273950033,1590.2275271333333,0.009231141273950033
