stock_code,corp_name,year,quarter,label,총자산증가율,유동자산증가율,매출액증가율,순이익증가율,영업이익증가율,매출액순이익률,매출총이익률,자기자본순이익률,매출채권회전율,재고자산회전율,총자본회전율,유형자산회전율,매출원가율,부채비율,유동비율,자기자본비율,당좌비율,비유동자산장기적합률,순운전자본비율,차입금의존도,현금비율,유형자산,무형자산,무형자산상각비,유형자산상각비,감가상각비,총자본영업이익률,총자본순이익률,유보액/납입자본비율,총자본투자효율
072950,빛샘전자,2020,Q1,0,-0.5266791334886011,0.33700582714207233,,,,6.079762988687944,21.376190170153688,0.8817106420340184,1.4047596045499806,1.0259592253189505,0.12571237189978096,0.12571237189978096,78.62380982984631,15.361637720333265,733.162090435638,86.68392888320996,620.5687408218071,,54.17565475817313,0.0,123.82319161451689,23243893029.0,132530972.0,,,,0.573947179741422,0.7643014258964625,1622.5414313999997,0.007643014258964625
