stock_code,corp_name,year,quarter,label,총자산증가율,유동자산증가율,매출액증가율,순이익증가율,영업이익증가율,매출액순이익률,매출총이익률,자기자본순이익률,매출채권회전율,재고자산회전율,총자본회전율,유형자산회전율,매출원가율,부채비율,유동비율,자기자본비율,당좌비율,비유동자산장기적합률,순운전자본비율,차입금의존도,현금비율,유형자산,무형자산,무형자산상각비,유형자산상각비,감가상각비,총자본영업이익률,총자본순이익률,유보액/납입자본비율,총자본투자효율
073110,엘엠에스,2022,Q1,0,-0.011240884475150056,3.9407158834551392,,,,7.568411183926205,28.299370636415745,2.0198760219924337,0.9239361626852943,0.6934850266860956,0.12100329453376102,0.12100329453376102,71.70062936358426,120.55799237659824,123.35895810157939,45.339549441151995,94.82661065086346,4.5117844004627745,10.24233645195709,42.78815143739739,41.84005647983455,77602469817.0,3979643502.0,,,,0.6803525144110913,0.9158026876412336,2013.304337073025,0.009158026876412336
