stock_code,corp_name,year,quarter,label,총자산증가율,유동자산증가율,매출액증가율,순이익증가율,영업이익증가율,매출액순이익률,매출총이익률,자기자본순이익률,매출채권회전율,재고자산회전율,총자본회전율,유형자산회전율,매출원가율,부채비율,유동비율,자기자본비율,당좌비율,비유동자산장기적합률,순운전자본비율,차입금의존도,현금비율,유형자산,무형자산,무형자산상각비,유형자산상각비,감가상각비,총자본영업이익률,총자본순이익률,유보액/납입자본비율,총자본투자효율
073110,엘엠에스,2020,Q1,0,5.464732498538051,5.24948814356226,,,,-7.8191472826715795,22.298284450420407,-2.128166865485342,0.5365847518008621,0.8648442899124062,0.12616614714964533,0.12616614714964533,77.7017155495796,115.7264728116449,138.77759981168757,46.35499699997969,113.07166845736711,4.133192642172131,17.099488006300685,21.89621888282685,44.09565302992344,64920264066.0,4516513693.0,,,,-2.651470152750815,-0.986511686650292,2330.3552910066655,-0.00986511686650292
