stock_code,corp_name,year,quarter,label,총자산증가율,유동자산증가율,매출액증가율,순이익증가율,영업이익증가율,매출액순이익률,매출총이익률,자기자본순이익률,매출채권회전율,재고자산회전율,총자본회전율,유형자산회전율,매출원가율,부채비율,유동비율,자기자본비율,당좌비율,비유동자산장기적합률,순운전자본비율,차입금의존도,현금비율,유형자산,무형자산,무형자산상각비,유형자산상각비,감가상각비,총자본영업이익률,총자본순이익률,유보액/납입자본비율,총자본투자효율
073110,엘엠에스,2019,Q1,0,2.7360475817713876,2.8666247247690833,,,,26.46629899640958,45.271075003948525,6.729046845934781,0.7526685722406272,1.1530054638324572,0.15392016165154132,0.15392016165154132,54.728924996051475,65.18280110557102,178.60661553396952,60.53899033718915,156.01666548505503,6.177983842971014,25.422888360655122,30.32415697553138,72.78565032446505,66002601837.0,5004119856.0,,,,3.812354082037264,4.073697019845389,2363.685983624363,0.04073697019845388
