stock_code,corp_name,year,quarter,label,총자산증가율,유동자산증가율,매출액증가율,순이익증가율,영업이익증가율,매출액순이익률,매출총이익률,자기자본순이익률,매출채권회전율,재고자산회전율,총자본회전율,유형자산회전율,매출원가율,부채비율,유동비율,자기자본비율,당좌비율,비유동자산장기적합률,순운전자본비율,차입금의존도,현금비율,유형자산,무형자산,무형자산상각비,유형자산상각비,감가상각비,총자본영업이익률,총자본순이익률,유보액/납입자본비율,총자본투자효율
078070,유비쿼스홀딩스,2019,Q1,0,2.209641960178934,5.113935771957381,,,,13.527527994426022,36.21984758015607,1.3581137507784753,2.2004472593675053,0.804019169781706,0.08611291695732913,0.08611291695732913,63.78015241984394,16.586805969825672,520.7499221987395,85.77299906979306,464.973473568038,,51.53005850926209,1.7536473932690633,177.7023767512514,35456403343.0,14900798954.0,102828247.0,578464695.0,681292942.0,0.9592925308188893,1.164894894821953,3234.756864151977,0.011648948948219532
