stock_code,corp_name,year,quarter,label,총자산증가율,유동자산증가율,매출액증가율,순이익증가율,영업이익증가율,매출액순이익률,매출총이익률,자기자본순이익률,매출채권회전율,재고자산회전율,총자본회전율,유형자산회전율,매출원가율,부채비율,유동비율,자기자본비율,당좌비율,비유동자산장기적합률,순운전자본비율,차입금의존도,현금비율,유형자산,무형자산,무형자산상각비,유형자산상각비,감가상각비,총자본영업이익률,총자본순이익률,유보액/납입자본비율,총자본투자효율
078070,유비쿼스홀딩스,2020,Q1,0,-0.45916803844372756,-0.34975271395341234,,,,12.190891131291275,35.037511519292764,1.3324336669934007,3.0172220459953736,0.8416131167529117,0.0948890419868935,0.0948890419868935,64.96248848070724,15.184510958208225,591.6439979541461,86.81722843471763,525.9854269799359,,54.84354695920095,1.7021725473508644,336.7941169896979,33626052133.0,14565383001.0,82332808.0,580505056.0,662837864.0,1.2983396330732275,1.1567819804147454,3297.135299914556,0.011567819804147455
