stock_code,corp_name,year,quarter,label,총자산증가율,유동자산증가율,매출액증가율,순이익증가율,영업이익증가율,매출액순이익률,매출총이익률,자기자본순이익률,매출채권회전율,재고자산회전율,총자본회전율,유형자산회전율,매출원가율,부채비율,유동비율,자기자본비율,당좌비율,비유동자산장기적합률,순운전자본비율,차입금의존도,현금비율,유형자산,무형자산,무형자산상각비,유형자산상각비,감가상각비,총자본영업이익률,총자본순이익률,유보액/납입자본비율,총자본투자효율
078070,유비쿼스홀딩스,2022,Q1,0,-0.977439252666434,-0.6781630548219695,,,,11.967782222042107,37.39896889221342,1.2967878738243228,3.3638017031580585,0.5138823101325581,0.09345011315410444,0.09345011315410444,62.601031107786575,15.951249099879536,596.0151375539166,86.24314164469307,499.13593618929923,,58.285701928178824,0.5731673456410491,147.60607949614527,25810036962.0,22659161960.0,150327843.0,601811601.0,752139444.0,1.2446662645879891,1.1183906028535144,3505.1379113834387,0.011183906028535143
