stock_code,corp_name,year,quarter,label,총자산증가율,유동자산증가율,매출액증가율,순이익증가율,영업이익증가율,매출액순이익률,매출총이익률,자기자본순이익률,매출채권회전율,재고자산회전율,총자본회전율,유형자산회전율,매출원가율,부채비율,유동비율,자기자본비율,당좌비율,비유동자산장기적합률,순운전자본비율,차입금의존도,현금비율,유형자산,무형자산,무형자산상각비,유형자산상각비,감가상각비,총자본영업이익률,총자본순이익률,유보액/납입자본비율,총자본투자효율
078600,대주전자재료,2019,Q1,0,1.9478256862718517,-0.9209996990455741,,,,0.44614205246181826,19.89875251005152,0.13626702185607292,1.446071699723283,0.9197397329810529,0.14562575702451563,0.14562575702451563,80.10124748994848,109.73910357598507,116.24493380126364,47.6782813958064,68.46239830894609,3.9118465571397985,4.311826548115139,37.882722510061605,16.834461487504903,118851054168.0,2248103854.0,,,,0.31718827485285417,0.06496977413022345,644.5353852991752,0.0006496977413022345
