stock_code,corp_name,year,quarter,label,총자산증가율,유동자산증가율,매출액증가율,순이익증가율,영업이익증가율,매출액순이익률,매출총이익률,자기자본순이익률,매출채권회전율,재고자산회전율,총자본회전율,유형자산회전율,매출원가율,부채비율,유동비율,자기자본비율,당좌비율,비유동자산장기적합률,순운전자본비율,차입금의존도,현금비율,유형자산,무형자산,무형자산상각비,유형자산상각비,감가상각비,총자본영업이익률,총자본순이익률,유보액/납입자본비율,총자본투자효율
078600,대주전자재료,2022,Q1,0,1.7322443781445616,-0.9516394076997271,,,,5.828521741575284,20.88797990641933,1.6776483189026514,1.0690812346763814,1.1574148022597128,0.12614509399996132,0.12614509399996132,79.11202009358067,128.17714427248862,139.23186604769867,43.82559888670542,107.68716418321331,47.72287270929833,10.72349479027272,24.352182887371985,23.34108616175846,178312045993.0,1211553426.0,,,,1.1506642592450056,0.7352394229718326,1124.9142159476708,0.007352394229718326
