stock_code,corp_name,year,quarter,label,총자산증가율,유동자산증가율,매출액증가율,순이익증가율,영업이익증가율,매출액순이익률,매출총이익률,자기자본순이익률,매출채권회전율,재고자산회전율,총자본회전율,유형자산회전율,매출원가율,부채비율,유동비율,자기자본비율,당좌비율,비유동자산장기적합률,순운전자본비율,차입금의존도,현금비율,유형자산,무형자산,무형자산상각비,유형자산상각비,감가상각비,총자본영업이익률,총자본순이익률,유보액/납입자본비율,총자본투자효율
078600,대주전자재료,2020,Q1,0,2.306758275410144,4.490397133990601,,,,4.5927652964645755,19.953082584923777,2.0540450782986914,1.4851269672556626,1.2723962746587254,0.19337113600211134,0.19337113600211134,80.04691741507622,131.28319042460194,105.3234402241959,43.237037597248076,66.38842219754628,3.8306561329954305,1.6632819456487389,42.57430083849128,18.92105513109917,128762672664.0,1339471432.0,,,,1.2814389661691663,0.8881082427684287,652.5631079088341,0.008881082427684288
