stock_code,corp_name,year,quarter,label,총자산증가율,유동자산증가율,매출액증가율,순이익증가율,영업이익증가율,매출액순이익률,매출총이익률,자기자본순이익률,매출채권회전율,재고자산회전율,총자본회전율,유형자산회전율,매출원가율,부채비율,유동비율,자기자본비율,당좌비율,비유동자산장기적합률,순운전자본비율,차입금의존도,현금비율,유형자산,무형자산,무형자산상각비,유형자산상각비,감가상각비,총자본영업이익률,총자본순이익률,유보액/납입자본비율,총자본투자효율
078940,퀀타피아(주),2022,Q1,1,-9.589473077326117,-19.019230154199697,,,,-0.7663916428076668,16.901235389135277,-0.44034139002492095,1.7166177627221746,1.2645068009605307,0.24724043310785573,0.24724043310785573,83.09876461086473,132.39097231883719,97.56025958231413,43.03093145236356,65.27236052264477,5.440827842030135,-1.2277126415334638,22.31707401335842,3.594780586739206,93393422.0,39068333.0,3410667.0,74036294.0,77446961.0,0.19844980604115983,-0.18948300169800858,3.208469401643738,-0.0018948300169800859
