stock_code,corp_name,year,quarter,label,총자산증가율,유동자산증가율,매출액증가율,순이익증가율,영업이익증가율,매출액순이익률,매출총이익률,자기자본순이익률,매출채권회전율,재고자산회전율,총자본회전율,유형자산회전율,매출원가율,부채비율,유동비율,자기자본비율,당좌비율,비유동자산장기적합률,순운전자본비율,차입금의존도,현금비율,유형자산,무형자산,무형자산상각비,유형자산상각비,감가상각비,총자본영업이익률,총자본순이익률,유보액/납입자본비율,총자본투자효율
078940,퀀타피아(주),2018,Q1,1,6.653467940661612,32.92095024854676,,,,-47.1866894860675,18.89833196857754,-12.221199050186245,0.525652682246874,20.106614510398277,0.07915210253759615,0.07915210253759615,81.10166803142246,227.21398180803033,41.75438429404201,30.5610412634103,41.19549026978794,33.160645968312664,-33.27262496933909,24.249894421251298,14.835627468383583,1537493923.0,1338281617.0,134436650.0,229361149.0,363797799.0,-1.0007147973845727,-3.734925684610925,-30.324008476778587,-0.02878290361436604
