stock_code,corp_name,year,quarter,label,총자산증가율,유동자산증가율,매출액증가율,순이익증가율,영업이익증가율,매출액순이익률,매출총이익률,자기자본순이익률,매출채권회전율,재고자산회전율,총자본회전율,유형자산회전율,매출원가율,부채비율,유동비율,자기자본비율,당좌비율,비유동자산장기적합률,순운전자본비율,차입금의존도,현금비율,유형자산,무형자산,무형자산상각비,유형자산상각비,감가상각비,총자본영업이익률,총자본순이익률,유보액/납입자본비율,총자본투자효율
078940,퀀타피아(주),2016,Q1,1,1.1209724753899741,5.943168030377742,-81.58422300407327,21.216680495699986,48.644844435004146,-59.27229453479338,19.57778858569431,-3.2679772505002065,0.16311628121589988,,0.021765144569368976,0.021765144569368976,80.42221141430569,153.31781219281518,292.7319040424971,39.476102818969586,292.7319040424971,,54.56571137015579,27.0922997970663,0.05600137764436497,30826228.0,14944273.0,2328420.0,7650053.0,9978473.0,-0.6374940411211425,-1.2900700595079968,-161.84105682981678,-0.012900700595079967
