stock_code,corp_name,year,quarter,label,총자산증가율,유동자산증가율,매출액증가율,순이익증가율,영업이익증가율,매출액순이익률,매출총이익률,자기자본순이익률,매출채권회전율,재고자산회전율,총자본회전율,유형자산회전율,매출원가율,부채비율,유동비율,자기자본비율,당좌비율,비유동자산장기적합률,순운전자본비율,차입금의존도,현금비율,유형자산,무형자산,무형자산상각비,유형자산상각비,감가상각비,총자본영업이익률,총자본순이익률,유보액/납입자본비율,총자본투자효율
080440,(주)에스제이케이,2017,Q1,1,-3.378468391023019,-25.595749255501655,,,,-32.35516621434845,27.21154452243491,-6.178749506793338,1.5846651095030455,1.2052037832815117,0.05733291281823815,0.05733291281823815,72.78845547756508,233.08336750985882,18.235300777127716,30.022513807159747,12.210669302360227,,-46.993888452151516,46.66009059261753,1.1088718142051037,20383372337.0,152297453.0,,,,-1.4360672417664584,-1.8550159237868444,-261.80252237839386,-0.018550159237868444
