stock_code,corp_name,year,quarter,label,총자산증가율,유동자산증가율,매출액증가율,순이익증가율,영업이익증가율,매출액순이익률,매출총이익률,자기자본순이익률,매출채권회전율,재고자산회전율,총자본회전율,유형자산회전율,매출원가율,부채비율,유동비율,자기자본비율,당좌비율,비유동자산장기적합률,순운전자본비율,차입금의존도,현금비율,유형자산,무형자산,무형자산상각비,유형자산상각비,감가상각비,총자본영업이익률,총자본순이익률,유보액/납입자본비율,총자본투자효율
080440,(주)에스제이케이,2021,Q1,1,-1.2165940728514297,-7.4990203429730045,,,,-245.73294951754647,100.0,-0.2774629182871823,0.011941275404840673,,0.00023252466651988178,0.00023252466651988178,,385.59312129330885,15.52442282712897,20.59337243774461,9.108812237242214,18.4746439034228,-56.33554125543627,44.29417389914016,0.6825040485131134,23992143893.0,3727388516.0,,,,-0.05713897213951443,-0.05713897213951443,236.40666799239978,-0.0005713897213951443
