stock_code,corp_name,year,quarter,label,총자산증가율,유동자산증가율,매출액증가율,순이익증가율,영업이익증가율,매출액순이익률,매출총이익률,자기자본순이익률,매출채권회전율,재고자산회전율,총자본회전율,유형자산회전율,매출원가율,부채비율,유동비율,자기자본비율,당좌비율,비유동자산장기적합률,순운전자본비율,차입금의존도,현금비율,유형자산,무형자산,무형자산상각비,유형자산상각비,감가상각비,총자본영업이익률,총자본순이익률,유보액/납입자본비율,총자본투자효율
080580,오킨스전자,2019,Q1,0,-0.3119638661003281,-5.751264808436647,,,,-6.166235020221946,22.63561751058816,-1.777949502723376,1.1783185115785033,0.7158852530163837,0.1377563607151529,0.1377563607151529,77.36438248941184,109.30889628372495,105.41643457641206,47.776277920096994,60.43016744735993,9.391894015259117,1.7924326747837531,35.48657454200003,18.040231392125072,25268827749.0,3915644343.0,49659170.0,1301319076.0,1350978246.0,-0.44211368395549966,-0.8494380957001026,619.0815735806452,-0.008494380957001026
