stock_code,corp_name,year,quarter,label,총자산증가율,유동자산증가율,매출액증가율,순이익증가율,영업이익증가율,매출액순이익률,매출총이익률,자기자본순이익률,매출채권회전율,재고자산회전율,총자본회전율,유형자산회전율,매출원가율,부채비율,유동비율,자기자본비율,당좌비율,비유동자산장기적합률,순운전자본비율,차입금의존도,현금비율,유형자산,무형자산,무형자산상각비,유형자산상각비,감가상각비,총자본영업이익률,총자본순이익률,유보액/납입자본비율,총자본투자효율
080580,오킨스전자,2020,Q1,0,2.337802960936076,14.969125248839774,,,,11.14137819818571,24.848343416668424,4.116403624155881,1.2585643133272322,0.85097690065649,0.17965637374633528,0.17965637374633528,75.15165658333157,105.6536423101051,113.49499472380715,48.625445616572165,73.14429712932453,10.905217059994314,5.30621799327,31.678323986168987,32.572759871452206,25202629925.0,3979230030.0,114405056.0,1281072859.0,1395477915.0,0.6090073188163134,2.0016196056225235,661.1178291626674,0.020016196056225236
