stock_code,corp_name,year,quarter,label,총자산증가율,유동자산증가율,매출액증가율,순이익증가율,영업이익증가율,매출액순이익률,매출총이익률,자기자본순이익률,매출채권회전율,재고자산회전율,총자본회전율,유형자산회전율,매출원가율,부채비율,유동비율,자기자본비율,당좌비율,비유동자산장기적합률,순운전자본비율,차입금의존도,현금비율,유형자산,무형자산,무형자산상각비,유형자산상각비,감가상각비,총자본영업이익률,총자본순이익률,유보액/납입자본비율,총자본투자효율
080580,오킨스전자,2022,Q1,0,2.7995698665019697,1.4010688235909734,,,,2.029269624904732,21.44182000159155,0.8304550143002328,1.473881262391965,1.2380793436474768,0.18525880901266248,0.18525880901266248,78.55817999840845,120.90090203456853,147.9986305826598,45.26916779377891,109.85264695268656,7.67509715094005,14.791146282510509,28.873406664819605,62.697765072920184,30762016747.0,3613551068.0,143182874.0,1616013645.0,1759196519.0,0.873612084515627,0.37594007387542305,279.38219585415663,0.0037594007387542305
