stock_code,corp_name,year,quarter,label,총자산증가율,유동자산증가율,매출액증가율,순이익증가율,영업이익증가율,매출액순이익률,매출총이익률,자기자본순이익률,매출채권회전율,재고자산회전율,총자본회전율,유형자산회전율,매출원가율,부채비율,유동비율,자기자본비율,당좌비율,비유동자산장기적합률,순운전자본비율,차입금의존도,현금비율,유형자산,무형자산,무형자산상각비,유형자산상각비,감가상각비,총자본영업이익률,총자본순이익률,유보액/납입자본비율,총자본투자효율
084850,아이티엠반도체,2020,Q1,0,3.8549160055167975,2.3848352316328163,,,,12.601196317673402,23.894682601824496,4.169321998518527,1.6071158508411612,1.8899480528496362,0.20641099770470192,0.20641099770470192,76.10531739817552,60.295313974432766,172.84182359041316,62.384855502357404,145.47512375096204,6.854945031900214,22.123628043584496,23.43646354539397,35.18769226324673,172132366977.0,10316760103.0,,,,2.655216222897916,2.6010255042037826,2329.8037789853156,0.026010255042037828
