stock_code,corp_name,year,quarter,label,총자산증가율,유동자산증가율,매출액증가율,순이익증가율,영업이익증가율,매출액순이익률,매출총이익률,자기자본순이익률,매출채권회전율,재고자산회전율,총자본회전율,유형자산회전율,매출원가율,부채비율,유동비율,자기자본비율,당좌비율,비유동자산장기적합률,순운전자본비율,차입금의존도,현금비율,유형자산,무형자산,무형자산상각비,유형자산상각비,감가상각비,총자본영업이익률,총자본순이익률,유보액/납입자본비율,총자본투자효율
084850,아이티엠반도체,2022,Q1,0,-0.4027503892438942,-9.987273597779708,,,,-2.839248890343835,10.34679486132099,-1.383703573520601,1.5907291077600152,1.2378563052986566,0.19384303787450846,0.19384303787450846,89.653205138679,151.41396104875733,88.37018329146638,39.775038578946194,56.74172866801512,3.886279776627225,-5.162269720387452,44.87111301767456,23.716431536715262,334126111126.0,4446626320.0,,,,-0.8021347870796487,-0.5503686301860762,2178.388995064908,-0.005503686301860762
