stock_code,corp_name,year,quarter,label,총자산증가율,유동자산증가율,매출액증가율,순이익증가율,영업이익증가율,매출액순이익률,매출총이익률,자기자본순이익률,매출채권회전율,재고자산회전율,총자본회전율,유형자산회전율,매출원가율,부채비율,유동비율,자기자본비율,당좌비율,비유동자산장기적합률,순운전자본비율,차입금의존도,현금비율,유형자산,무형자산,무형자산상각비,유형자산상각비,감가상각비,총자본영업이익률,총자본순이익률,유보액/납입자본비율,총자본투자효율
085670,뉴프렉스,2019,Q1,0,4.56978978135856,8.332127570772602,,,,-4.889230284655458,5.989509593454786,-2.920563230225566,1.1993232347605047,1.3283984084696312,0.22877101031073974,0.22877101031073974,94.01049040654522,161.11097703702612,122.22070859956611,38.29789200544402,77.93640481854544,3.379758061609974,8.123759251476415,28.031605765340107,12.849706501192038,78370681475.0,4133984371.0,92655771.0,2462164049.0,2554819820.0,-0.9463395685741225,-1.1185141518624946,88.22447148071817,-0.011185141518624946
