stock_code,corp_name,year,quarter,label,총자산증가율,유동자산증가율,매출액증가율,순이익증가율,영업이익증가율,매출액순이익률,매출총이익률,자기자본순이익률,매출채권회전율,재고자산회전율,총자본회전율,유형자산회전율,매출원가율,부채비율,유동비율,자기자본비율,당좌비율,비유동자산장기적합률,순운전자본비율,차입금의존도,현금비율,유형자산,무형자산,무형자산상각비,유형자산상각비,감가상각비,총자본영업이익률,총자본순이익률,유보액/납입자본비율,총자본투자효율
085670,뉴프렉스,2022,Q1,0,2.1203009458891624,5.141542042987848,,,,11.180077189827529,16.437601152992894,12.42051125571203,1.7399745038930787,2.54717415566286,0.393961673027259,0.393961673027259,83.5623988470071,181.99453873638058,71.27922680337389,35.46167966518099,49.20391923308384,16.260713159349137,-16.814950632378487,35.114267329639674,2.0864651767347673,95710939405.0,808035996.0,75952041.0,2568189089.0,2644141130.0,3.914917218082296,4.404521914278349,42.841430714561334,0.04404521914278349
