stock_code,corp_name,year,quarter,label,총자산증가율,유동자산증가율,매출액증가율,순이익증가율,영업이익증가율,매출액순이익률,매출총이익률,자기자본순이익률,매출채권회전율,재고자산회전율,총자본회전율,유형자산회전율,매출원가율,부채비율,유동비율,자기자본비율,당좌비율,비유동자산장기적합률,순운전자본비율,차입금의존도,현금비율,유형자산,무형자산,무형자산상각비,유형자산상각비,감가상각비,총자본영업이익률,총자본순이익률,유보액/납입자본비율,총자본투자효율
085670,뉴프렉스,2020,Q1,0,0.7758678277343274,-2.9128434876181295,,,,-8.904735763492905,-1.8403944578922211,-7.311658221051285,1.7574286046219691,2.5087317480831577,0.27464637575939177,0.27464637575939177,101.84039445789222,198.96543015797488,65.8045459847638,33.44868333009588,43.805799818618176,5.041486403377067,-17.330462982496442,33.155037851404416,5.692008493907566,84837351769.0,5930754030.0,111677452.0,2090874638.0,2202552090.0,-2.8932111490315595,-2.445653404538367,41.37761534655364,-0.024456534045383668
