stock_code,corp_name,year,quarter,label,총자산증가율,유동자산증가율,매출액증가율,순이익증가율,영업이익증가율,매출액순이익률,매출총이익률,자기자본순이익률,매출채권회전율,재고자산회전율,총자본회전율,유형자산회전율,매출원가율,부채비율,유동비율,자기자본비율,당좌비율,비유동자산장기적합률,순운전자본비율,차입금의존도,현금비율,유형자산,무형자산,무형자산상각비,유형자산상각비,감가상각비,총자본영업이익률,총자본순이익률,유보액/납입자본비율,총자본투자효율
086520,에코프로,2019,Q1,0,27.506141415397263,56.57376212411977,,,,5.5357808823792976,15.004358138207904,2.61843629499653,2.1955350892571124,0.9369578033380704,0.23030370636227634,0.23030370636227634,84.9956418617921,105.38191239758272,166.10410218116584,48.68977936402591,96.60976399034577,,19.872684619886815,0.0,26.033103373386634,370607354657.0,17268834605.0,,,,1.9162441219388628,1.274910854821385,2273.600625617044,0.01274910854821385
