stock_code,corp_name,year,quarter,label,총자산증가율,유동자산증가율,매출액증가율,순이익증가율,영업이익증가율,매출액순이익률,매출총이익률,자기자본순이익률,매출채권회전율,재고자산회전율,총자본회전율,유형자산회전율,매출원가율,부채비율,유동비율,자기자본비율,당좌비율,비유동자산장기적합률,순운전자본비율,차입금의존도,현금비율,유형자산,무형자산,무형자산상각비,유형자산상각비,감가상각비,총자본영업이익률,총자본순이익률,유보액/납입자본비율,총자본투자효율
086520,에코프로,2022,Q1,0,14.463418396887128,23.956185999735478,,,,,12.908591178152781,,1.7624165921582506,0.762742665566782,0.17484022962770257,0.17484022962770257,87.09140882184721,,148.38226866980287,,90.8165570950347,,16.778803783811412,0.0,14.58106126520184,1192027916522.0,621021384831.0,,,,1.3844363088035632,,3164.628717151286,
