stock_code,corp_name,year,quarter,label,총자산증가율,유동자산증가율,매출액증가율,순이익증가율,영업이익증가율,매출액순이익률,매출총이익률,자기자본순이익률,매출채권회전율,재고자산회전율,총자본회전율,유형자산회전율,매출원가율,부채비율,유동비율,자기자본비율,당좌비율,비유동자산장기적합률,순운전자본비율,차입금의존도,현금비율,유형자산,무형자산,무형자산상각비,유형자산상각비,감가상각비,총자본영업이익률,총자본순이익률,유보액/납입자본비율,총자본투자효율
086520,에코프로,2020,Q1,0,3.041830909077433,2.209707369808313,,,,3.586463622686939,14.758708531636383,1.4356638682058653,1.9874623461154766,0.7270790325704933,0.18650264560405674,0.18650264560405674,85.24129146836363,114.6353957633082,127.3556338228556,46.59063787888752,56.51541533821827,,8.443456822220895,0.0,20.635085013872068,530055043840.0,16076110392.0,,,,1.1149639892844792,0.6688849539938236,2360.60181629937,0.006688849539938237
