stock_code,corp_name,year,quarter,label,총자산증가율,유동자산증가율,매출액증가율,순이익증가율,영업이익증가율,매출액순이익률,매출총이익률,자기자본순이익률,매출채권회전율,재고자산회전율,총자본회전율,유형자산회전율,매출원가율,부채비율,유동비율,자기자본비율,당좌비율,비유동자산장기적합률,순운전자본비율,차입금의존도,현금비율,유형자산,무형자산,무형자산상각비,유형자산상각비,감가상각비,총자본영업이익률,총자본순이익률,유보액/납입자본비율,총자본투자효율
087600,픽셀플러스,2022,Q1,0,1.413163092303272,5.631892181400413,,,,1.6900159960458312,25.22010118465942,0.32500758023899623,4.780509760157353,0.45581295243583064,0.17325813899226372,0.17325813899226372,74.77989881534059,10.996434877429088,706.6066958804702,90.09298371648404,338.398946233117,25.412664433333333,46.82805625839042,1.7885676795572705,83.58091955438356,19140787466.0,2349763755.0,6576981.0,229063765.0,235640746.0,0.9346293742988534,0.29280902634205763,2151.1596128993388,0.0029280902634205765
