stock_code,corp_name,year,quarter,label,총자산증가율,유동자산증가율,매출액증가율,순이익증가율,영업이익증가율,매출액순이익률,매출총이익률,자기자본순이익률,매출채권회전율,재고자산회전율,총자본회전율,유형자산회전율,매출원가율,부채비율,유동비율,자기자본비율,당좌비율,비유동자산장기적합률,순운전자본비율,차입금의존도,현금비율,유형자산,무형자산,무형자산상각비,유형자산상각비,감가상각비,총자본영업이익률,총자본순이익률,유보액/납입자본비율,총자본투자효율
087600,픽셀플러스,2020,Q1,0,0.8762852904444429,-5.115133061732453,,,,17.790324598387354,32.14721890498659,2.2229939684076103,16.16480866915727,0.9993002886256136,0.11631630423264618,0.11631630423264618,67.85278109501341,7.427091427101698,1029.1885524623108,93.08638879780004,889.7970307896277,,52.64773918421878,0.0,138.26017567519693,10500763904.0,2346609673.0,20650566.0,185481697.0,206132263.0,0.14762354317957394,2.069304808383552,1995.4295582545303,0.02069304808383552
