stock_code,corp_name,year,quarter,label,총자산증가율,유동자산증가율,매출액증가율,순이익증가율,영업이익증가율,매출액순이익률,매출총이익률,자기자본순이익률,매출채권회전율,재고자산회전율,총자본회전율,유형자산회전율,매출원가율,부채비율,유동비율,자기자본비율,당좌비율,비유동자산장기적합률,순운전자본비율,차입금의존도,현금비율,유형자산,무형자산,무형자산상각비,유형자산상각비,감가상각비,총자본영업이익률,총자본순이익률,유보액/납입자본비율,총자본투자효율
087600,픽셀플러스,2019,Q1,0,-3.2595953032349496,-4.263790015994351,,,,-23.8795456189586,28.600592708999244,-2.147642380028315,8.916078247371791,0.4806644065284874,0.08561788979442292,0.08561788979442292,71.39940729100076,5.044032890513647,1652.5556355715696,95.19817285026461,1347.2024518087821,,64.663898209969,0.0,167.61729754557336,9517000335.0,2670091405.0,122549512.0,151371433.0,273920945.0,-2.391444842061001,-2.0445163051448922,2059.4847092740906,-0.02044516305144892
