stock_code,corp_name,year,quarter,label,총자산증가율,유동자산증가율,매출액증가율,순이익증가율,영업이익증가율,매출액순이익률,매출총이익률,자기자본순이익률,매출채권회전율,재고자산회전율,총자본회전율,유형자산회전율,매출원가율,부채비율,유동비율,자기자본비율,당좌비율,비유동자산장기적합률,순운전자본비율,차입금의존도,현금비율,유형자산,무형자산,무형자산상각비,유형자산상각비,감가상각비,총자본영업이익률,총자본순이익률,유보액/납입자본비율,총자본투자효율
091120,이엠텍,2019,Q1,0,4.214246081813957,-12.483970524330505,,,,4.685699614950883,13.943273335500708,1.683794223544412,1.8184544009563914,1.2463403404383688,0.23948013063824097,0.23948013063824097,86.0567266644993,50.05313899682447,147.69083560365516,66.64305769845726,75.04435218145403,,10.855204078137014,0.0,13.42981787321711,85754841571.0,21838420016.0,,,,-0.17392655860112352,1.1221319559199927,2114.9791038169164,0.011221319559199928
