stock_code,corp_name,year,quarter,label,총자산증가율,유동자산증가율,매출액증가율,순이익증가율,영업이익증가율,매출액순이익률,매출총이익률,자기자본순이익률,매출채권회전율,재고자산회전율,총자본회전율,유형자산회전율,매출원가율,부채비율,유동비율,자기자본비율,당좌비율,비유동자산장기적합률,순운전자본비율,차입금의존도,현금비율,유형자산,무형자산,무형자산상각비,유형자산상각비,감가상각비,총자본영업이익률,총자본순이익률,유보액/납입자본비율,총자본투자효율
091120,이엠텍,2020,Q1,0,2.844364809303611,9.185992454730673,,,,-7.5561875531655485,5.93929114797592,-1.9774708643540873,1.6379094807338759,1.0556355312614119,0.18209077503162924,0.18209077503162924,94.06070885202408,43.720731819891704,240.60601435592918,69.57938408309681,144.60242649960995,,23.762855446754745,0.0,69.9420282921517,82791937009.0,17877419881.0,,,,-3.0293214001607223,-1.375912047840265,2083.817509515012,-0.01375912047840265
