stock_code,corp_name,year,quarter,label,총자산증가율,유동자산증가율,매출액증가율,순이익증가율,영업이익증가율,매출액순이익률,매출총이익률,자기자본순이익률,매출채권회전율,재고자산회전율,총자본회전율,유형자산회전율,매출원가율,부채비율,유동비율,자기자본비율,당좌비율,비유동자산장기적합률,순운전자본비율,차입금의존도,현금비율,유형자산,무형자산,무형자산상각비,유형자산상각비,감가상각비,총자본영업이익률,총자본순이익률,유보액/납입자본비율,총자본투자효율
091120,이엠텍,2022,Q1,0,7.319867121820502,15.872387932294313,,,,12.727178649600571,22.95572907471864,6.803340610381974,2.019251583253467,1.561981958992462,0.3116233551313604,0.3116233551313604,77.04427092528137,71.53789448870336,204.65763362455024,58.296156833489356,145.09422334476153,,27.007581241045454,0.0,71.76687313245917,125907174995.0,8793738364.0,,,,3.835898289023426,3.966086112144747,2713.2515773302375,0.03966086112144747
