stock_code,corp_name,year,quarter,label,총자산증가율,유동자산증가율,매출액증가율,순이익증가율,영업이익증가율,매출액순이익률,매출총이익률,자기자본순이익률,매출채권회전율,재고자산회전율,총자본회전율,유형자산회전율,매출원가율,부채비율,유동비율,자기자본비율,당좌비율,비유동자산장기적합률,순운전자본비율,차입금의존도,현금비율,유형자산,무형자산,무형자산상각비,유형자산상각비,감가상각비,총자본영업이익률,총자본순이익률,유보액/납입자본비율,총자본투자효율
091340,S&K폴리텍,2020,Q1,0,20.90477861725682,39.80579055061029,,,,1.75727404010604,15.4065613652023,0.9218066457923678,1.778882807792772,1.3983772638143976,0.23387588596771086,0.23387588596771086,84.5934386347977,124.2925744469419,184.5340216990913,44.584623564368485,141.2312236858653,,27.619342919271645,0.0,61.06432316375556,84568900915.0,23113530164.0,1207282558.0,1732167319.0,2939449877.0,0.1913588955608942,0.4109840230178588,1620.820645399869,0.004109840230178588
