stock_code,corp_name,year,quarter,label,총자산증가율,유동자산증가율,매출액증가율,순이익증가율,영업이익증가율,매출액순이익률,매출총이익률,자기자본순이익률,매출채권회전율,재고자산회전율,총자본회전율,유형자산회전율,매출원가율,부채비율,유동비율,자기자본비율,당좌비율,비유동자산장기적합률,순운전자본비율,차입금의존도,현금비율,유형자산,무형자산,무형자산상각비,유형자산상각비,감가상각비,총자본영업이익률,총자본순이익률,유보액/납입자본비율,총자본투자효율
091340,S&K폴리텍,2019,Q1,0,19.76605177727729,43.73667313039075,,,,3.816905808070359,16.0747002641937,4.109265731642619,1.9483435289314246,1.9964552664777373,0.35361414357898446,0.35361414357898446,83.92529973580629,204.45503201651115,121.48816427751252,32.84557306793892,88.19009647006894,,9.592752219071341,0.0,32.43897804173813,73559725814.0,30175572219.0,1218319026.0,1559612073.0,2777931099.0,1.8337416826306976,1.3497118784424516,1265.685303759377,0.013497118784424516
