stock_code,corp_name,year,quarter,label,총자산증가율,유동자산증가율,매출액증가율,순이익증가율,영업이익증가율,매출액순이익률,매출총이익률,자기자본순이익률,매출채권회전율,재고자산회전율,총자본회전율,유형자산회전율,매출원가율,부채비율,유동비율,자기자본비율,당좌비율,비유동자산장기적합률,순운전자본비율,차입금의존도,현금비율,유형자산,무형자산,무형자산상각비,유형자산상각비,감가상각비,총자본영업이익률,총자본순이익률,유보액/납입자본비율,총자본투자효율
091340,S&K폴리텍,2022,Q1,0,4.23726052558719,6.135060002763989,,,,0.6330967256567959,12.537335010351233,0.49648352261096007,1.8384773835385761,1.7330646042651319,0.32269706157565325,0.32269706157565325,87.46266498964876,143.01873810997125,141.65105154504369,41.14909030378877,106.03159482436217,,19.043275205753638,0.0,61.51306732576406,86839195752.0,6819251303.0,,,,0.49736454948823283,0.2042984530626155,1479.6244103392416,0.002042984530626155
