stock_code,corp_name,year,quarter,label,총자산증가율,유동자산증가율,매출액증가율,순이익증가율,영업이익증가율,매출액순이익률,매출총이익률,자기자본순이익률,매출채권회전율,재고자산회전율,총자본회전율,유형자산회전율,매출원가율,부채비율,유동비율,자기자본비율,당좌비율,비유동자산장기적합률,순운전자본비율,차입금의존도,현금비율,유형자산,무형자산,무형자산상각비,유형자산상각비,감가상각비,총자본영업이익률,총자본순이익률,유보액/납입자본비율,총자본투자효율
091700,파트론,2020,Q1,0,18.057040048785954,39.69893460608795,,,,4.032331403397062,11.369240483483958,2.6950850245517306,1.9848029028355338,2.3956990827380755,0.43295564407212506,0.43295564407212506,88.63075951651605,54.37353431406153,141.92165094867082,64.7779429578631,95.42423782871629,,14.441263618716778,8.411326521316893,23.563258079717034,260067016267.0,24876280578.0,,,,1.932009447053601,1.7458206398700307,1314.6032133740032,0.017458206398700306
