stock_code,corp_name,year,quarter,label,총자산증가율,유동자산증가율,매출액증가율,순이익증가율,영업이익증가율,매출액순이익률,매출총이익률,자기자본순이익률,매출채권회전율,재고자산회전율,총자본회전율,유형자산회전율,매출원가율,부채비율,유동비율,자기자본비율,당좌비율,비유동자산장기적합률,순운전자본비율,차입금의존도,현금비율,유형자산,무형자산,무형자산상각비,유형자산상각비,감가상각비,총자본영업이익률,총자본순이익률,유보액/납입자본비율,총자본투자효율
091700,파트론,2019,Q1,0,26.697012510320146,58.40363358431282,,,,7.018442365661246,16.76746732636639,5.654758420703249,1.936007008026205,2.7216538915852135,0.4921368274551169,0.4921368274551169,83.23253267363361,63.71461563453644,122.0404665947074,61.08190133936001,82.85407658072467,,8.465090529320598,9.777982682977155,10.235487309191422,260534601158.0,25374032398.0,,,,4.377690664452265,3.4540339595131107,1214.5633905792502,0.03454033959513111
