stock_code,corp_name,year,quarter,label,총자산증가율,유동자산증가율,매출액증가율,순이익증가율,영업이익증가율,매출액순이익률,매출총이익률,자기자본순이익률,매출채권회전율,재고자산회전율,총자본회전율,유형자산회전율,매출원가율,부채비율,유동비율,자기자본비율,당좌비율,비유동자산장기적합률,순운전자본비율,차입금의존도,현금비율,유형자산,무형자산,무형자산상각비,유형자산상각비,감가상각비,총자본영업이익률,총자본순이익률,유보액/납입자본비율,총자본투자효율
091700,파트론,2022,Q1,0,6.690067491515565,10.88243432142986,,,,4.5622783213076525,11.673710530115466,3.413656522204944,2.1107106451015105,2.29499798462807,0.49607261001611874,0.49607261001611874,88.32628946988453,50.83175915576679,161.7820324477021,66.29903447371991,104.50933372464277,,20.595269059663366,10.73924005391979,21.14370097241891,277157991720.0,14789721145.0,,,,2.8664199331711457,2.263221314471044,1436.7336680979502,0.02263221314471044
