stock_code,corp_name,year,quarter,label,총자산증가율,유동자산증가율,매출액증가율,순이익증가율,영업이익증가율,매출액순이익률,매출총이익률,자기자본순이익률,매출채권회전율,재고자산회전율,총자본회전율,유형자산회전율,매출원가율,부채비율,유동비율,자기자본비율,당좌비율,비유동자산장기적합률,순운전자본비율,차입금의존도,현금비율,유형자산,무형자산,무형자산상각비,유형자산상각비,감가상각비,총자본영업이익률,총자본순이익률,유보액/납입자본비율,총자본투자효율
092300,현우산업,2022,Q1,0,2.2480169158690324,4.434175271898882,,,,1.2689106899557796,7.965168256704956,0.7028908293604408,1.1252247281109777,1.2863501337812453,0.2388770417896554,0.2388770417896554,92.03483174329504,131.890207288572,116.47330174747911,43.12385640138595,75.05626666466586,,6.797811014370369,0.0,13.504481152203631,95166373589.0,462359176.0,,,,0.6277373348874132,0.30311363191190727,851.256556754928,0.0030311363191190726
