stock_code,corp_name,year,quarter,label,총자산증가율,유동자산증가율,매출액증가율,순이익증가율,영업이익증가율,매출액순이익률,매출총이익률,자기자본순이익률,매출채권회전율,재고자산회전율,총자본회전율,유형자산회전율,매출원가율,부채비율,유동비율,자기자본비율,당좌비율,비유동자산장기적합률,순운전자본비율,차입금의존도,현금비율,유형자산,무형자산,무형자산상각비,유형자산상각비,감가상각비,총자본영업이익률,총자본순이익률,유보액/납입자본비율,총자본투자효율
092300,현우산업,2020,Q1,0,-0.7462469585516857,-1.1973079990937294,,,,-5.325210327497341,4.032178440736741,-2.9711838086816114,1.7560975219963655,2.0154838267892057,0.2437262663489016,0.2437262663489016,95.96782155926326,128.92352181498887,83.30590212406818,43.68271080540945,54.54184584942037,,-6.735370342345581,0.0,11.854935481575808,103956323954.0,3046087955.0,,,,-0.3774559211100492,-1.2978936306435382,854.6649008885918,-0.012978936306435382
