stock_code,corp_name,year,quarter,label,총자산증가율,유동자산증가율,매출액증가율,순이익증가율,영업이익증가율,매출액순이익률,매출총이익률,자기자본순이익률,매출채권회전율,재고자산회전율,총자본회전율,유형자산회전율,매출원가율,부채비율,유동비율,자기자본비율,당좌비율,비유동자산장기적합률,순운전자본비율,차입금의존도,현금비율,유형자산,무형자산,무형자산상각비,유형자산상각비,감가상각비,총자본영업이익률,총자본순이익률,유보액/납입자본비율,총자본투자효율
094820,일진파워,2022,Q1,0,-3.146457507045225,-6.349719442616797,,,,14.806327992199178,18.479600366522178,4.706372320761411,1.1861221089686396,,0.2093553679527393,0.2093553679527393,81.52039963347782,51.829029023621956,239.65579878951874,65.86355761021284,239.65579878951874,,30.899306243586427,0.0,139.49760026761064,46661010594.0,1113450709.0,,,,2.6807949616565105,3.0997842448358024,1392.9330912613275,0.030997842448358025
