stock_code,corp_name,year,quarter,label,총자산증가율,유동자산증가율,매출액증가율,순이익증가율,영업이익증가율,매출액순이익률,매출총이익률,자기자본순이익률,매출채권회전율,재고자산회전율,총자본회전율,유형자산회전율,매출원가율,부채비율,유동비율,자기자본비율,당좌비율,비유동자산장기적합률,순운전자본비율,차입금의존도,현금비율,유형자산,무형자산,무형자산상각비,유형자산상각비,감가상각비,총자본영업이익률,총자본순이익률,유보액/납입자본비율,총자본투자효율
094820,일진파워,2020,Q1,0,-1.1757286524207309,-6.464664397329398,,,,8.670209105319826,13.065406106192073,4.206014805045241,1.1125683091098235,,0.31763411768389377,0.31763411768389377,86.93459389380793,52.72638795388376,196.71255166287258,65.47656979237624,196.71255166287258,,23.576046980938337,0.0,79.03463371345308,45887306881.0,1327176557.0,,,,3.0297184095811773,2.7539542193031252,1195.316759571393,0.02753954219303125
