stock_code,corp_name,year,quarter,label,총자산증가율,유동자산증가율,매출액증가율,순이익증가율,영업이익증가율,매출액순이익률,매출총이익률,자기자본순이익률,매출채권회전율,재고자산회전율,총자본회전율,유형자산회전율,매출원가율,부채비율,유동비율,자기자본비율,당좌비율,비유동자산장기적합률,순운전자본비율,차입금의존도,현금비율,유형자산,무형자산,무형자산상각비,유형자산상각비,감가상각비,총자본영업이익률,총자본순이익률,유보액/납입자본비율,총자본투자효율
094820,일진파워,2019,Q1,0,0.2700485491033062,-0.7726465918484168,,,,8.878809877475135,14.352568278856268,3.695450164317751,0.8280929961244254,4635.817433681904,0.2693423032189428,0.2693423032189428,85.64743172114373,54.52829891644897,187.71546146377193,64.71306595697946,187.69671361250994,,23.28183691845688,3.6033069293141704,49.827674606715604,42798367915.0,1336289481.0,,,,2.3245949463982636,2.391439102242252,1088.2400260393645,0.023914391022422522
