stock_code,corp_name,year,quarter,label,총자산증가율,유동자산증가율,매출액증가율,순이익증가율,영업이익증가율,매출액순이익률,매출총이익률,자기자본순이익률,매출채권회전율,재고자산회전율,총자본회전율,유형자산회전율,매출원가율,부채비율,유동비율,자기자본비율,당좌비율,비유동자산장기적합률,순운전자본비율,차입금의존도,현금비율,유형자산,무형자산,무형자산상각비,유형자산상각비,감가상각비,총자본영업이익률,총자본순이익률,유보액/납입자본비율,총자본투자효율
094970,제이엠티,2020,Q1,0,12.375647787426814,21.63522561227233,,,,4.3996559032746285,6.28131608701574,1.8292129025513766,1.0480771293503728,3.838221722610088,0.2948029752258164,0.2948029752258164,93.71868391298426,41.03070670569096,240.32207456140756,70.90654392641197,212.57195075585747,,36.398966796425555,0.0,71.14605309762058,20924425027.0,1576895589.0,6243031.0,1155141282.0,1161384313.0,-0.633087068721559,1.2970316502551873,559.9784150095771,0.012970316502551872
