stock_code,corp_name,year,quarter,label,총자산증가율,유동자산증가율,매출액증가율,순이익증가율,영업이익증가율,매출액순이익률,매출총이익률,자기자본순이익률,매출채권회전율,재고자산회전율,총자본회전율,유형자산회전율,매출원가율,부채비율,유동비율,자기자본비율,당좌비율,비유동자산장기적합률,순운전자본비율,차입금의존도,현금비율,유형자산,무형자산,무형자산상각비,유형자산상각비,감가상각비,총자본영업이익률,총자본순이익률,유보액/납입자본비율,총자본투자효율
094970,제이엠티,2019,Q1,0,-24.55292998560783,-37.30300584246072,,,,-1.9835965295980524,5.039618911636439,-0.5812875582341435,1.1728026336364432,2.339650163191337,0.23343076255176423,0.23343076255176423,94.96038108836356,25.5392700031215,317.4171447783577,79.65634976012966,260.9405166108538,,36.473264938907086,0.0,80.90049174732555,22710384032.0,1551789600.0,5902281.0,961463103.0,967365384.0,-1.3120208438378835,-0.46303245049910663,532.3771872029539,-0.004630324504991066
