stock_code,corp_name,year,quarter,label,총자산증가율,유동자산증가율,매출액증가율,순이익증가율,영업이익증가율,매출액순이익률,매출총이익률,자기자본순이익률,매출채권회전율,재고자산회전율,총자본회전율,유형자산회전율,매출원가율,부채비율,유동비율,자기자본비율,당좌비율,비유동자산장기적합률,순운전자본비율,차입금의존도,현금비율,유형자산,무형자산,무형자산상각비,유형자산상각비,감가상각비,총자본영업이익률,총자본순이익률,유보액/납입자본비율,총자본투자효율
094970,제이엠티,2022,Q1,0,-7.532827165317752,-8.762864123329637,,,,26.106983706156957,37.91504595512849,6.381784760982187,0.44930061325943815,4.595686223110746,0.17158330007593497,0.17158330007593497,62.08495404487151,42.46573995125084,352.5747351461335,70.19231433060199,342.1257559614583,,56.03082971742403,0.0,31.695322107593604,17693450519.0,639430894.0,,5628598.0,5628598.0,4.845481702033734,4.479522419331074,834.0015278023243,0.04479522419331074
