stock_code,corp_name,year,quarter,label,총자산증가율,유동자산증가율,매출액증가율,순이익증가율,영업이익증가율,매출액순이익률,매출총이익률,자기자본순이익률,매출채권회전율,재고자산회전율,총자본회전율,유형자산회전율,매출원가율,부채비율,유동비율,자기자본비율,당좌비율,비유동자산장기적합률,순운전자본비율,차입금의존도,현금비율,유형자산,무형자산,무형자산상각비,유형자산상각비,감가상각비,총자본영업이익률,총자본순이익률,유보액/납입자본비율,총자본투자효율
096040,이트론(주),2022,Q1,1,7.731339381272254,-5.5588751580874,,,,-11.172205959531539,19.440217835747323,-1.2078142785841597,0.6737292423543381,0.6386012282895078,0.05146216109809146,0.05146216109809146,80.55978216425268,110.07443595993666,95.50374788625595,47.602174697292064,83.01745683006347,,-2.3377267937256994,2.06544107756325,6.312638933755993,3129210027.0,16065673622.0,,,,-0.21738096603110352,-0.5749458629104696,-6.542055767682571,-0.005749458629104695
