stock_code,corp_name,year,quarter,label,총자산증가율,유동자산증가율,매출액증가율,순이익증가율,영업이익증가율,매출액순이익률,매출총이익률,자기자본순이익률,매출채권회전율,재고자산회전율,총자본회전율,유형자산회전율,매출원가율,부채비율,유동비율,자기자본비율,당좌비율,비유동자산장기적합률,순운전자본비율,차입금의존도,현금비율,유형자산,무형자산,무형자산상각비,유형자산상각비,감가상각비,총자본영업이익률,총자본순이익률,유보액/납입자본비율,총자본투자효율
096040,이트론(주),2018,Q1,1,-5.562845925612104,-5.858555484981343,,,,-25.413065836160325,6.995386167277194,-1.5754596637238147,0.4460708261437237,4.794323882680208,0.05929393875948262,0.05929393875948262,93.00461383272281,4.553825177696667,2074.753126650161,95.64451595151385,2048.149328313562,,85.38008595630464,0.0,1385.0479631291084,1182315979.0,2376365229.0,,,,-1.8079812829186013,-1.5068407693799903,,-0.015068407693799904
