stock_code,corp_name,year,quarter,label,총자산증가율,유동자산증가율,매출액증가율,순이익증가율,영업이익증가율,매출액순이익률,매출총이익률,자기자본순이익률,매출채권회전율,재고자산회전율,총자본회전율,유형자산회전율,매출원가율,부채비율,유동비율,자기자본비율,당좌비율,비유동자산장기적합률,순운전자본비율,차입금의존도,현금비율,유형자산,무형자산,무형자산상각비,유형자산상각비,감가상각비,총자본영업이익률,총자본순이익률,유보액/납입자본비율,총자본투자효율
096040,이트론(주),2019,Q1,1,-5.903099767191393,0.9022821724699615,,,,-13.951705576721404,11.309789376863263,-1.1539544143743012,0.8089299204320421,1.9389383158881461,0.07745776327645205,0.07745776327645205,88.69021062313674,6.781593677069917,577.9878307436594,93.64909864748893,521.7999164354367,,30.140508406367374,0.0,196.5095609568042,1123571401.0,459078358.0,,,,-1.172573181329002,-1.0806679078644426,,-0.010806679078644426
