stock_code,corp_name,year,quarter,label,총자산증가율,유동자산증가율,매출액증가율,순이익증가율,영업이익증가율,매출액순이익률,매출총이익률,자기자본순이익률,매출채권회전율,재고자산회전율,총자본회전율,유형자산회전율,매출원가율,부채비율,유동비율,자기자본비율,당좌비율,비유동자산장기적합률,순운전자본비율,차입금의존도,현금비율,유형자산,무형자산,무형자산상각비,유형자산상각비,감가상각비,총자본영업이익률,총자본순이익률,유보액/납입자본비율,총자본투자효율
098120,마이크로컨텍솔,2022,Q1,0,2.229803117825032,-1.3396178190674517,,,,11.73301247921278,20.105588602292062,3.967688393877216,1.6657106621413016,1.8400439264121604,0.27773100224219877,0.27773100224219877,79.89441139770794,21.759726280677093,430.0212650928641,82.1289625516099,338.0495573696859,,43.27133023664467,0.0,81.25507876440115,21034874381.0,494772123.0,,,,3.3842734322820074,3.258621315171991,934.7336777193055,0.03258621315171991
