stock_code,corp_name,year,quarter,label,총자산증가율,유동자산증가율,매출액증가율,순이익증가율,영업이익증가율,매출액순이익률,매출총이익률,자기자본순이익률,매출채권회전율,재고자산회전율,총자본회전율,유형자산회전율,매출원가율,부채비율,유동비율,자기자본비율,당좌비율,비유동자산장기적합률,순운전자본비율,차입금의존도,현금비율,유형자산,무형자산,무형자산상각비,유형자산상각비,감가상각비,총자본영업이익률,총자본순이익률,유보액/납입자본비율,총자본투자효율
098120,마이크로컨텍솔,2020,Q1,0,7.142530543022138,15.622557254599057,,,,-7.864328042093126,5.734852399077347,-1.8160727687195917,1.2066189457791525,1.7632847011731863,0.18526241299161703,0.18526241299161703,94.26514760092265,24.647711477254713,339.22168271881884,80.22610187933347,279.4252361800042,161.13342955045871,39.62243789054883,0.271914395945791,36.86055742690714,13714023116.0,569727786.0,,,,-1.930366100674436,-1.4569643896358115,674.826742073577,-0.014569643896358116
