stock_code,corp_name,year,quarter,label,총자산증가율,유동자산증가율,매출액증가율,순이익증가율,영업이익증가율,매출액순이익률,매출총이익률,자기자본순이익률,매출채권회전율,재고자산회전율,총자본회전율,유형자산회전율,매출원가율,부채비율,유동비율,자기자본비율,당좌비율,비유동자산장기적합률,순운전자본비율,차입금의존도,현금비율,유형자산,무형자산,무형자산상각비,유형자산상각비,감가상각비,총자본영업이익률,총자본순이익률,유보액/납입자본비율,총자본투자효율
098120,마이크로컨텍솔,2019,Q1,0,-3.3270985161219513,-5.243499258263321,,,,-13.36711585054578,3.180301624267015,-2.315180526548991,1.5088278806930628,1.585955757528996,0.15618223125731506,0.15618223125731506,96.81969837573298,10.895909185604863,669.9850770242057,90.17465182834783,531.6529614190624,,39.28662730214282,0.0,92.85636665881515,14744168073.0,402055487.0,,,,-2.6354400904351243,-2.087705979013263,650.731948715987,-0.02087705979013263
