stock_code,corp_name,year,quarter,label,총자산증가율,유동자산증가율,매출액증가율,순이익증가율,영업이익증가율,매출액순이익률,매출총이익률,자기자본순이익률,매출채권회전율,재고자산회전율,총자본회전율,유형자산회전율,매출원가율,부채비율,유동비율,자기자본비율,당좌비율,비유동자산장기적합률,순운전자본비율,차입금의존도,현금비율,유형자산,무형자산,무형자산상각비,유형자산상각비,감가상각비,총자본영업이익률,총자본순이익률,유보액/납입자본비율,총자본투자효율
101160,월덱스,2020,Q1,0,7.568902861647684,13.024380106294945,,,,20.945691383109192,32.60415763439987,7.223251411720674,1.4013519762637543,0.7959546128053442,0.2092677560777349,0.2092677560777349,67.39584236560013,64.79184394876374,221.5439224804117,60.68261486963608,154.36052505329727,59.18740392238113,32.05666990052224,17.453289104250942,92.40435855416948,55061513999.0,7694530611.0,,,,4.31305762464934,4.383257835240008,,0.043832578352400085
