stock_code,corp_name,year,quarter,label,총자산증가율,유동자산증가율,매출액증가율,순이익증가율,영업이익증가율,매출액순이익률,매출총이익률,자기자본순이익률,매출채권회전율,재고자산회전율,총자본회전율,유형자산회전율,매출원가율,부채비율,유동비율,자기자본비율,당좌비율,비유동자산장기적합률,순운전자본비율,차입금의존도,현금비율,유형자산,무형자산,무형자산상각비,유형자산상각비,감가상각비,총자본영업이익률,총자본순이익률,유보액/납입자본비율,총자본투자효율
101160,월덱스,2019,Q1,0,6.857734650824633,4.810434037032894,,,,17.628497959303882,33.82452835889691,6.568156082775908,1.1239299088168804,0.636472434165248,0.20008044228916202,0.20008044228916202,66.17547164110309,86.21879676045864,161.18274650914245,53.700271798358976,97.55853367573744,28.743331490822367,20.004542863945655,23.038917425549606,38.345541125512526,53636001745.0,8159981677.0,,,,4.11685868511602,3.5271176685911105,,0.03527117668591111
