stock_code,corp_name,year,quarter,label,총자산증가율,유동자산증가율,매출액증가율,순이익증가율,영업이익증가율,매출액순이익률,매출총이익률,자기자본순이익률,매출채권회전율,재고자산회전율,총자본회전율,유형자산회전율,매출원가율,부채비율,유동비율,자기자본비율,당좌비율,비유동자산장기적합률,순운전자본비율,차입금의존도,현금비율,유형자산,무형자산,무형자산상각비,유형자산상각비,감가상각비,총자본영업이익률,총자본순이익률,유보액/납입자본비율,총자본투자효율
101160,월덱스,2022,Q1,0,6.601182726749194,4.859018427366431,,,,16.064595819237407,27.652835893566046,5.828755782081128,1.9568862232914797,0.6618022143001732,0.24417526158503775,0.24417526158503775,72.34716410643397,48.595067754058434,248.0103966686975,67.2969846923259,141.98008989984336,83.51393933887888,37.26122790269517,13.030678170043917,90.37563759234743,79028698126.0,157821213.0,,,,4.900676132660992,3.9225768864201975,,0.039225768864201975
