stock_code,corp_name,year,quarter,label,총자산증가율,유동자산증가율,매출액증가율,순이익증가율,영업이익증가율,매출액순이익률,매출총이익률,자기자본순이익률,매출채권회전율,재고자산회전율,총자본회전율,유형자산회전율,매출원가율,부채비율,유동비율,자기자본비율,당좌비율,비유동자산장기적합률,순운전자본비율,차입금의존도,현금비율,유형자산,무형자산,무형자산상각비,유형자산상각비,감가상각비,총자본영업이익률,총자본순이익률,유보액/납입자본비율,총자본투자효율
101390,아이엠,2020,Q1,0,2.1633517227216625,-5.057749682884598,,,,1.1955474246711246,6.667257337538297,1.6817664898422031,2.465686631272066,3.424618039743875,0.39417029407562476,0.39417029407562476,93.3327426624617,256.8740709738111,54.381988145355265,28.02108870704098,37.708873199249815,16.012900877830887,-29.39174620654156,40.75695241584492,5.809696033358304,66141530465.0,497538306.0,,,,0.17490499437930734,0.4712492799639731,-111.64639704692945,0.004712492799639731
