stock_code,corp_name,year,quarter,label,총자산증가율,유동자산증가율,매출액증가율,순이익증가율,영업이익증가율,매출액순이익률,매출총이익률,자기자본순이익률,매출채권회전율,재고자산회전율,총자본회전율,유형자산회전율,매출원가율,부채비율,유동비율,자기자본비율,당좌비율,비유동자산장기적합률,순운전자본비율,차입금의존도,현금비율,유형자산,무형자산,무형자산상각비,유형자산상각비,감가상각비,총자본영업이익률,총자본순이익률,유보액/납입자본비율,총자본투자효율
101390,아이엠,2022,Q1,0,-6.3739057614926,-20.640760707618956,,,,-9.072100267390002,-1.241732242907728,-4.744832748417073,2.8883035225825897,3.862067826869379,0.2956152900767464,0.2956152900767464,101.24173224290773,76.9237653968402,152.58803257117236,56.52151918409598,131.71069288131753,0.0,19.519933308812494,7.079176060638481,75.25182500993662,23292576423.0,410605416.0,,,,-4.186815802234702,-2.6818515521498245,194.9763510446759,-0.026818515521498245
