stock_code,corp_name,year,quarter,label,총자산증가율,유동자산증가율,매출액증가율,순이익증가율,영업이익증가율,매출액순이익률,매출총이익률,자기자본순이익률,매출채권회전율,재고자산회전율,총자본회전율,유형자산회전율,매출원가율,부채비율,유동비율,자기자본비율,당좌비율,비유동자산장기적합률,순운전자본비율,차입금의존도,현금비율,유형자산,무형자산,무형자산상각비,유형자산상각비,감가상각비,총자본영업이익률,총자본순이익률,유보액/납입자본비율,총자본투자효율
101390,아이엠,2019,Q1,0,16.967602179789022,69.0839084390544,,,,-3.812485930215222,3.8971794337400203,-4.5078565532007,2.1903155513197827,4.270357447662062,0.3781086812401144,0.3781086812401144,96.10282056625998,212.71246240235254,63.02238956803004,31.97825863151391,47.94556472711342,8.077203037616272,-20.869762529924106,31.251434502005548,14.083065074041798,79881440179.0,762047971.0,,,,-0.7909701028706417,-1.4415340273201682,-32.259557523261535,-0.014415340273201682
