stock_code,corp_name,year,quarter,label,총자산증가율,유동자산증가율,매출액증가율,순이익증가율,영업이익증가율,매출액순이익률,매출총이익률,자기자본순이익률,매출채권회전율,재고자산회전율,총자본회전율,유형자산회전율,매출원가율,부채비율,유동비율,자기자본비율,당좌비율,비유동자산장기적합률,순운전자본비율,차입금의존도,현금비율,유형자산,무형자산,무형자산상각비,유형자산상각비,감가상각비,총자본영업이익률,총자본순이익률,유보액/납입자본비율,총자본투자효율
101490,에스앤에스텍,2020,Q1,0,0.9024720948014245,3.9066584970931792,,,,15.143630132307814,28.599497600358138,4.149667558199329,1.41022713506605,1.305650876334438,0.1831274367649799,0.1831274367649799,71.40050239964187,49.633865422937674,161.75373810308065,66.8297913158573,121.83280298788415,44.420618484153,15.491382082232253,16.027641480753136,64.35075142398233,65524557884.0,4899828511.0,214512126.0,1983000736.0,2197512862.0,2.794876800309724,2.7732141694464434,448.6855010944585,0.027732141694464436
