stock_code,corp_name,year,quarter,label,총자산증가율,유동자산증가율,매출액증가율,순이익증가율,영업이익증가율,매출액순이익률,매출총이익률,자기자본순이익률,매출채권회전율,재고자산회전율,총자본회전율,유형자산회전율,매출원가율,부채비율,유동비율,자기자본비율,당좌비율,비유동자산장기적합률,순운전자본비율,차입금의존도,현금비율,유형자산,무형자산,무형자산상각비,유형자산상각비,감가상각비,총자본영업이익률,총자본순이익률,유보액/납입자본비율,총자본투자효율
101490,에스앤에스텍,2019,Q1,0,-1.2454862623170968,-5.682122827458568,,,,10.731487679646744,26.13285807216713,2.335737140647293,1.441260943608706,1.1501138314875299,0.14346565958209861,0.14346565958209861,73.86714192783288,51.71065237560608,132.1341433982395,65.91494956624366,94.19645028665643,8.913707706602255,7.8046644661035645,18.74215570964928,50.67101903726036,67705833525.0,5469690107.0,216398372.0,1975691260.0,2192089632.0,1.642538526755337,1.539599958257685,338.95838715854325,0.01539599958257685
