stock_code,corp_name,year,quarter,label,총자산증가율,유동자산증가율,매출액증가율,순이익증가율,영업이익증가율,매출액순이익률,매출총이익률,자기자본순이익률,매출채권회전율,재고자산회전율,총자본회전율,유형자산회전율,매출원가율,부채비율,유동비율,자기자본비율,당좌비율,비유동자산장기적합률,순운전자본비율,차입금의존도,현금비율,유형자산,무형자산,무형자산상각비,유형자산상각비,감가상각비,총자본영업이익률,총자본순이익률,유보액/납입자본비율,총자본투자효율
101490,에스앤에스텍,2022,Q1,0,4.3764722065284145,1.3300575514487676,,,,13.083915876024404,26.51751419973356,2.1442924944949016,1.2874384158366303,1.257793294113907,0.14011253161318846,0.14011253161318846,73.48248580026645,16.968602776294897,429.35697538767073,85.49302772407418,357.28722405734584,,37.4080772850126,4.752971577505679,228.8804812064331,86659404393.0,2574824035.0,184776896.0,2228442692.0,2413219588.0,1.7201017217328454,1.833220576803768,588.4535385328552,0.01833220576803768
