stock_code,corp_name,year,quarter,label,총자산증가율,유동자산증가율,매출액증가율,순이익증가율,영업이익증가율,매출액순이익률,매출총이익률,자기자본순이익률,매출채권회전율,재고자산회전율,총자본회전율,유형자산회전율,매출원가율,부채비율,유동비율,자기자본비율,당좌비율,비유동자산장기적합률,순운전자본비율,차입금의존도,현금비율,유형자산,무형자산,무형자산상각비,유형자산상각비,감가상각비,총자본영업이익률,총자본순이익률,유보액/납입자본비율,총자본투자효율
105550,엣지파운드리,2019,Q1,0,5.756456379056259,23.49435060929205,,,,-16.235162328415246,7.152772830220785,-4.991700817036388,1.0003579048471407,1.5311786417083544,0.11940487092643054,0.11940487092643054,92.84722716977922,157.49563343504184,58.209148541509116,38.835610012480814,43.604022095760094,6.428853001924206,-20.717675079965975,54.71868252531365,14.710479739830987,30883023397.0,5941727191.0,,,,-1.315162153627446,-1.9385574622940698,325.65815866066106,-0.019385574622940698
