stock_code,corp_name,year,quarter,label,총자산증가율,유동자산증가율,매출액증가율,순이익증가율,영업이익증가율,매출액순이익률,매출총이익률,자기자본순이익률,매출채권회전율,재고자산회전율,총자본회전율,유형자산회전율,매출원가율,부채비율,유동비율,자기자본비율,당좌비율,비유동자산장기적합률,순운전자본비율,차입금의존도,현금비율,유형자산,무형자산,무형자산상각비,유형자산상각비,감가상각비,총자본영업이익률,총자본순이익률,유보액/납입자본비율,총자본투자효율
105550,엣지파운드리,2022,Q1,0,9.27120622466767,0.9073469451386038,,,,-24.52583887163518,14.916171954987067,-2.864811168853921,1.246200651128428,0.7214074342465988,0.06361847114065672,0.06361847114065672,85.08382804501294,83.60685953178361,115.04292004414891,54.4641960845092,97.37900222565595,214.10691546761635,6.389910090501191,30.579568343496504,37.086136219773564,37030366383.0,945252001.0,,,,-0.17188163360492917,-1.5602963724555197,439.4841217707838,-0.015602963724555196
