stock_code,corp_name,year,quarter,label,총자산증가율,유동자산증가율,매출액증가율,순이익증가율,영업이익증가율,매출액순이익률,매출총이익률,자기자본순이익률,매출채권회전율,재고자산회전율,총자본회전율,유형자산회전율,매출원가율,부채비율,유동비율,자기자본비율,당좌비율,비유동자산장기적합률,순운전자본비율,차입금의존도,현금비율,유형자산,무형자산,무형자산상각비,유형자산상각비,감가상각비,총자본영업이익률,총자본순이익률,유보액/납입자본비율,총자본투자효율
105550,엣지파운드리,2020,Q1,0,1.8937709568256533,6.928700702427368,,,,-10.539435754980888,11.78827200547516,-3.086397614805574,1.2084503432513327,1.3054265970461145,0.12374459958875327,0.12374459958875327,88.21172799452484,136.65095374215693,84.79708898237338,42.25632663579079,65.29585906356782,4.40045397605007,-6.518758295386978,52.12859993133607,16.463799343611047,24438231376.0,6056657188.0,,,,-1.4168424215484494,-1.3041982573914994,336.6699918077437,-0.013041982573914994
