stock_code,corp_name,year,quarter,label,총자산증가율,유동자산증가율,매출액증가율,순이익증가율,영업이익증가율,매출액순이익률,매출총이익률,자기자본순이익률,매출채권회전율,재고자산회전율,총자본회전율,유형자산회전율,매출원가율,부채비율,유동비율,자기자본비율,당좌비율,비유동자산장기적합률,순운전자본비율,차입금의존도,현금비율,유형자산,무형자산,무형자산상각비,유형자산상각비,감가상각비,총자본영업이익률,총자본순이익률,유보액/납입자본비율,총자본투자효율
106080,케이이엠텍,2019,Q1,0,12.508249193559076,31.380455069954564,,,,-27.616674370243544,8.240797413433292,-49.854560594285694,0.29866419744425127,1.2322371230628235,0.08986723990082597,0.08986723990082597,91.75920258656672,1908.7787720692668,56.67844358110132,4.978148982378424,49.27549433306604,43.60465848273528,-39.16120303122351,16.93865884996226,14.738876920425767,12258782487.0,738810315.0,,,,-2.2651805797135096,-2.4818343008936683,-80.27052055528894,-0.024818343008936684
