stock_code,corp_name,year,quarter,label,총자산증가율,유동자산증가율,매출액증가율,순이익증가율,영업이익증가율,매출액순이익률,매출총이익률,자기자본순이익률,매출채권회전율,재고자산회전율,총자본회전율,유형자산회전율,매출원가율,부채비율,유동비율,자기자본비율,당좌비율,비유동자산장기적합률,순운전자본비율,차입금의존도,현금비율,유형자산,무형자산,무형자산상각비,유형자산상각비,감가상각비,총자본영업이익률,총자본순이익률,유보액/납입자본비율,총자본투자효율
106080,케이이엠텍,2022,Q1,0,22.316177446759387,27.482381136120974,,,,2.2544844773548083,9.041675731602282,1.7528933812305514,0.7074978484168757,3.032490882716864,0.41910158285286636,0.41910158285286636,90.95832426839772,85.51923751044387,200.75486257470558,53.90276574113801,170.8008338664235,,42.2837037385505,0.720320206069158,9.838430827246246,1930373837.0,,,,,0.9688126303265878,0.9448580129766173,13.257033227496736,0.009448580129766173
