stock_code,corp_name,year,quarter,label,총자산증가율,유동자산증가율,매출액증가율,순이익증가율,영업이익증가율,매출액순이익률,매출총이익률,자기자본순이익률,매출채권회전율,재고자산회전율,총자본회전율,유형자산회전율,매출원가율,부채비율,유동비율,자기자본비율,당좌비율,비유동자산장기적합률,순운전자본비율,차입금의존도,현금비율,유형자산,무형자산,무형자산상각비,유형자산상각비,감가상각비,총자본영업이익률,총자본순이익률,유보액/납입자본비율,총자본투자효율
106080,케이이엠텍,2020,Q1,0,-7.94809277104411,-22.367907427878166,,,,-136.22694112770367,-47.75561740468767,-17.92959704040772,0.3474277252095647,1.4660998620935997,0.0767188701821521,0.0767188701821521,147.75561740468765,71.55576850680389,125.1767437979133,58.29008308515957,104.30043553861479,,9.324563396420897,0.8948232067154619,41.56626305012975,6897908472.0,331499252.0,,,,-8.738515158997957,-10.451177011687973,,-0.10451177011687973
