stock_code,corp_name,year,quarter,label,총자산증가율,유동자산증가율,매출액증가율,순이익증가율,영업이익증가율,매출액순이익률,매출총이익률,자기자본순이익률,매출채권회전율,재고자산회전율,총자본회전율,유형자산회전율,매출원가율,부채비율,유동비율,자기자본비율,당좌비율,비유동자산장기적합률,순운전자본비율,차입금의존도,현금비율,유형자산,무형자산,무형자산상각비,유형자산상각비,감가상각비,총자본영업이익률,총자본순이익률,유보액/납입자본비율,총자본투자효율
106240,파인테크닉스,2020,Q1,0,-4.0432767977828865,9.646874354688327,,,,4.327782614679759,19.591090986121735,1.8954828207358825,1.1435148093390586,1.3660807632961232,0.24603376084210107,0.24603376084210107,80.40890901387826,78.01627512300455,114.67615251110668,56.174639049661415,75.42009863401834,,5.414122454945397,0.0,7.451858210295062,34664137115.0,4160192878.0,119500769.0,2169827704.0,2289328473.0,0.5337292131041257,1.0647806327967226,166.32906680565353,0.010647806327967226
