stock_code,corp_name,year,quarter,label,총자산증가율,유동자산증가율,매출액증가율,순이익증가율,영업이익증가율,매출액순이익률,매출총이익률,자기자본순이익률,매출채권회전율,재고자산회전율,총자본회전율,유형자산회전율,매출원가율,부채비율,유동비율,자기자본비율,당좌비율,비유동자산장기적합률,순운전자본비율,차입금의존도,현금비율,유형자산,무형자산,무형자산상각비,유형자산상각비,감가상각비,총자본영업이익률,총자본순이익률,유보액/납입자본비율,총자본투자효율
106240,파인테크닉스,2019,Q1,0,2.37393323011852,2.428574151313215,,,,3.476310590189022,23.914217817382543,1.4710982564947077,1.087805726924899,1.1440547334032782,0.19424732233006353,0.19424732233006353,76.08578218261745,117.85526916785132,80.27454425345385,45.90203412658926,52.8001790598148,,-9.274940402334874,0.0,9.628161018364047,37559430776.0,4290162237.0,134376154.0,1847997745.0,1982373899.0,0.3840706226932337,0.6752640237318603,151.15044806774597,0.006752640237318604
