stock_code,corp_name,year,quarter,label,총자산증가율,유동자산증가율,매출액증가율,순이익증가율,영업이익증가율,매출액순이익률,매출총이익률,자기자본순이익률,매출채권회전율,재고자산회전율,총자본회전율,유형자산회전율,매출원가율,부채비율,유동비율,자기자본비율,당좌비율,비유동자산장기적합률,순운전자본비율,차입금의존도,현금비율,유형자산,무형자산,무형자산상각비,유형자산상각비,감가상각비,총자본영업이익률,총자본순이익률,유보액/납입자본비율,총자본투자효율
106240,파인테크닉스,2022,Q1,0,-8.230255568822848,-20.04702952986164,,,,5.539343890335903,17.450952083964623,2.8924910120194802,1.9388358798160268,2.602433050585362,0.27878659510945386,0.27878659510945386,82.54904791603538,87.30173605456872,287.9468253854283,53.38978810685763,238.14197331708735,,33.370885478320226,0.0,93.81181818416057,99098282530.0,6024346624.0,93342788.0,2405219177.0,2498561965.0,2.179935907416341,1.5442948223271025,430.59191552892486,0.015442948223271025
