stock_code,corp_name,year,quarter,label,총자산증가율,유동자산증가율,매출액증가율,순이익증가율,영업이익증가율,매출액순이익률,매출총이익률,자기자본순이익률,매출채권회전율,재고자산회전율,총자본회전율,유형자산회전율,매출원가율,부채비율,유동비율,자기자본비율,당좌비율,비유동자산장기적합률,순운전자본비율,차입금의존도,현금비율,유형자산,무형자산,무형자산상각비,유형자산상각비,감가상각비,총자본영업이익률,총자본순이익률,유보액/납입자본비율,총자본투자효율
114570,지스마트글로벌(주),2020,Q1,1,1.9942944784752912,3.7559440659953944,,,,23.94691654600523,45.56799223737447,1.3460902848362837,0.14097289238359148,0.5769517157830882,0.027422830951959923,0.027422830951959923,54.432007762625524,104.98038412947339,81.45955142834927,48.78515591854693,73.08520021394783,4.862501211466666,-5.727910686162048,17.42145319849529,5.240600819045988,28706399105.0,6950014365.0,,,,-0.4480601427595034,0.6566922442617934,-1007.2523910184266,0.006566922442617934
