stock_code,corp_name,year,quarter,label,총자산증가율,유동자산증가율,매출액증가율,순이익증가율,영업이익증가율,매출액순이익률,매출총이익률,자기자본순이익률,매출채권회전율,재고자산회전율,총자본회전율,유형자산회전율,매출원가율,부채비율,유동비율,자기자본비율,당좌비율,비유동자산장기적합률,순운전자본비율,차입금의존도,현금비율,유형자산,무형자산,무형자산상각비,유형자산상각비,감가상각비,총자본영업이익률,총자본순이익률,유보액/납입자본비율,총자본투자효율
114570,지스마트글로벌(주),2021,Q1,1,0.4071119479873033,3.2597196674222304,,,,-132.43373580568647,14.221150218308996,-2.13033278475974,0.03951086815655362,0.2411365177370794,0.00803879450937527,0.00803879450937527,85.77884978169101,100.10497842307902,53.68280415159815,49.97376916258998,47.65822755465201,,-21.984869325921323,17.3553695305009,0.6690097857591129,27255365432.0,7086572345.0,,,,-0.6205362556559427,-1.0646075882508073,-1022.7046064013651,-0.010646075882508073
