stock_code,corp_name,year,quarter,label,총자산증가율,유동자산증가율,매출액증가율,순이익증가율,영업이익증가율,매출액순이익률,매출총이익률,자기자본순이익률,매출채권회전율,재고자산회전율,총자본회전율,유형자산회전율,매출원가율,부채비율,유동비율,자기자본비율,당좌비율,비유동자산장기적합률,순운전자본비율,차입금의존도,현금비율,유형자산,무형자산,무형자산상각비,유형자산상각비,감가상각비,총자본영업이익률,총자본순이익률,유보액/납입자본비율,총자본투자효율
114570,지스마트글로벌(주),2016,Q1,1,4.342527132961642,-2.734038579474028,110.33976035954846,1055.0950274479628,442.75190694596586,21.57362376098017,39.29713697543844,3.5281571676003,0.8845494753392288,0.5597594228851269,0.13065560744139765,0.13065560744139765,60.70286302456156,25.1689961999149,231.7135730902701,79.89198846037242,158.56000048771713,,25.511195202238568,8.464125626729798,9.140319959711018,1384134583.0,15266287408.0,,,,2.3000141344519993,2.818714917203034,143.92974385691363,0.02818714917203034
