stock_code,corp_name,year,quarter,label,총자산증가율,유동자산증가율,매출액증가율,순이익증가율,영업이익증가율,매출액순이익률,매출총이익률,자기자본순이익률,매출채권회전율,재고자산회전율,총자본회전율,유형자산회전율,매출원가율,부채비율,유동비율,자기자본비율,당좌비율,비유동자산장기적합률,순운전자본비율,차입금의존도,현금비율,유형자산,무형자산,무형자산상각비,유형자산상각비,감가상각비,총자본영업이익률,총자본순이익률,유보액/납입자본비율,총자본투자효율
114570,지스마트글로벌(주),2019,Q1,1,13.238376805672406,1.19875619191183,,,,-22.953797556518012,34.325654565209355,-0.433108683139329,0.04631740409375621,0.13881305284648932,0.01318536045439462,0.01318536045439462,65.67434543479064,43.10352673090966,303.5357609431537,69.87947976155678,254.20313662112085,10.7134676981,25.737357813677654,11.797918868867955,3.595965098111073,29960667943.0,14709018723.0,,,,-0.814945724775322,-0.30265409457989245,48.136743987636166,-0.0030265409457989243
