stock_code,corp_name,year,quarter,label,총자산증가율,유동자산증가율,매출액증가율,순이익증가율,영업이익증가율,매출액순이익률,매출총이익률,자기자본순이익률,매출채권회전율,재고자산회전율,총자본회전율,유형자산회전율,매출원가율,부채비율,유동비율,자기자본비율,당좌비율,비유동자산장기적합률,순운전자본비율,차입금의존도,현금비율,유형자산,무형자산,무형자산상각비,유형자산상각비,감가상각비,총자본영업이익률,총자본순이익률,유보액/납입자본비율,총자본투자효율
114570,지스마트글로벌(주),2017,Q1,1,7.256337864481136,18.928887294557555,,,,14.779015730447401,43.563096900903325,2.1788233100255208,0.37991361998844925,1.6836587208375846,0.11661371936717413,0.11661371936717413,56.43690309909668,26.42322192321453,255.8008219241574,79.09939208853326,233.14870395248667,,26.885597165762892,8.339719902654116,18.100163482659053,936043052.0,12574387880.0,,,,2.467173018627267,1.723435992913445,262.9299522803059,0.01723435992913445
