stock_code,corp_name,year,quarter,label,총자산증가율,유동자산증가율,매출액증가율,순이익증가율,영업이익증가율,매출액순이익률,매출총이익률,자기자본순이익률,매출채권회전율,재고자산회전율,총자본회전율,유형자산회전율,매출원가율,부채비율,유동비율,자기자본비율,당좌비율,비유동자산장기적합률,순운전자본비율,차입금의존도,현금비율,유형자산,무형자산,무형자산상각비,유형자산상각비,감가상각비,총자본영업이익률,총자본순이익률,유보액/납입자본비율,총자본투자효율
115310,인포바인,2022,Q1,0,0.0966844868186552,0.4782636952890887,,,,36.95447181173404,,1.9504274112540112,1.5894125894024536,,0.05086138845119482,0.05086138845119482,,3.7706604651705242,2639.5932133340125,96.36635206110488,2639.5932133340125,,75.1772301072965,0.0,1128.7979830201555,1548804356.0,1053550604.0,,,,1.9575099876746251,1.8795557458253342,6488.711104540943,0.018795557458253342
