stock_code,corp_name,year,quarter,label,총자산증가율,유동자산증가율,매출액증가율,순이익증가율,영업이익증가율,매출액순이익률,매출총이익률,자기자본순이익률,매출채권회전율,재고자산회전율,총자본회전율,유형자산회전율,매출원가율,부채비율,유동비율,자기자본비율,당좌비율,비유동자산장기적합률,순운전자본비율,차입금의존도,현금비율,유형자산,무형자산,무형자산상각비,유형자산상각비,감가상각비,총자본영업이익률,총자본순이익률,유보액/납입자본비율,총자본투자효율
115310,인포바인,2019,Q1,0,1.8509054256362407,1.3104314164215691,,,,47.9119770975268,,3.0254923343461204,1.528951123270236,,0.05966496689828256,0.05966496689828256,,5.835791099900852,1698.9504711906238,94.48599472895486,1698.9504711906238,,84.15357062035542,0.0,395.50528494362857,1206171260.0,1098105364.0,,,,3.0812566330977003,2.858666527555209,5550.619706954498,0.02858666527555209
