stock_code,corp_name,year,quarter,label,총자산증가율,유동자산증가율,매출액증가율,순이익증가율,영업이익증가율,매출액순이익률,매출총이익률,자기자본순이익률,매출채권회전율,재고자산회전율,총자본회전율,유형자산회전율,매출원가율,부채비율,유동비율,자기자본비율,당좌비율,비유동자산장기적합률,순운전자본비율,차입금의존도,현금비율,유형자산,무형자산,무형자산상각비,유형자산상각비,감가상각비,총자본영업이익률,총자본순이익률,유보액/납입자본비율,총자본투자효율
115310,인포바인,2020,Q1,0,-0.3558483880773307,1.0019189426754742,,,,46.33631191487343,,2.6031930733629607,1.5148575005042577,,0.05277849565868056,0.05277849565868056,,6.445647710917197,2146.9252358067292,93.94465828380119,2146.9252358067292,,84.7940492724802,0.0,442.28684068576484,2928301974.0,1127728058.0,,,,2.419093167640388,2.445560837238415,5979.759936771877,0.02445560837238415
