stock_code,corp_name,year,quarter,label,총자산증가율,유동자산증가율,매출액증가율,순이익증가율,영업이익증가율,매출액순이익률,매출총이익률,자기자본순이익률,매출채권회전율,재고자산회전율,총자본회전율,유형자산회전율,매출원가율,부채비율,유동비율,자기자본비율,당좌비율,비유동자산장기적합률,순운전자본비율,차입금의존도,현금비율,유형자산,무형자산,무형자산상각비,유형자산상각비,감가상각비,총자본영업이익률,총자본순이익률,유보액/납입자본비율,총자본투자효율
115530,씨엔플러스,2019,Q1,0,-41.47355089255874,4.781333432288091,,,,-98.59000711245865,4.254255698213252,-42.58871219073388,0.6540354715972492,1.4470242660656687,0.20028610738007718,0.20028610738007718,95.74574430178674,115.68045151097675,112.56340457852126,46.364888101558265,85.80740550816947,,6.222725803974611,0.0,22.32635580130505,5247222839.0,1852543624.0,,,,-5.191294612708863,-19.746208751128467,22.76765144278174,-0.19746208751128466
