stock_code,corp_name,year,quarter,label,총자산증가율,유동자산증가율,매출액증가율,순이익증가율,영업이익증가율,매출액순이익률,매출총이익률,자기자본순이익률,매출채권회전율,재고자산회전율,총자본회전율,유형자산회전율,매출원가율,부채비율,유동비율,자기자본비율,당좌비율,비유동자산장기적합률,순운전자본비율,차입금의존도,현금비율,유형자산,무형자산,무형자산상각비,유형자산상각비,감가상각비,총자본영업이익률,총자본순이익률,유보액/납입자본비율,총자본투자효율
115530,씨엔플러스,2022,Q1,0,-1.9140100051280777,-2.1998007432560702,,,,4.427956822773723,25.342395220762004,3.303254156533099,1.3003317721160308,1.1415392624933975,0.33439366691663763,0.33439366691663763,74.657604779238,123.09023912675335,134.275008101428,44.8249104897785,86.23552360357947,,15.603444139856368,16.056306299489417,19.76098807064539,4345638472.0,1434938172.0,,,,1.5749302201763749,1.4806807189158493,-36.05117196121419,0.014806807189158493
