stock_code,corp_name,year,quarter,label,총자산증가율,유동자산증가율,매출액증가율,순이익증가율,영업이익증가율,매출액순이익률,매출총이익률,자기자본순이익률,매출채권회전율,재고자산회전율,총자본회전율,유형자산회전율,매출원가율,부채비율,유동비율,자기자본비율,당좌비율,비유동자산장기적합률,순운전자본비율,차입금의존도,현금비율,유형자산,무형자산,무형자산상각비,유형자산상각비,감가상각비,총자본영업이익률,총자본순이익률,유보액/납입자본비율,총자본투자효율
115530,씨엔플러스,2020,Q1,0,29.62053135858969,71.32770000572745,,,,17.241004007891426,14.85018300363445,6.17969421688423,0.522059900623577,1.0028931802229344,0.16626339694995523,0.16626339694995523,85.14981699636554,115.57966052432435,105.53303486169321,46.38656529877816,77.97336932796122,79.824375921405,2.8340998960681723,3.5609201706290015,8.650089570930874,5461654474.0,4230416811.0,,,,-0.9064455613498718,2.866547893179821,132.41042434256917,0.02866547893179821
