stock_code,corp_name,year,quarter,label,총자산증가율,유동자산증가율,매출액증가율,순이익증가율,영업이익증가율,매출액순이익률,매출총이익률,자기자본순이익률,매출채권회전율,재고자산회전율,총자본회전율,유형자산회전율,매출원가율,부채비율,유동비율,자기자본비율,당좌비율,비유동자산장기적합률,순운전자본비율,차입금의존도,현금비율,유형자산,무형자산,무형자산상각비,유형자산상각비,감가상각비,총자본영업이익률,총자본순이익률,유보액/납입자본비율,총자본투자효율
121890,에스디시스템,2022,Q1,0,-29.72408691590831,-44.08997019052451,,,,-32.946533178339855,-5.806636340392106,-10.39690982221847,1.4436900694303487,3.2993013293200573,0.22887180555562936,0.22887180555562936,105.80663634039212,37.88031247809255,224.1022964427084,72.52667056138907,194.80396138862076,,31.089955364405103,0.0,108.83651328325001,2513477499.0,33500000.0,0.0,43118063.0,43118063.0,-7.697313216527449,-7.540532535325091,-315.595345502227,-0.07540532535325091
