stock_code,corp_name,year,quarter,label,총자산증가율,유동자산증가율,매출액증가율,순이익증가율,영업이익증가율,매출액순이익률,매출총이익률,자기자본순이익률,매출채권회전율,재고자산회전율,총자본회전율,유형자산회전율,매출원가율,부채비율,유동비율,자기자본비율,당좌비율,비유동자산장기적합률,순운전자본비율,차입금의존도,현금비율,유형자산,무형자산,무형자산상각비,유형자산상각비,감가상각비,총자본영업이익률,총자본순이익률,유보액/납입자본비율,총자본투자효율
121890,에스디시스템,2020,Q1,0,-21.100106113693126,-31.316180718743965,,,,-26.774156289337903,21.54331921143086,-19.093251621649333,1.2504907680134874,1.3302520531866213,0.2574519398815484,0.2574519398815484,78.45668078856914,176.99245102649107,102.42108559354163,36.10206690811086,77.10078967776265,,1.45188937807828,6.981531797454409,20.03098632405739,3109885604.0,261145525.0,0.0,93365331.0,93365331.0,0.5075308783976505,-6.893058475381804,-285.2456837398915,-0.06893058475381804
