stock_code,corp_name,year,quarter,label,총자산증가율,유동자산증가율,매출액증가율,순이익증가율,영업이익증가율,매출액순이익률,매출총이익률,자기자본순이익률,매출채권회전율,재고자산회전율,총자본회전율,유형자산회전율,매출원가율,부채비율,유동비율,자기자본비율,당좌비율,비유동자산장기적합률,순운전자본비율,차입금의존도,현금비율,유형자산,무형자산,무형자산상각비,유형자산상각비,감가상각비,총자본영업이익률,총자본순이익률,유보액/납입자본비율,총자본투자효율
121890,에스디시스템,2019,Q1,0,-17.646596062946134,-23.66957325534799,,,,-18.29435404000179,9.91766047273087,-7.34562109884242,0.7854660510645134,1.4259682421203153,0.21895682161002045,0.21895682161002045,90.08233952726913,83.38042004111134,153.10108438889324,54.53144887419354,120.55719384694274,,22.569513773951602,0.0,19.491442076035813,3953285765.0,557420250.0,15859606.0,150304547.0,166164153.0,-2.9605860195408797,-4.005673614007228,-50.6177667375202,-0.04005673614007228
