stock_code,corp_name,year,quarter,label,총자산증가율,유동자산증가율,매출액증가율,순이익증가율,영업이익증가율,매출액순이익률,매출총이익률,자기자본순이익률,매출채권회전율,재고자산회전율,총자본회전율,유형자산회전율,매출원가율,부채비율,유동비율,자기자본비율,당좌비율,비유동자산장기적합률,순운전자본비율,차입금의존도,현금비율,유형자산,무형자산,무형자산상각비,유형자산상각비,감가상각비,총자본영업이익률,총자본순이익률,유보액/납입자본비율,총자본투자효율
122990,와이솔,2020,Q1,0,0.5087628909076454,5.886895289444575,,,,3.5828322196815914,18.30927138037706,0.9205493614098991,2.047835835380891,2.101973727904717,0.20709837925726923,0.20709837925726923,81.69072861962294,24.063465950923153,226.98803530063256,80.60390642282866,183.61031593110587,6094.256069175,23.562332241613575,5.571529028288973,92.5232603450043,215770282313.0,8788619123.0,,,,0.8697881390402981,0.7419987458467819,2347.778463180794,0.0074199874584678195
