stock_code,corp_name,year,quarter,label,총자산증가율,유동자산증가율,매출액증가율,순이익증가율,영업이익증가율,매출액순이익률,매출총이익률,자기자본순이익률,매출채권회전율,재고자산회전율,총자본회전율,유형자산회전율,매출원가율,부채비율,유동비율,자기자본비율,당좌비율,비유동자산장기적합률,순운전자본비율,차입금의존도,현금비율,유형자산,무형자산,무형자산상각비,유형자산상각비,감가상각비,총자본영업이익률,총자본순이익률,유보액/납입자본비율,총자본투자효율
122990,와이솔,2019,Q1,0,5.4564309345913875,10.646071120473046,,,,7.661748793542763,18.546514967509747,2.7285963744461883,2.261970117021888,1.5852718634580587,0.24129508772617947,0.24129508772617947,81.45348503249025,47.59203079162257,118.82772384993416,67.75433569389986,79.20903247488657,38.373943233097975,5.891855580804254,10.875904085451706,35.89485049562198,216679879866.0,5788214019.0,,,,1.6935598267822871,1.8487423472738511,2151.6502936443812,0.01848742347273851
