stock_code,corp_name,year,quarter,label,총자산증가율,유동자산증가율,매출액증가율,순이익증가율,영업이익증가율,매출액순이익률,매출총이익률,자기자본순이익률,매출채권회전율,재고자산회전율,총자본회전율,유형자산회전율,매출원가율,부채비율,유동비율,자기자본비율,당좌비율,비유동자산장기적합률,순운전자본비율,차입금의존도,현금비율,유형자산,무형자산,무형자산상각비,유형자산상각비,감가상각비,총자본영업이익률,총자본순이익률,유보액/납입자본비율,총자본투자효율
122990,와이솔,2022,Q1,0,0.23705981772272292,3.8967747463449847,,,,4.82255349081916,11.505509814328404,1.38642091327871,1.6067961744376131,1.4484905387024825,0.24489027465051236,0.24489027465051236,88.4944901856716,17.394164443883486,331.4591129664473,85.18310980253348,227.38081296863976,,33.27255883176969,1.7111784259109932,89.20511453229292,200141745663.0,4341073334.0,,,,0.4025644316492239,1.1809964488834912,2426.06921629417,0.011809964488834911
