stock_code,corp_name,year,quarter,label,총자산증가율,유동자산증가율,매출액증가율,순이익증가율,영업이익증가율,매출액순이익률,매출총이익률,자기자본순이익률,매출채권회전율,재고자산회전율,총자본회전율,유형자산회전율,매출원가율,부채비율,유동비율,자기자본비율,당좌비율,비유동자산장기적합률,순운전자본비율,차입금의존도,현금비율,유형자산,무형자산,무형자산상각비,유형자산상각비,감가상각비,총자본영업이익률,총자본순이익률,유보액/납입자본비율,총자본투자효율
123010,아이윈플러스,2020,Q1,0,-5.6458361157925845,-62.41936766504149,,,,-70.89521371859692,-14.967214483888347,-20.226560776861806,2.222340371807157,2.3085251371969147,0.06620844711922395,0.06620844711922395,114.96721448388834,330.915112976494,28.691856130149013,23.206426738960744,22.968368153179256,5.3155844935597605,-41.08006860699509,31.304542693531634,6.556624460798591,11039480020.0,65098968.0,,,,-4.2426564431478315,-4.693862008493804,-38.16656460319012,-0.04693862008493804
