stock_code,corp_name,year,quarter,label,총자산증가율,유동자산증가율,매출액증가율,순이익증가율,영업이익증가율,매출액순이익률,매출총이익률,자기자본순이익률,매출채권회전율,재고자산회전율,총자본회전율,유형자산회전율,매출원가율,부채비율,유동비율,자기자본비율,당좌비율,비유동자산장기적합률,순운전자본비율,차입금의존도,현금비율,유형자산,무형자산,무형자산상각비,유형자산상각비,감가상각비,총자본영업이익률,총자본순이익률,유보액/납입자본비율,총자본투자효율
123010,아이윈플러스,2019,Q1,0,24.962042907442523,92.26520908145814,,,,-61.54819597056442,-36.315641493899435,-14.853158513384571,1.6559493923222013,2.0658738669360566,0.07264792352504562,0.07264792352504562,136.31564149389942,232.18520248069424,80.58964738873077,30.1036889220891,72.39066751621192,6.237682690555615,-11.348506216956293,40.11780885348109,56.80105590233813,10931388129.0,87195357.0,,,,-4.5975629375711975,-4.471348633974085,-36.18011612947068,-0.04471348633974085
