stock_code,corp_name,year,quarter,label,총자산증가율,유동자산증가율,매출액증가율,순이익증가율,영업이익증가율,매출액순이익률,매출총이익률,자기자본순이익률,매출채권회전율,재고자산회전율,총자본회전율,유형자산회전율,매출원가율,부채비율,유동비율,자기자본비율,당좌비율,비유동자산장기적합률,순운전자본비율,차입금의존도,현금비율,유형자산,무형자산,무형자산상각비,유형자산상각비,감가상각비,총자본영업이익률,총자본순이익률,유보액/납입자본비율,총자본투자효율
123010,아이윈플러스,2022,Q1,0,2.275056252694574,-8.69773769432532,,,,-11.472801397639795,11.362797641882047,-1.645520743100485,1.1286992825690603,2.1053809076967704,0.08416861702429089,0.08416861702429089,88.63720235811795,70.40553387300194,214.2060059180694,58.683540215617036,200.87759736174596,4.911171882919222,30.36310614103172,10.376307426119274,7.461695734061056,18599909214.0,9190352.0,,,,-1.0922753188802818,-0.9656498270336933,-8.588666235746595,-0.009656498270336933
