stock_code,corp_name,year,quarter,label,총자산증가율,유동자산증가율,매출액증가율,순이익증가율,영업이익증가율,매출액순이익률,매출총이익률,자기자본순이익률,매출채권회전율,재고자산회전율,총자본회전율,유형자산회전율,매출원가율,부채비율,유동비율,자기자본비율,당좌비율,비유동자산장기적합률,순운전자본비율,차입금의존도,현금비율,유형자산,무형자산,무형자산상각비,유형자산상각비,감가상각비,총자본영업이익률,총자본순이익률,유보액/납입자본비율,총자본투자효율
125210,아모그린텍,2020,Q1,0,3.192420756386257,5.438645123451934,,,,,16.47882928693412,,1.5906792201951343,1.7012498411513126,0.3759339721386771,0.3759339721386771,83.52117071306589,132.21425559084034,131.75702657784387,43.063678302420506,89.07936472093223,6.991928973404256,13.733437754252794,19.53680774853489,6.672322858507866,30238526542.0,5516785922.0,,,,1.2451592661509616,,,
