stock_code,corp_name,year,quarter,label,총자산증가율,유동자산증가율,매출액증가율,순이익증가율,영업이익증가율,매출액순이익률,매출총이익률,자기자본순이익률,매출채권회전율,재고자산회전율,총자본회전율,유형자산회전율,매출원가율,부채비율,유동비율,자기자본비율,당좌비율,비유동자산장기적합률,순운전자본비율,차입금의존도,현금비율,유형자산,무형자산,무형자산상각비,유형자산상각비,감가상각비,총자본영업이익률,총자본순이익률,유보액/납입자본비율,총자본투자효율
125210,아모그린텍,2022,Q1,0,1.1238865629765598,2.2421393079146377,,,,5.974416411798935,20.57757136919723,4.875813538732046,1.2010372827553815,1.613079630903657,0.3137288655541025,0.3137288655541025,79.42242863080277,160.1340009354005,115.75296079000724,38.44172604904238,82.89899390974556,8.22231178361655,7.4065543143795365,26.548474906903643,23.54026479630244,40685221224.0,7447876457.0,,,,2.6194425266874464,1.8743468832214918,,0.018743468832214918
