stock_code,corp_name,year,quarter,label,총자산증가율,유동자산증가율,매출액증가율,순이익증가율,영업이익증가율,매출액순이익률,매출총이익률,자기자본순이익률,매출채권회전율,재고자산회전율,총자본회전율,유형자산회전율,매출원가율,부채비율,유동비율,자기자본비율,당좌비율,비유동자산장기적합률,순운전자본비율,차입금의존도,현금비율,유형자산,무형자산,무형자산상각비,유형자산상각비,감가상각비,총자본영업이익률,총자본순이익률,유보액/납입자본비율,총자본투자효율
125210,아모그린텍,2019,Q1,0,68.89510558930652,119.92625816316993,,,,,16.518747293519485,,1.2860946696998712,1.843252164570886,0.3017266976318189,0.3017266976318189,83.48125270648052,154.0329127473002,141.8272103239221,39.364977915076395,114.95115258390621,6.260823028671837,21.267247194800916,26.288436411353455,59.57909034183615,21708882866.0,3357138420.0,,,,1.074879172233135,,,
