stock_code,corp_name,year,quarter,label,총자산증가율,유동자산증가율,매출액증가율,순이익증가율,영업이익증가율,매출액순이익률,매출총이익률,자기자본순이익률,매출채권회전율,재고자산회전율,총자본회전율,유형자산회전율,매출원가율,부채비율,유동비율,자기자본비율,당좌비율,비유동자산장기적합률,순운전자본비율,차입금의존도,현금비율,유형자산,무형자산,무형자산상각비,유형자산상각비,감가상각비,총자본영업이익률,총자본순이익률,유보액/납입자본비율,총자본투자효율
131400,이브이첨단소재,2019,Q1,0,2.93069492252181,8.152413370743908,,,,6.235103992800766,25.110575279308954,2.822428097522481,2.1557981118552845,3.6302149481562718,0.23469202781469722,0.23469202781469722,74.88942472069104,92.87718020590863,87.4776744787372,51.84646514079253,76.92021485995176,,-5.742646078670685,0.0,42.562018880807194,39925193293.0,416077210.0,4577760.0,907748378.0,912326138.0,1.3522628066424858,1.463329199705927,173.16849709989134,0.01463329199705927
