stock_code,corp_name,year,quarter,label,총자산증가율,유동자산증가율,매출액증가율,순이익증가율,영업이익증가율,매출액순이익률,매출총이익률,자기자본순이익률,매출채권회전율,재고자산회전율,총자본회전율,유형자산회전율,매출원가율,부채비율,유동비율,자기자본비율,당좌비율,비유동자산장기적합률,순운전자본비율,차입금의존도,현금비율,유형자산,무형자산,무형자산상각비,유형자산상각비,감가상각비,총자본영업이익률,총자본순이익률,유보액/납입자본비율,총자본투자효율
131400,이브이첨단소재,2020,Q1,0,-0.4591010584405615,-7.325252587585887,,,,3.721416143718194,12.437126740085843,0.9741386882663726,2.5964236318228786,3.656924501554956,0.15612496472916948,0.15612496472916948,87.56287325991416,67.66414603682621,80.81535755332774,59.64304376562162,69.90625235707645,,-6.574170189214187,0.0,28.246017907742747,45190279897.0,516369005.0,9291214.0,826966027.0,836257241.0,0.03190534370526992,0.5810059641805649,237.12366757721765,0.00581005964180565
