stock_code,corp_name,year,quarter,label,총자산증가율,유동자산증가율,매출액증가율,순이익증가율,영업이익증가율,매출액순이익률,매출총이익률,자기자본순이익률,매출채권회전율,재고자산회전율,총자본회전율,유형자산회전율,매출원가율,부채비율,유동비율,자기자본비율,당좌비율,비유동자산장기적합률,순운전자본비율,차입금의존도,현금비율,유형자산,무형자산,무형자산상각비,유형자산상각비,감가상각비,총자본영업이익률,총자본순이익률,유보액/납입자본비율,총자본투자효율
131400,이브이첨단소재,2022,Q1,0,0.416676851825843,1.313297952558248,,,,-0.8256371529934288,14.429071248516664,-0.19703185198648218,1.5214791296995938,1.1047393825144456,0.10525897260105141,0.10525897260105141,85.57092875148334,126.71908761107673,55.85895344127595,44.107446379435025,39.94846006793891,,-22.619578861900273,0.0,20.161242206846186,49330407462.0,648445870.0,,,,-0.25491044075307584,-0.08690571846534541,51.51102990382931,-0.0008690571846534541
