stock_code,corp_name,year,quarter,label,총자산증가율,유동자산증가율,매출액증가율,순이익증가율,영업이익증가율,매출액순이익률,매출총이익률,자기자본순이익률,매출채권회전율,재고자산회전율,총자본회전율,유형자산회전율,매출원가율,부채비율,유동비율,자기자본비율,당좌비율,비유동자산장기적합률,순운전자본비율,차입금의존도,현금비율,유형자산,무형자산,무형자산상각비,유형자산상각비,감가상각비,총자본영업이익률,총자본순이익률,유보액/납입자본비율,총자본투자효율
140670,알에스오토메이션,2020,Q1,0,-3.0461472131973015,-4.581442177487975,,,,-0.3176202289877548,13.827861227646004,-0.16064991084512012,0.8854233478160523,1.0160479513054035,0.2772301578320782,0.2772301578320782,86.172138772354,82.4449564527313,193.71784521102907,54.81105202593445,125.58119168454327,,32.33959931572174,15.356746890589228,26.775363438256754,16123033899.0,2281561110.0,220313832.0,290433022.0,510746854.0,0.32591634181355256,-0.0880539062129361,766.8838920855881,0.0006931517128362301
