stock_code,corp_name,year,quarter,label,총자산증가율,유동자산증가율,매출액증가율,순이익증가율,영업이익증가율,매출액순이익률,매출총이익률,자기자본순이익률,매출채권회전율,재고자산회전율,총자본회전율,유형자산회전율,매출원가율,부채비율,유동비율,자기자본비율,당좌비율,비유동자산장기적합률,순운전자본비율,차입금의존도,현금비율,유형자산,무형자산,무형자산상각비,유형자산상각비,감가상각비,총자본영업이익률,총자본순이익률,유보액/납입자본비율,총자본투자효율
140670,알에스오토메이션,2022,Q1,0,2.004713107599154,4.550607836620709,,,,0.2601535946783623,11.824217755933219,0.14202181011461035,0.9949501485485879,0.8362721910931481,0.2865119408141746,0.2865119408141746,88.17578224406678,90.53838765340187,176.7365973340508,52.48286249902808,100.01053580129356,,30.21370777579276,16.784437969922237,23.088834233145004,15372893484.0,2702303925.0,155107129.0,326006060.0,481113189.0,0.27534722614321355,0.0745371113210817,783.0886199713216,0.002170977021041544
