stock_code,corp_name,year,quarter,label,총자산증가율,유동자산증가율,매출액증가율,순이익증가율,영업이익증가율,매출액순이익률,매출총이익률,자기자본순이익률,매출채권회전율,재고자산회전율,총자본회전율,유형자산회전율,매출원가율,부채비율,유동비율,자기자본비율,당좌비율,비유동자산장기적합률,순운전자본비율,차입금의존도,현금비율,유형자산,무형자산,무형자산상각비,유형자산상각비,감가상각비,총자본영업이익률,총자본순이익률,유보액/납입자본비율,총자본투자효율
140670,알에스오토메이션,2019,Q1,0,-0.6464281223686404,-0.3576147522194132,,,,0.8619646863073207,13.694605343244193,0.46810207350016614,0.9129769572281532,1.0981250156730114,0.2948066019941479,0.2948066019941479,86.30539465675581,84.21028997616123,180.55808416669745,54.28578393364511,120.04188812787311,,30.84330233808487,17.557950680342994,25.357683421944028,16012610637.0,2776365874.0,218406995.0,279218110.0,497625105.0,0.44194736871333723,0.2541128802092128,773.2637139492526,0.0043525914041311065
