stock_code,corp_name,year,quarter,label,총자산증가율,유동자산증가율,매출액증가율,순이익증가율,영업이익증가율,매출액순이익률,매출총이익률,자기자본순이익률,매출채권회전율,재고자산회전율,총자본회전율,유형자산회전율,매출원가율,부채비율,유동비율,자기자본비율,당좌비율,비유동자산장기적합률,순운전자본비율,차입금의존도,현금비율,유형자산,무형자산,무형자산상각비,유형자산상각비,감가상각비,총자본영업이익률,총자본순이익률,유보액/납입자본비율,총자본투자효율
148150,세경하이테크,2022,Q1,0,-0.448563131794743,-5.31466049164169,,,,,,1.6177581481216372,,2.185203603220474,,,,62.88515321018602,116.00419354359006,61.3929495900468,94.58100667189076,21.199628102183837,5.914715497813426,15.38084353771303,34.48548042952956,128211656774.0,1407425272.0,24669372.0,6180320109.0,6204989481.0,-0.4400380846938885,0.9931894443651914,,0.009931894443651914
