stock_code,corp_name,year,quarter,label,총자산증가율,유동자산증가율,매출액증가율,순이익증가율,영업이익증가율,매출액순이익률,매출총이익률,자기자본순이익률,매출채권회전율,재고자산회전율,총자본회전율,유형자산회전율,매출원가율,부채비율,유동비율,자기자본비율,당좌비율,비유동자산장기적합률,순운전자본비율,차입금의존도,현금비율,유형자산,무형자산,무형자산상각비,유형자산상각비,감가상각비,총자본영업이익률,총자본순이익률,유보액/납입자본비율,총자본투자효율
148150,세경하이테크,2020,Q1,0,19.279718430149753,38.7928120648683,,,,,,2.283608741913472,,3.0310166563323735,,,,75.95827284485955,183.17094519809092,56.831655814312796,157.58282422874234,15040.244431679099,22.196634301945046,11.563734713431458,67.21362118076138,106566121409.0,1471264748.0,93532415.0,4474483631.0,4568016046.0,0.3679343354344155,1.297812660349823,,0.01297812660349823
