stock_code,corp_name,year,quarter,label,총자산증가율,유동자산증가율,매출액증가율,순이익증가율,영업이익증가율,매출액순이익률,매출총이익률,자기자본순이익률,매출채권회전율,재고자산회전율,총자본회전율,유형자산회전율,매출원가율,부채비율,유동비율,자기자본비율,당좌비율,비유동자산장기적합률,순운전자본비율,차입금의존도,현금비율,유형자산,무형자산,무형자산상각비,유형자산상각비,감가상각비,총자본영업이익률,총자본순이익률,유보액/납입자본비율,총자본투자효율
148250,알엔투테크놀로지,2022,Q1,0,-1.2727478656713878,-1.4850343730686304,,,,-23.96560028979252,43.899090354326866,-2.6797412778539442,1.110967902320139,0.3409688671999702,0.06323806833193268,0.06323806833193268,56.100909645673134,76.81779029432688,152.97383292177602,56.55539515200494,126.42871192314146,24.123866200790285,20.7639732209398,5.672031715465831,28.004823396227213,26234492722.0,757559919.0,,,,-1.0758290160562918,-1.515538268741685,1054.7445832851797,-0.01515538268741685
