stock_code,corp_name,year,quarter,label,총자산증가율,유동자산증가율,매출액증가율,순이익증가율,영업이익증가율,매출액순이익률,매출총이익률,자기자본순이익률,매출채권회전율,재고자산회전율,총자본회전율,유형자산회전율,매출원가율,부채비율,유동비율,자기자본비율,당좌비율,비유동자산장기적합률,순운전자본비율,차입금의존도,현금비율,유형자산,무형자산,무형자산상각비,유형자산상각비,감가상각비,총자본영업이익률,총자본순이익률,유보액/납입자본비율,총자본투자효율
148250,알엔투테크놀로지,2020,Q1,0,2.8139744288915374,0.590545018274981,,,,5.93440372138541,52.850300385238725,0.8769223215354331,1.1168152248210894,0.43828522684185806,0.08923832574446178,0.08923832574446178,47.14969961476127,65.58943449237573,463.2193838462604,60.3903264157861,371.47053267880426,28.609620140568673,38.00510126258939,4.689136548395139,34.89245980938084,25738073181.0,954503710.0,,,,0.6200869109500058,0.5295762523881373,797.8689554840289,0.005295762523881373
