stock_code,corp_name,year,quarter,label,총자산증가율,유동자산증가율,매출액증가율,순이익증가율,영업이익증가율,매출액순이익률,매출총이익률,자기자본순이익률,매출채권회전율,재고자산회전율,총자본회전율,유형자산회전율,매출원가율,부채비율,유동비율,자기자본비율,당좌비율,비유동자산장기적합률,순운전자본비율,차입금의존도,현금비율,유형자산,무형자산,무형자산상각비,유형자산상각비,감가상각비,총자본영업이익률,총자본순이익률,유보액/납입자본비율,총자본투자효율
148250,알엔투테크놀로지,2019,Q1,0,4.436161453522176,11.159973295418906,,,,7.935703043568604,54.42092922181138,1.8799776694982309,1.9354611108123716,0.9266126084697821,0.1404238050057143,0.1404238050057143,45.57907077818863,68.70445295323121,375.7705137103945,59.2752581508458,309.763484771886,21.278683816738113,28.857960952194045,4.741704165022685,50.65563287151519,22147101330.0,1941824487.0,,,,2.845122885118335,1.114361616773331,640.6573865119509,0.01114361616773331
