stock_code,corp_name,year,quarter,label,총자산증가율,유동자산증가율,매출액증가율,순이익증가율,영업이익증가율,매출액순이익률,매출총이익률,자기자본순이익률,매출채권회전율,재고자산회전율,총자본회전율,유형자산회전율,매출원가율,부채비율,유동비율,자기자본비율,당좌비율,비유동자산장기적합률,순운전자본비율,차입금의존도,현금비율,유형자산,무형자산,무형자산상각비,유형자산상각비,감가상각비,총자본영업이익률,총자본순이익률,유보액/납입자본비율,총자본투자효율
149950,아바텍,2019,Q1,0,3.4461641847982305,-2.8035350517466164,,,,19.80215865030561,24.975425548333526,3.054514811083065,3.2011255419325964,11.415444113944133,0.14295556826281072,0.14295556826281072,75.02457445166647,7.901783570431209,558.670787403455,92.67687399692198,545.6897031302475,,33.19723526791164,0.0,162.36299513938943,48311368424.0,955561640.0,,,,2.6912817121740016,2.8308288426847716,1706.5343580070519,0.028308288426847714
