stock_code,corp_name,year,quarter,label,총자산증가율,유동자산증가율,매출액증가율,순이익증가율,영업이익증가율,매출액순이익률,매출총이익률,자기자본순이익률,매출채권회전율,재고자산회전율,총자본회전율,유형자산회전율,매출원가율,부채비율,유동비율,자기자본비율,당좌비율,비유동자산장기적합률,순운전자본비율,차입금의존도,현금비율,유형자산,무형자산,무형자산상각비,유형자산상각비,감가상각비,총자본영업이익률,총자본순이익률,유보액/납입자본비율,총자본투자효율
149950,아바텍,2020,Q1,0,-0.6762886203189673,-0.23593521341683357,,,,0.9293418985451138,7.217889520970701,0.10729467852204715,4.811844779091692,11.912665289099161,0.10765286369120254,0.10765286369120254,92.7821104790293,7.245006145757911,459.25631764891915,93.24443495680242,445.1015655345997,,21.28055942043822,0.0,194.4530716479659,64083979808.0,951253460.0,,,,-0.301790933625905,0.10004631672660051,1719.1011178905412,0.0010004631672660051
