stock_code,corp_name,year,quarter,label,총자산증가율,유동자산증가율,매출액증가율,순이익증가율,영업이익증가율,매출액순이익률,매출총이익률,자기자본순이익률,매출채권회전율,재고자산회전율,총자본회전율,유형자산회전율,매출원가율,부채비율,유동비율,자기자본비율,당좌비율,비유동자산장기적합률,순운전자본비율,차입금의존도,현금비율,유형자산,무형자산,무형자산상각비,유형자산상각비,감가상각비,총자본영업이익률,총자본순이익률,유보액/납입자본비율,총자본투자효율
149950,아바텍,2022,Q1,0,-2.6401614891898006,-4.615408008470938,,,,-3.6442255747783427,0.7744249699392853,-0.4890154645634865,4.727704951253092,3.544371257698434,0.1257527454661579,0.1257527454661579,99.22557503006072,6.708709156663699,534.2093681047018,93.71306315137376,466.3626299881422,,22.53056642327871,0.0,396.3147036944233,62156448543.0,1527328083.0,,,,-0.8208305630137025,-0.45827137112636385,1755.375621119117,-0.004582713711263639
