stock_code,corp_name,year,quarter,label,총자산증가율,유동자산증가율,매출액증가율,순이익증가율,영업이익증가율,매출액순이익률,매출총이익률,자기자본순이익률,매출채권회전율,재고자산회전율,총자본회전율,유형자산회전율,매출원가율,부채비율,유동비율,자기자본비율,당좌비율,비유동자산장기적합률,순운전자본비율,차입금의존도,현금비율,유형자산,무형자산,무형자산상각비,유형자산상각비,감가상각비,총자본영업이익률,총자본순이익률,유보액/납입자본비율,총자본투자효율
154040,다산솔루에타,2022,Q1,0,-0.20293496192940758,-6.132807936099827,,,,-4.098023446251373,16.661376579374156,-3.407637334831395,1.4841603387683082,3.9608596240029526,0.21934997511094584,0.21934997511094584,83.33862342062585,279.08913688687664,48.34487023521055,26.379020201214797,40.252115863601965,45.04722262423077,-29.458563064298964,24.54043604523811,6.3111576084271395,42162869969.0,1060399434.0,,,,0.15943022568071274,-0.8989013409393112,228.45708001958164,-0.008989013409393112
