stock_code,corp_name,year,quarter,label,총자산증가율,유동자산증가율,매출액증가율,순이익증가율,영업이익증가율,매출액순이익률,매출총이익률,자기자본순이익률,매출채권회전율,재고자산회전율,총자본회전율,유형자산회전율,매출원가율,부채비율,유동비율,자기자본비율,당좌비율,비유동자산장기적합률,순운전자본비율,차입금의존도,현금비율,유형자산,무형자산,무형자산상각비,유형자산상각비,감가상각비,총자본영업이익률,총자본순이익률,유보액/납입자본비율,총자본투자효율
154040,다산솔루에타,2019,Q1,0,-8.97641845921299,-18.133768005107846,,,,0.9866524600505979,13.766277583826412,1.191937444399136,2.03605462052392,3.2769225726444464,0.45265309032997314,0.45265309032997314,86.23372241617359,166.88475730507724,93.4401275525234,37.46935606580541,70.753964233734,113.99364069449275,-3.444377819547665,16.90272752309061,12.202559316791712,55949231218.0,8959726734.0,,,,1.9625933522229113,0.4466112851235735,424.00348963718955,0.004466112851235735
