stock_code,corp_name,year,quarter,label,총자산증가율,유동자산증가율,매출액증가율,순이익증가율,영업이익증가율,매출액순이익률,매출총이익률,자기자본순이익률,매출채권회전율,재고자산회전율,총자본회전율,유형자산회전율,매출원가율,부채비율,유동비율,자기자본비율,당좌비율,비유동자산장기적합률,순운전자본비율,차입금의존도,현금비율,유형자산,무형자산,무형자산상각비,유형자산상각비,감가상각비,총자본영업이익률,총자본순이익률,유보액/납입자본비율,총자본투자효율
154040,다산솔루에타,2020,Q1,0,0.029112109640367728,1.4508768685603108,,,,-23.88974896448594,14.964060882900473,-15.383525747769896,1.064703995124483,0.878792048129872,0.21262088404748286,0.21262088404748286,85.03593911709953,202.85753066825194,94.57445077259803,33.0188256436454,58.324345161906756,6.282410516131387,-3.079333633341105,22.746263007661117,6.76828940528377,59596292121.0,3333193911.0,,,,-0.23088468939325468,-5.079459544501439,244.5173266772192,-0.05079459544501439
