stock_code,corp_name,year,quarter,label,총자산증가율,유동자산증가율,매출액증가율,순이익증가율,영업이익증가율,매출액순이익률,매출총이익률,자기자본순이익률,매출채권회전율,재고자산회전율,총자본회전율,유형자산회전율,매출원가율,부채비율,유동비율,자기자본비율,당좌비율,비유동자산장기적합률,순운전자본비율,차입금의존도,현금비율,유형자산,무형자산,무형자산상각비,유형자산상각비,감가상각비,총자본영업이익률,총자본순이익률,유보액/납입자본비율,총자본투자효율
155650,와이엠씨,2022,Q1,0,3.9165889160031337,4.619059925796533,,,,7.936607512351551,14.832312974812604,3.749150961894032,4.770039521249406,2.5341089994408614,0.3732848785758853,0.3732848785758853,85.1676870251874,26.548682113664434,283.1802392691854,79.02097305934902,222.56959584897578,35.39670313091588,37.915753110677066,1.1691948346569485,86.80502871678164,42687665473.0,4402032435.0,,,,3.543338329260231,2.962615571552608,820.8156278865133,0.029626155715526077
