stock_code,corp_name,year,quarter,label,총자산증가율,유동자산증가율,매출액증가율,순이익증가율,영업이익증가율,매출액순이익률,매출총이익률,자기자본순이익률,매출채권회전율,재고자산회전율,총자본회전율,유형자산회전율,매출원가율,부채비율,유동비율,자기자본비율,당좌비율,비유동자산장기적합률,순운전자본비율,차입금의존도,현금비율,유형자산,무형자산,무형자산상각비,유형자산상각비,감가상각비,총자본영업이익률,총자본순이익률,유보액/납입자본비율,총자본투자효율
155650,와이엠씨,2019,Q1,0,-0.5650806362826503,-0.9623265900564957,,,,4.1133251326160005,10.875236622779028,1.9278492917187893,4.915365287353094,3.139208107480376,0.22914159311440163,0.22914159311440163,89.12476337722097,104.5389927231122,148.4972779514542,48.890433392996925,135.4491583494174,,24.17974102522672,0.0,36.301345016953974,38989453889.0,2556272630.0,,,,0.8589829274503573,0.9425338738851377,694.1684023786897,0.009425338738851376
