stock_code,corp_name,year,quarter,label,총자산증가율,유동자산증가율,매출액증가율,순이익증가율,영업이익증가율,매출액순이익률,매출총이익률,자기자본순이익률,매출채권회전율,재고자산회전율,총자본회전율,유형자산회전율,매출원가율,부채비율,유동비율,자기자본비율,당좌비율,비유동자산장기적합률,순운전자본비율,차입금의존도,현금비율,유형자산,무형자산,무형자산상각비,유형자산상각비,감가상각비,총자본영업이익률,총자본순이익률,유보액/납입자본비율,총자본투자효율
155650,와이엠씨,2020,Q1,0,-0.8001133716880394,-0.20200287574244466,,,,5.49645060480339,13.81006859631293,2.0432985922032576,3.882652701951815,2.064056898269417,0.24524880968490273,0.24524880968490273,86.18993140368707,51.58024271727684,203.07448320339668,65.97165844793979,171.53964377102497,,33.473592150329594,0.0,35.403288188860024,36806021053.0,4516768959.0,,,,1.2895174891095147,1.347997968319895,679.8128198162865,0.01347997968319895
