stock_code,corp_name,year,quarter,label,총자산증가율,유동자산증가율,매출액증가율,순이익증가율,영업이익증가율,매출액순이익률,매출총이익률,자기자본순이익률,매출채권회전율,재고자산회전율,총자본회전율,유형자산회전율,매출원가율,부채비율,유동비율,자기자본비율,당좌비율,비유동자산장기적합률,순운전자본비율,차입금의존도,현금비율,유형자산,무형자산,무형자산상각비,유형자산상각비,감가상각비,총자본영업이익률,총자본순이익률,유보액/납입자본비율,총자본투자효율
177830,파버나인,2020,Q1,0,12.158977797788161,36.85507183288333,,,,10.212291300032785,14.75314103417358,6.723267315574202,1.9344197202596296,1.80532921293085,0.22191154640162106,0.22191154640162106,85.24685896582642,196.67249559484935,68.73664394355161,33.707202886972354,48.21556559710177,7.38608229148543,-15.963837349327045,37.48109278705339,8.363907304071212,82228264563.0,3489778259.0,76037310.0,2022975469.0,2099012779.0,0.8787517087782865,2.2662253546940963,821.0703348246051,0.02266225354694096
