stock_code,corp_name,year,quarter,label,총자산증가율,유동자산증가율,매출액증가율,순이익증가율,영업이익증가율,매출액순이익률,매출총이익률,자기자본순이익률,매출채권회전율,재고자산회전율,총자본회전율,유형자산회전율,매출원가율,부채비율,유동비율,자기자본비율,당좌비율,비유동자산장기적합률,순운전자본비율,차입금의존도,현금비율,유형자산,무형자산,무형자산상각비,유형자산상각비,감가상각비,총자본영업이익률,총자본순이익률,유보액/납입자본비율,총자본투자효율
177830,파버나인,2022,Q1,0,2.5108119663675517,3.3056278736155154,,,,6.603741004644717,16.69450911118262,2.8030130666674546,2.0337115064283884,1.3822873156539575,0.22091336019634253,0.22091336019634253,83.30549088881737,92.13793050094301,132.85070338171892,52.0459441502672,92.68481300664288,10.363086332937447,10.888913826482312,24.98306748459994,21.002912260829792,69281902877.0,3092431140.0,44895497.0,1727291596.0,1772187093.0,2.1576883496996593,1.4588546152024353,991.432408887459,0.014588546152024354
