stock_code,corp_name,year,quarter,label,총자산증가율,유동자산증가율,매출액증가율,순이익증가율,영업이익증가율,매출액순이익률,매출총이익률,자기자본순이익률,매출채권회전율,재고자산회전율,총자본회전율,유형자산회전율,매출원가율,부채비율,유동비율,자기자본비율,당좌비율,비유동자산장기적합률,순운전자본비율,차입금의존도,현금비율,유형자산,무형자산,무형자산상각비,유형자산상각비,감가상각비,총자본영업이익률,총자본순이익률,유보액/납입자본비율,총자본투자효율
177830,파버나인,2019,Q1,0,11.245739541526994,27.333078736211153,,,,-6.713813806626812,7.670664479071854,-3.1971812903167156,2.312313580379572,2.530940081971177,0.19605865626424837,0.19605865626424837,92.32933552092814,142.89129380375732,90.90726750657888,41.17068110345464,69.03351195316813,,-2.973137044130486,0.0,6.8684265292555935,80964822117.0,3064832904.0,50403446.0,2097060280.0,2147463726.0,-0.708942251896165,-1.316301313335611,966.4215252421355,-0.01316301313335611
