stock_code,corp_name,year,quarter,label,총자산증가율,유동자산증가율,매출액증가율,순이익증가율,영업이익증가율,매출액순이익률,매출총이익률,자기자본순이익률,매출채권회전율,재고자산회전율,총자본회전율,유형자산회전율,매출원가율,부채비율,유동비율,자기자본비율,당좌비율,비유동자산장기적합률,순운전자본비율,차입금의존도,현금비율,유형자산,무형자산,무형자산상각비,유형자산상각비,감가상각비,총자본영업이익률,총자본순이익률,유보액/납입자본비율,총자본투자효율
179900,유티아이,2022,Q1,0,2.1109845661399294,2.962046799286821,,,,25.505047528981972,41.35678144950541,6.0937298204957235,1.3059766533839265,1.0397844401793588,0.16054339625846384,0.16054339625846384,58.64321855049458,48.82113470706742,192.71159443726765,67.19475711352109,154.30126879646866,,21.855109705969692,0.0,61.48770959549154,40513655857.0,1529817763.0,25619113.0,1800596810.0,1826215923.0,2.9608606502580277,4.094666952036307,740.1278203660746,0.04094666952036307
