stock_code,corp_name,year,quarter,label,총자산증가율,유동자산증가율,매출액증가율,순이익증가율,영업이익증가율,매출액순이익률,매출총이익률,자기자본순이익률,매출채권회전율,재고자산회전율,총자본회전율,유형자산회전율,매출원가율,부채비율,유동비율,자기자본비율,당좌비율,비유동자산장기적합률,순운전자본비율,차입금의존도,현금비율,유형자산,무형자산,무형자산상각비,유형자산상각비,감가상각비,총자본영업이익률,총자본순이익률,유보액/납입자본비율,총자본투자효율
179900,유티아이,2020,Q1,0,4.65244067640125,7.615287926434059,,,,-1.6404175174659223,20.873430193196473,-0.42318737131392653,1.845722915373945,1.2955811416781837,0.17986068619009607,0.17986068619009607,79.12656980680353,43.43067913846016,174.15364450608493,69.72009098797159,133.47954778499331,,20.026661206309054,18.12783275732447,38.811732200233344,38265718974.0,1205957300.0,15833537.0,1657355614.0,1673189151.0,-0.11389241376530658,-0.2950466203296747,672.7679463494716,-0.002950466203296747
