stock_code,corp_name,year,quarter,label,총자산증가율,유동자산증가율,매출액증가율,순이익증가율,영업이익증가율,매출액순이익률,매출총이익률,자기자본순이익률,매출채권회전율,재고자산회전율,총자본회전율,유형자산회전율,매출원가율,부채비율,유동비율,자기자본비율,당좌비율,비유동자산장기적합률,순운전자본비율,차입금의존도,현금비율,유형자산,무형자산,무형자산상각비,유형자산상각비,감가상각비,총자본영업이익률,총자본순이익률,유보액/납입자본비율,총자본투자효율
179900,유티아이,2019,Q1,0,6.853520500359863,10.916807870201428,,,,11.491728750952806,34.351647599480856,3.777145781944937,1.5598412165827975,1.3576405356547623,0.2299116339752098,0.2299116339752098,65.64835240051914,42.96095238162208,184.32579510035862,69.94917026927642,146.69696744594165,,24.913786557181336,0.0,64.73776023584067,31114911329.0,611550416.0,16540179.0,1434248724.0,1450788903.0,3.562457471212409,2.642082134331456,659.437869106603,0.02642082134331456
