stock_code,corp_name,year,quarter,label,총자산증가율,유동자산증가율,매출액증가율,순이익증가율,영업이익증가율,매출액순이익률,매출총이익률,자기자본순이익률,매출채권회전율,재고자산회전율,총자본회전율,유형자산회전율,매출원가율,부채비율,유동비율,자기자본비율,당좌비율,비유동자산장기적합률,순운전자본비율,차입금의존도,현금비율,유형자산,무형자산,무형자산상각비,유형자산상각비,감가상각비,총자본영업이익률,총자본순이익률,유보액/납입자본비율,총자본투자효율
182690,테라셈(주),2016,Q1,1,-11.341479994213705,-15.792170216145665,,-288.5375201864375,-292.4260855244644,,,-5.157312996994884,,-4.129060959606983,,,,25.175786502816077,354.2369384860662,79.88765462859729,315.4398305525819,,44.989304004698994,0.0,180.01586077917995,8460739644.0,139854898.0,,,,-4.642272932875065,-4.120056395155032,,-0.04120056395155032
