stock_code,corp_name,year,quarter,label,총자산증가율,유동자산증가율,매출액증가율,순이익증가율,영업이익증가율,매출액순이익률,매출총이익률,자기자본순이익률,매출채권회전율,재고자산회전율,총자본회전율,유형자산회전율,매출원가율,부채비율,유동비율,자기자본비율,당좌비율,비유동자산장기적합률,순운전자본비율,차입금의존도,현금비율,유형자산,무형자산,무형자산상각비,유형자산상각비,감가상각비,총자본영업이익률,총자본순이익률,유보액/납입자본비율,총자본투자효율
182690,테라셈(주),2020,Q1,1,41.26255559863197,-13.611624080995927,,,,,,-8.036243335752447,,2.548916964729999,,,,152.91583212431004,97.12791000560547,39.53884545703301,85.31888491255152,15.23890035945552,-0.8625684748215863,22.322236104062135,13.304767718548272,11299010025.0,569266046.0,,,,-3.5227241805493366,-3.1774378330742743,,-0.031774378330742745
