stock_code,corp_name,year,quarter,label,총자산증가율,유동자산증가율,매출액증가율,순이익증가율,영업이익증가율,매출액순이익률,매출총이익률,자기자본순이익률,매출채권회전율,재고자산회전율,총자본회전율,유형자산회전율,매출원가율,부채비율,유동비율,자기자본비율,당좌비율,비유동자산장기적합률,순운전자본비율,차입금의존도,현금비율,유형자산,무형자산,무형자산상각비,유형자산상각비,감가상각비,총자본영업이익률,총자본순이익률,유보액/납입자본비율,총자본투자효율
182690,테라셈(주),2017,Q1,1,-5.757017141023462,-9.11071267886101,,,,,,-7.116107927992404,,1.40470493445541,,,,10.317145995874004,1047.2117130382887,90.64774029210302,862.4552395821391,,44.72715136896601,0.0,604.1543236050454,6991333290.0,124992696.0,,,,-5.798665454971283,-6.450591033472309,,-0.06450591033472308
