stock_code,corp_name,year,quarter,label,총자산증가율,유동자산증가율,매출액증가율,순이익증가율,영업이익증가율,매출액순이익률,매출총이익률,자기자본순이익률,매출채권회전율,재고자산회전율,총자본회전율,유형자산회전율,매출원가율,부채비율,유동비율,자기자본비율,당좌비율,비유동자산장기적합률,순운전자본비율,차입금의존도,현금비율,유형자산,무형자산,무형자산상각비,유형자산상각비,감가상각비,총자본영업이익률,총자본순이익률,유보액/납입자본비율,총자본투자효율
190510,나무가,2020,Q1,0,2.436161637344067,-1.9815092644396985,,,,3.389077900130127,4.439176092128525,8.380160073304888,2.2498163903895554,4.439375111055551,0.6468320258462,0.6468320258462,95.56082390787147,282.27794999343223,80.29150652790321,26.158976734524725,60.27634327494297,33.258338060328185,-13.710201831117413,1.327344164839154,6.565704964126239,84229733610.0,1815706324.0,,,,0.6151290532951633,2.192164123891756,1260.184562425541,0.02192164123891756
