stock_code,corp_name,year,quarter,label,총자산증가율,유동자산증가율,매출액증가율,순이익증가율,영업이익증가율,매출액순이익률,매출총이익률,자기자본순이익률,매출채권회전율,재고자산회전율,총자본회전율,유형자산회전율,매출원가율,부채비율,유동비율,자기자본비율,당좌비율,비유동자산장기적합률,순운전자본비율,차입금의존도,현금비율,유형자산,무형자산,무형자산상각비,유형자산상각비,감가상각비,총자본영업이익률,총자본순이익률,유보액/납입자본비율,총자본투자효율
190510,나무가,2019,Q1,0,-2.149807884338714,-10.44754547912774,,,,-4.6109765872276585,3.540560284634436,-7.949028877011745,2.0241956385629605,5.517339037054262,0.48773043664277205,0.48773043664277205,96.45943971536556,253.46083510453204,82.4698703260335,28.291677625450674,68.80509414396855,6.490511787724778,-10.938997611194498,7.478281707373406,8.30692094190521,51543306496.0,2381164131.0,,,,-2.151319225802094,-2.2489136242381447,1782.5811318732538,-0.022489136242381448
