stock_code,corp_name,year,quarter,label,총자산증가율,유동자산증가율,매출액증가율,순이익증가율,영업이익증가율,매출액순이익률,매출총이익률,자기자본순이익률,매출채권회전율,재고자산회전율,총자본회전율,유형자산회전율,매출원가율,부채비율,유동비율,자기자본비율,당좌비율,비유동자산장기적합률,순운전자본비율,차입금의존도,현금비율,유형자산,무형자산,무형자산상각비,유형자산상각비,감가상각비,총자본영업이익률,총자본순이익률,유보액/납입자본비율,총자본투자효율
190510,나무가,2022,Q1,0,35.3627150849967,70.05793610923345,,,,6.447945908420227,9.106876128432376,16.32928699407234,2.4419104149489006,4.819700674498755,0.7472544565939969,0.7472544565939969,90.89312387156762,238.9044899923083,91.64398485304747,29.506838343236346,71.48130340807222,,-5.840236122451251,0.0,26.243639087132564,81378879572.0,1170157658.0,,,,5.0676238950282295,4.818256315944043,829.1281193300815,0.04818256315944043
