stock_code,corp_name,year,quarter,label,총자산증가율,유동자산증가율,매출액증가율,순이익증가율,영업이익증가율,매출액순이익률,매출총이익률,자기자본순이익률,매출채권회전율,재고자산회전율,총자본회전율,유형자산회전율,매출원가율,부채비율,유동비율,자기자본비율,당좌비율,비유동자산장기적합률,순운전자본비율,차입금의존도,현금비율,유형자산,무형자산,무형자산상각비,유형자산상각비,감가상각비,총자본영업이익률,총자본순이익률,유보액/납입자본비율,총자본투자효율
191410,육일씨엔에쓰,2019,Q1,0,0.5519556411425615,-0.047750952984598624,,,,-10.944126087631634,8.662262208790757,-3.066543150002065,1.118723469590225,0.41963322002148756,0.11324771149877438,0.11324771149877438,91.33773779120924,147.42213928085593,77.56408331303966,40.416755061068784,33.15572753140188,,-12.453428996262673,30.124625044463976,10.177866884095765,54715918949.0,2832497721.0,,,,-1.3291406345629144,-1.2393972337783177,249.40041589391004,-0.012393972337783176
