stock_code,corp_name,year,quarter,label,총자산증가율,유동자산증가율,매출액증가율,순이익증가율,영업이익증가율,매출액순이익률,매출총이익률,자기자본순이익률,매출채권회전율,재고자산회전율,총자본회전율,유형자산회전율,매출원가율,부채비율,유동비율,자기자본비율,당좌비율,비유동자산장기적합률,순운전자본비율,차입금의존도,현금비율,유형자산,무형자산,무형자산상각비,유형자산상각비,감가상각비,총자본영업이익률,총자본순이익률,유보액/납입자본비율,총자본투자효율
191410,육일씨엔에쓰,2020,Q1,0,7.409141795101354,23.445343157177042,,,,-33.99043748137085,-13.147146592175865,-11.807368513066693,1.4357966390194046,0.590167176762275,0.11423287312628616,0.11423287312628616,113.14714659217586,204.0921880980597,54.56912536780967,32.88476452665508,20.134755608218533,27.392191542753427,-28.89472820884478,44.38573378641008,3.8099363057255022,49919588558.0,2933554572.0,,,,-4.0998179496848,-3.8828253323163984,79.38635687819229,-0.03882825332316398
