stock_code,corp_name,year,quarter,label,총자산증가율,유동자산증가율,매출액증가율,순이익증가율,영업이익증가율,매출액순이익률,매출총이익률,자기자본순이익률,매출채권회전율,재고자산회전율,총자본회전율,유형자산회전율,매출원가율,부채비율,유동비율,자기자본비율,당좌비율,비유동자산장기적합률,순운전자본비율,차입금의존도,현금비율,유형자산,무형자산,무형자산상각비,유형자산상각비,감가상각비,총자본영업이익률,총자본순이익률,유보액/납입자본비율,총자본투자효율
191410,육일씨엔에쓰,2022,Q1,0,11.519156613182663,-27.469763435374244,,,,23.228564593975513,17.901835492766462,9.03995630025127,1.5674798526242248,1.2938362446029639,0.16777443404543804,0.16777443404543804,82.09816450723353,131.96271064047755,117.8059427092568,43.11037740673391,96.89011057197152,12.373013001292085,9.06295327781608,37.437708641705406,33.05878134133702,6826137387.0,9562124078.0,,,,-1.33989429319185,3.8971592784421416,36.32289811759299,0.038971592784421416
