stock_code,corp_name,year,quarter,label,총자산증가율,유동자산증가율,매출액증가율,순이익증가율,영업이익증가율,매출액순이익률,매출총이익률,자기자본순이익률,매출채권회전율,재고자산회전율,총자본회전율,유형자산회전율,매출원가율,부채비율,유동비율,자기자본비율,당좌비율,비유동자산장기적합률,순운전자본비율,차입금의존도,현금비율,유형자산,무형자산,무형자산상각비,유형자산상각비,감가상각비,총자본영업이익률,총자본순이익률,유보액/납입자본비율,총자본투자효율
193250,링크드,2019,Q1,0,-1.990929216674257,-8.115240009323918,,,,-15.789139117460383,14.200937770294955,-2.0240360937439736,1.290233231143041,1.3068540055523765,0.08643386399221521,0.08643386399221521,85.79906222970504,48.311857141741974,210.90532649382016,67.42549242332646,192.12809854310095,,33.51662824233661,0.0,90.407138122986,8359967859.0,1466227034.0,,,,-1.2584610446810867,-1.3647163030327358,-240.32237380987777,-0.013647163030327357
