stock_code,corp_name,year,quarter,label,총자산증가율,유동자산증가율,매출액증가율,순이익증가율,영업이익증가율,매출액순이익률,매출총이익률,자기자본순이익률,매출채권회전율,재고자산회전율,총자본회전율,유형자산회전율,매출원가율,부채비율,유동비율,자기자본비율,당좌비율,비유동자산장기적합률,순운전자본비율,차입금의존도,현금비율,유형자산,무형자산,무형자산상각비,유형자산상각비,감가상각비,총자본영업이익률,총자본순이익률,유보액/납입자본비율,총자본투자효율
193250,링크드,2020,Q1,0,-2.436868928879317,-11.753990690652936,,,,-2.4370179986495435,13.941720264349449,-0.17912354453639515,0.9410056356135158,0.7522423214845924,0.0604198532762528,0.0604198532762528,86.05827973565054,21.650604567423663,262.2754580753731,82.20263298780071,222.65398232361062,,28.309797300667555,0.0,140.622476451752,8314780687.0,1705857667.0,,,,-1.5190833993584523,-0.14724426990999265,-282.90903313899594,-0.0014724426990999264
