stock_code,corp_name,year,quarter,label,총자산증가율,유동자산증가율,매출액증가율,순이익증가율,영업이익증가율,매출액순이익률,매출총이익률,자기자본순이익률,매출채권회전율,재고자산회전율,총자본회전율,유형자산회전율,매출원가율,부채비율,유동비율,자기자본비율,당좌비율,비유동자산장기적합률,순운전자본비율,차입금의존도,현금비율,유형자산,무형자산,무형자산상각비,유형자산상각비,감가상각비,총자본영업이익률,총자본순이익률,유보액/납입자본비율,총자본투자효율
193250,링크드,2022,Q1,0,-1.534198154089639,-4.509777124577027,,,,6.973938580416074,14.485545567166369,0.7290393014261292,1.3230380049549229,1.0937493918214776,0.08146842771124697,0.08146842771124697,85.51445443283363,28.316790426374784,220.3852927228335,77.93212382239072,182.22539663021152,,20.094503926521632,0.0,125.72320148910224,16951973014.0,858299725.0,,,,-0.6532624246001982,0.5681558111013033,-446.0117531484259,0.005681558111013034
