stock_code,corp_name,year,quarter,label,총자산증가율,유동자산증가율,매출액증가율,순이익증가율,영업이익증가율,매출액순이익률,매출총이익률,자기자본순이익률,매출채권회전율,재고자산회전율,총자본회전율,유형자산회전율,매출원가율,부채비율,유동비율,자기자본비율,당좌비율,비유동자산장기적합률,순운전자본비율,차입금의존도,현금비율,유형자산,무형자산,무형자산상각비,유형자산상각비,감가상각비,총자본영업이익률,총자본순이익률,유보액/납입자본비율,총자본투자효율
198080,캐프,2022,Q1,0,5.646982734210613,7.4999538843493445,,,,-0.22217107714320633,11.09390577899274,-0.21735781760442902,2.022726397075331,1.9387372327129226,0.38741970386320385,0.38741970386320385,88.90609422100727,152.52596502911487,132.60463635439746,39.59988826830958,98.41248680186477,0.33644076629069664,16.941319845917157,38.88436449249045,54.81335245419543,61155350911.0,1790016169.0,,,,0.48870169472976077,-0.08607345291379,775.5557082421163,-0.0008607345291379
