stock_code,corp_name,year,quarter,label,총자산증가율,유동자산증가율,매출액증가율,순이익증가율,영업이익증가율,매출액순이익률,매출총이익률,자기자본순이익률,매출채권회전율,재고자산회전율,총자본회전율,유형자산회전율,매출원가율,부채비율,유동비율,자기자본비율,당좌비율,비유동자산장기적합률,순운전자본비율,차입금의존도,현금비율,유형자산,무형자산,무형자산상각비,유형자산상각비,감가상각비,총자본영업이익률,총자본순이익률,유보액/납입자본비율,총자본투자효율
198080,캐프,2020,Q1,0,30.486917381683565,57.00769847729765,,,,1.5219197630008416,15.074284413163541,1.0555037057184498,2.0752787070415817,1.5826821628802246,0.287530678497909,0.287530678497909,84.92571558683646,141.20361730424403,187.47948187249304,41.45874805594819,141.89006850593267,0.23520481550742495,29.605465533508777,29.96771326677955,60.10045802591374,56623535687.0,7236798326.0,,,,0.6540088421366617,0.4375986220750088,798.4713259068822,0.0043759862207500885
