stock_code,corp_name,year,quarter,label,총자산증가율,유동자산증가율,매출액증가율,순이익증가율,영업이익증가율,매출액순이익률,매출총이익률,자기자본순이익률,매출채권회전율,재고자산회전율,총자본회전율,유형자산회전율,매출원가율,부채비율,유동비율,자기자본비율,당좌비율,비유동자산장기적합률,순운전자본비율,차입금의존도,현금비율,유형자산,무형자산,무형자산상각비,유형자산상각비,감가상각비,총자본영업이익률,총자본순이익률,유보액/납입자본비율,총자본투자효율
204270,제이앤티씨,2020,Q1,0,23.040041187677726,51.18341367204315,,,,35.74670199537044,41.7329405076009,9.28900819605133,1.4451865591379764,1.2099133650485063,0.19222775379824947,0.19222775379824947,58.2670594923991,35.18150433318302,313.3651251694282,73.97461693689186,260.32953013145755,12.126856391887317,37.24267847205922,10.218123757374137,175.0790103876331,201549045358.0,203207880.0,,,,6.752691184828417,6.87150823026546,1263.0367833677733,0.0687150823026546
