stock_code,corp_name,year,quarter,label,총자산증가율,유동자산증가율,매출액증가율,순이익증가율,영업이익증가율,매출액순이익률,매출총이익률,자기자본순이익률,매출채권회전율,재고자산회전율,총자본회전율,유형자산회전율,매출원가율,부채비율,유동비율,자기자본비율,당좌비율,비유동자산장기적합률,순운전자본비율,차입금의존도,현금비율,유형자산,무형자산,무형자산상각비,유형자산상각비,감가상각비,총자본영업이익률,총자본순이익률,유보액/납입자본비율,총자본투자효율
204270,제이앤티씨,2022,Q1,0,0.4647061277170612,-3.78842492313329,,,,-9.215562827664353,8.05398472817638,-1.1502248256438494,1.3010669203172784,1.5815992596300794,0.08062390618351176,0.08062390618351176,91.94601527182363,54.80929644329472,121.97514393710622,64.59560394464367,102.96473298119635,15.618111996698232,5.418018933998202,17.283736709956084,64.82037841323034,363088366602.0,752578296.0,,,,-0.33349149780388637,-0.7429946728458692,1200.5800763048755,-0.007429946728458692
