stock_code,corp_name,year,quarter,label,총자산증가율,유동자산증가율,매출액증가율,순이익증가율,영업이익증가율,매출액순이익률,매출총이익률,자기자본순이익률,매출채권회전율,재고자산회전율,총자본회전율,유형자산회전율,매출원가율,부채비율,유동비율,자기자본비율,당좌비율,비유동자산장기적합률,순운전자본비율,차입금의존도,현금비율,유형자산,무형자산,무형자산상각비,유형자산상각비,감가상각비,총자본영업이익률,총자본순이익률,유보액/납입자본비율,총자본투자효율
204990,(주)코썬바이오,2018,Q1,1,0.6071191793480709,-1.8498365202484843,,,,-336.66433990604554,-22.922612968607446,-2.2855333594178626,0.018929822951300752,0.2725309993973334,0.0059404341182033695,0.0059404341182033695,122.92261296860745,14.280534585661531,471.8961163697909,87.50396588696836,439.1995715946758,,30.475710596353462,4.36531636851539,44.40204455508287,7263579612.0,69771048840.0,2726984.0,192312025.0,195039009.0,-2.0526868186743545,-1.9999323311602888,146.20038172363502,-0.01999932331160289
