stock_code,corp_name,year,quarter,label,총자산증가율,유동자산증가율,매출액증가율,순이익증가율,영업이익증가율,매출액순이익률,매출총이익률,자기자본순이익률,매출채권회전율,재고자산회전율,총자본회전율,유형자산회전율,매출원가율,부채비율,유동비율,자기자본비율,당좌비율,비유동자산장기적합률,순운전자본비율,차입금의존도,현금비율,유형자산,무형자산,무형자산상각비,유형자산상각비,감가상각비,총자본영업이익률,총자본순이익률,유보액/납입자본비율,총자본투자효율
204990,(주)코썬바이오,2019,Q1,1,-5.082640026308247,-13.904454988272425,,,,-734.0022205099361,68.4563159372257,-9.698209108653703,0.028621645516273074,0.060284082794621725,0.010489813494568087,0.010489813494568087,31.543684062774304,25.958187764024586,395.0198665388298,79.39142486500698,346.48288864955884,,33.36230539994797,7.105303491540968,14.357875597783798,6553244890.0,13814284538.0,185693878.0,158596794.0,344290672.0,-5.190531271034928,-7.699546397748068,-76.87654643237879,-0.07699546397748068
