stock_code,corp_name,year,quarter,label,총자산증가율,유동자산증가율,매출액증가율,순이익증가율,영업이익증가율,매출액순이익률,매출총이익률,자기자본순이익률,매출채권회전율,재고자산회전율,총자본회전율,유형자산회전율,매출원가율,부채비율,유동비율,자기자본비율,당좌비율,비유동자산장기적합률,순운전자본비율,차입금의존도,현금비율,유형자산,무형자산,무형자산상각비,유형자산상각비,감가상각비,총자본영업이익률,총자본순이익률,유보액/납입자본비율,총자본투자효율
204990,(주)코썬바이오,2020,Q1,1,-15.242688005037941,12.97498526772674,,,,-1134.9872154329257,-15.482554184872576,-25.02230880756307,0.022301328002268108,0.07348276895360847,0.006862011800635829,0.006862011800635829,115.48255418487258,221.28093078452733,72.52842305263634,31.12540783413839,55.78538900692902,,-17.694233661615787,36.41945127183573,1.6812682250518216,5315410974.0,171982230.0,2635147.0,143437327.0,146072474.0,-13.101150653782891,-7.788295665871536,-74.81086411534724,-0.07788295665871536
