stock_code,corp_name,year,quarter,label,총자산증가율,유동자산증가율,매출액증가율,순이익증가율,영업이익증가율,매출액순이익률,매출총이익률,자기자본순이익률,매출채권회전율,재고자산회전율,총자본회전율,유형자산회전율,매출원가율,부채비율,유동비율,자기자본비율,당좌비율,비유동자산장기적합률,순운전자본비율,차입금의존도,현금비율,유형자산,무형자산,무형자산상각비,유형자산상각비,감가상각비,총자본영업이익률,총자본순이익률,유보액/납입자본비율,총자본투자효율
208710,포톤,2022,Q1,0,1.904916703606844,-4.063557540089572,,,,19.074745781069034,4.1593236835199425,7.7212643867552915,1.0132448608295248,4.00789132890726,0.20928128011568603,0.20928128011568603,95.84067631648006,93.41906601934723,85.81401769203771,51.70121129113365,74.64965436058945,44.59895220646697,-6.359013802298789,12.00004074241196,17.009549440792732,38552047130.0,6248551382.0,,,,-1.7127343326065032,3.9919872149434084,1169.9367907615604,0.039919872149434085
