stock_code,corp_name,year,quarter,label,총자산증가율,유동자산증가율,매출액증가율,순이익증가율,영업이익증가율,매출액순이익률,매출총이익률,자기자본순이익률,매출채권회전율,재고자산회전율,총자본회전율,유형자산회전율,매출원가율,부채비율,유동비율,자기자본비율,당좌비율,비유동자산장기적합률,순운전자본비율,차입금의존도,현금비율,유형자산,무형자산,무형자산상각비,유형자산상각비,감가상각비,총자본영업이익률,총자본순이익률,유보액/납입자본비율,총자본투자효율
208710,포톤,2020,Q1,0,31.434725908005923,48.95644131377698,,,,-0.05464962022464112,15.92412793693932,-0.029995251579496725,0.9076925770658159,6.884731114015155,0.2680470345667843,0.2680470345667843,84.07587206306069,104.7643530872935,163.03331626650623,48.836625365826634,151.3180224392243,33.49051375309798,17.612149986823354,9.342310392635838,25.377468876241167,16281167775.0,40445448185.0,,,,1.997585276191306,-0.01464866864141601,1893.6418279483,-0.0001464866864141601
