stock_code,corp_name,year,quarter,label,총자산증가율,유동자산증가율,매출액증가율,순이익증가율,영업이익증가율,매출액순이익률,매출총이익률,자기자본순이익률,매출채권회전율,재고자산회전율,총자본회전율,유형자산회전율,매출원가율,부채비율,유동비율,자기자본비율,당좌비율,비유동자산장기적합률,순운전자본비율,차입금의존도,현금비율,유형자산,무형자산,무형자산상각비,유형자산상각비,감가상각비,총자본영업이익률,총자본순이익률,유보액/납입자본비율,총자본투자효율
208710,포톤,2019,Q1,0,13.99426085608766,17.33420360647132,,,,4.542491130842493,19.553401625271274,2.5161900777409882,0.6784622718479224,24.91393583900322,0.3133206150527428,0.3133206150527428,80.44659837472872,76.79109551998093,151.89871050270438,56.56393479879648,149.2039947536373,13.435992421354353,19.48488829967509,11.073755889237638,22.677001631675243,25698923445.0,2383050110.0,,,,2.478450046238788,1.423256114987199,1618.2551901090076,0.01423256114987199
