stock_code,corp_name,year,quarter,label,총자산증가율,유동자산증가율,매출액증가율,순이익증가율,영업이익증가율,매출액순이익률,매출총이익률,자기자본순이익률,매출채권회전율,재고자산회전율,총자본회전율,유형자산회전율,매출원가율,부채비율,유동비율,자기자본비율,당좌비율,비유동자산장기적합률,순운전자본비율,차입금의존도,현금비율,유형자산,무형자산,무형자산상각비,유형자산상각비,감가상각비,총자본영업이익률,총자본순이익률,유보액/납입자본비율,총자본투자효율
211050,인카금융서비스,2022,Q1,0,13.73410917855037,13.623996434353202,,,,,,,,,,,,,118.40476898193882,,118.40476898193882,,13.248921999740793,7.466605169241899,2.821952245003092,12591614775.0,1838868443.0,,,,1.8625121746207922,1.3844266795674496,2081.7317532181905,0.013844266795674496
