stock_code,corp_name,year,quarter,label,총자산증가율,유동자산증가율,매출액증가율,순이익증가율,영업이익증가율,매출액순이익률,매출총이익률,자기자본순이익률,매출채권회전율,재고자산회전율,총자본회전율,유형자산회전율,매출원가율,부채비율,유동비율,자기자본비율,당좌비율,비유동자산장기적합률,순운전자본비율,차입금의존도,현금비율,유형자산,무형자산,무형자산상각비,유형자산상각비,감가상각비,총자본영업이익률,총자본순이익률,유보액/납입자본비율,총자본투자효율
213420,덕산네오룩스,2020,Q1,0,8.084108805397358,9.632581835485842,,,,23.640741749142112,33.13247819703418,4.48799760317598,2.0398012797424125,0.8589443756161209,0.1622229069846439,0.1622229069846439,66.86752180296581,17.025185431439173,409.0579978745758,85.45169113069801,291.2852065416945,,33.140372509497155,0.5102864644273597,186.39541749403298,55276799067.0,36680685839.0,,,,3.503811229216703,3.835069849819068,1427.9484986304878,0.03835069849819068
