stock_code,corp_name,year,quarter,label,총자산증가율,유동자산증가율,매출액증가율,순이익증가율,영업이익증가율,매출액순이익률,매출총이익률,자기자본순이익률,매출채권회전율,재고자산회전율,총자본회전율,유형자산회전율,매출원가율,부채비율,유동비율,자기자본비율,당좌비율,비유동자산장기적합률,순운전자본비율,차입금의존도,현금비율,유형자산,무형자산,무형자산상각비,유형자산상각비,감가상각비,총자본영업이익률,총자본순이익률,유보액/납입자본비율,총자본투자효율
213420,덕산네오룩스,2022,Q1,0,2.1851855558255084,1.8649517331741738,,,,27.37272293881513,37.60035471202635,3.8328653275153104,3.8199749439671455,0.6446303081331969,0.12103030103338158,0.12103030103338158,62.39964528797365,15.694162061162093,996.1961648853436,86.43478479677711,786.55163763509,,50.082392242587645,0.2906786756003727,711.5638914966763,76928101802.0,36374565542.0,,,,3.591934081900537,3.3129288973881446,3069.3750784245885,0.03312928897388145
