stock_code,corp_name,year,quarter,label,총자산증가율,유동자산증가율,매출액증가율,순이익증가율,영업이익증가율,매출액순이익률,매출총이익률,자기자본순이익률,매출채권회전율,재고자산회전율,총자본회전율,유형자산회전율,매출원가율,부채비율,유동비율,자기자본비율,당좌비율,비유동자산장기적합률,순운전자본비율,차입금의존도,현금비율,유형자산,무형자산,무형자산상각비,유형자산상각비,감가상각비,총자본영업이익률,총자본순이익률,유보액/납입자본비율,총자본투자효율
214430,아이쓰리시스템,2022,Q1,0,-2.9132680564868974,-3.383247858725346,,,,7.960800902216376,15.712909264980404,1.9978117735867933,4.098701526787106,0.4297961162989775,0.17771323844991757,0.17771323844991757,84.2870907350196,41.21408771483653,234.4722021822508,70.81446449021217,95.98346083391122,14.438875161699338,33.84047162874731,2.839149510773955,53.5436602057748,32212678847.0,249385520.0,20837131.0,1183084166.0,1203921297.0,0.9632745654294095,1.414739708987898,1346.0939081621823,0.014147397089878978
