stock_code,corp_name,year,quarter,label,총자산증가율,유동자산증가율,매출액증가율,순이익증가율,영업이익증가율,매출액순이익률,매출총이익률,자기자본순이익률,매출채권회전율,재고자산회전율,총자본회전율,유형자산회전율,매출원가율,부채비율,유동비율,자기자본비율,당좌비율,비유동자산장기적합률,순운전자본비율,차입금의존도,현금비율,유형자산,무형자산,무형자산상각비,유형자산상각비,감가상각비,총자본영업이익률,총자본순이익률,유보액/납입자본비율,총자본투자효율
214430,아이쓰리시스템,2019,Q1,0,-1.772411120772403,-7.569966002044415,,,,11.143002266148736,26.246864752449007,2.0967387774221113,1.1991111222737185,0.3440127088950003,0.1466583821506578,0.1466583821506578,73.753135247551,28.302529472461135,342.1339525864401,77.94078605555785,160.55456825330327,11.073894189635224,41.92779679988842,3.68039024150987,51.09453933792404,31506069156.0,395693486.0,22535568.0,1093034846.0,1115570414.0,1.5000037130373929,1.6342146846544872,1215.5449666541922,0.01634214684654487
