stock_code,corp_name,year,quarter,label,총자산증가율,유동자산증가율,매출액증가율,순이익증가율,영업이익증가율,매출액순이익률,매출총이익률,자기자본순이익률,매출채권회전율,재고자산회전율,총자본회전율,유형자산회전율,매출원가율,부채비율,유동비율,자기자본비율,당좌비율,비유동자산장기적합률,순운전자본비율,차입금의존도,현금비율,유형자산,무형자산,무형자산상각비,유형자산상각비,감가상각비,총자본영업이익률,총자본순이익률,유보액/납입자본비율,총자본투자효율
214430,아이쓰리시스템,2020,Q1,0,2.0055975912463446,5.0253799397445915,,,,-7.076817957383066,6.175815343577076,-1.2151327850144056,1.7156875333989718,0.4245193508680841,0.1237113597977638,0.1237113597977638,93.82418465642293,38.79573911847217,263.58202567248634,72.04832124899943,137.31809075380207,7.591369853342145,35.422821469991014,7.795880514689096,68.49450109033793,32452360710.0,320537781.0,22790006.0,1357960191.0,1380750197.0,-1.6385913060974435,-0.8754827725490926,1142.8630808566018,-0.008754827725490926
