stock_code,corp_name,year,quarter,label,총자산증가율,유동자산증가율,매출액증가율,순이익증가율,영업이익증가율,매출액순이익률,매출총이익률,자기자본순이익률,매출채권회전율,재고자산회전율,총자본회전율,유형자산회전율,매출원가율,부채비율,유동비율,자기자본비율,당좌비율,비유동자산장기적합률,순운전자본비율,차입금의존도,현금비율,유형자산,무형자산,무형자산상각비,유형자산상각비,감가상각비,총자본영업이익률,총자본순이익률,유보액/납입자본비율,총자본투자효율
214870,(주)한울비앤씨,2021,Q1,1,10.117223121294636,1.0809502751947762,,,,-58.27623750586937,20.300584296742112,-6.800255903382421,0.34080090092563825,0.7327094136991251,0.056099116385770094,0.056099116385770094,79.6994157032579,108.0068948087504,161.1794407147544,48.0753294701812,147.5396228209181,7.016545224049773,27.37009578942642,4.399412285551527,55.68973551540998,5686039695.0,20347445258.0,,,,-4.29411062137454,-3.2692454303665466,339.9497274752951,-0.032692454303665464
