stock_code,corp_name,year,quarter,label,총자산증가율,유동자산증가율,매출액증가율,순이익증가율,영업이익증가율,매출액순이익률,매출총이익률,자기자본순이익률,매출채권회전율,재고자산회전율,총자본회전율,유형자산회전율,매출원가율,부채비율,유동비율,자기자본비율,당좌비율,비유동자산장기적합률,순운전자본비율,차입금의존도,현금비율,유형자산,무형자산,무형자산상각비,유형자산상각비,감가상각비,총자본영업이익률,총자본순이익률,유보액/납입자본비율,총자본투자효율
214870,(주)한울비앤씨,2017,Q1,1,-3.369404457592261,-4.698390068908404,,,,-5.441303337443949,8.808127319777933,-1.4529181948395897,1.118398982182745,1.052225777039326,0.21736725655160943,0.21736725655160943,91.19187268022206,22.841214373566103,606.6658547015182,81.40590314899944,449.13362838708,4.1370986287741145,60.5889669998151,6.635728937001573,38.46198185022066,9784902044.0,1146491143.0,,,,-0.9812960771991791,-1.1827611785253072,1050.0700462196078,-0.011827611785253073
