stock_code,corp_name,year,quarter,label,총자산증가율,유동자산증가율,매출액증가율,순이익증가율,영업이익증가율,매출액순이익률,매출총이익률,자기자본순이익률,매출채권회전율,재고자산회전율,총자본회전율,유형자산회전율,매출원가율,부채비율,유동비율,자기자본비율,당좌비율,비유동자산장기적합률,순운전자본비율,차입금의존도,현금비율,유형자산,무형자산,무형자산상각비,유형자산상각비,감가상각비,총자본영업이익률,총자본순이익률,유보액/납입자본비율,총자본투자효율
214870,(주)한울비앤씨,2018,Q1,1,-5.8924810759587665,-11.89284741405947,,,,-36.108080786936355,-3.150864407203961,-3.8518785474588877,1.1860356818777416,0.6893457045905456,0.05999782353221928,0.05999782353221928,103.15086440720395,77.80037937043738,689.9478446534981,56.242849623878165,611.7365083939554,5.02768945501533,67.7197283092164,4.137355160729714,356.79010436120615,9439041443.0,1400316322.0,,,,-1.9169919013519974,-2.166406259141725,433.4820940230601,-0.021664062591417246
