stock_code,corp_name,year,quarter,label,총자산증가율,유동자산증가율,매출액증가율,순이익증가율,영업이익증가율,매출액순이익률,매출총이익률,자기자본순이익률,매출채권회전율,재고자산회전율,총자본회전율,유형자산회전율,매출원가율,부채비율,유동비율,자기자본비율,당좌비율,비유동자산장기적합률,순운전자본비율,차입금의존도,현금비율,유형자산,무형자산,무형자산상각비,유형자산상각비,감가상각비,총자본영업이익률,총자본순이익률,유보액/납입자본비율,총자본투자효율
219130,타이거일렉,2022,Q1,0,3.079117268923533,15.414245441045546,,,,,,3.129181064755917,,1.0424529272739744,,,,37.75721239682543,190.30658747854275,72.59148051859422,125.97532323204179,,22.239295839871687,16.380706921394594,15.87081704622949,34461662368.0,535557101.0,,,,2.334924123954267,2.271518863013831,1584.3786636977395,0.02271518863013831
