stock_code,corp_name,year,quarter,label,총자산증가율,유동자산증가율,매출액증가율,순이익증가율,영업이익증가율,매출액순이익률,매출총이익률,자기자본순이익률,매출채권회전율,재고자산회전율,총자본회전율,유형자산회전율,매출원가율,부채비율,유동비율,자기자본비율,당좌비율,비유동자산장기적합률,순운전자본비율,차입금의존도,현금비율,유형자산,무형자산,무형자산상각비,유형자산상각비,감가상각비,총자본영업이익률,총자본순이익률,유보액/납입자본비율,총자본투자효율
219130,타이거일렉,2020,Q1,0,5.019671514127794,-23.094589364332126,,,,,,3.3419962942969303,,1.1108531649672788,,,,40.61521040114414,132.00613673909928,71.11606185043715,89.09753272266782,,8.177728172814593,18.89296611547776,31.61503830719994,33998393727.0,535557101.0,,,,1.861574253880306,2.3766961516915224,1330.71875713659,0.023766961516915226
