stock_code,corp_name,year,quarter,label,총자산증가율,유동자산증가율,매출액증가율,순이익증가율,영업이익증가율,매출액순이익률,매출총이익률,자기자본순이익률,매출채권회전율,재고자산회전율,총자본회전율,유형자산회전율,매출원가율,부채비율,유동비율,자기자본비율,당좌비율,비유동자산장기적합률,순운전자본비율,차입금의존도,현금비율,유형자산,무형자산,무형자산상각비,유형자산상각비,감가상각비,총자본영업이익률,총자본순이익률,유보액/납입자본비율,총자본투자효율
219130,타이거일렉,2019,Q1,0,-0.23682254944432712,0.6669506228878128,,,,,,0.022923436201659105,,1.1194168419183301,,,,11.878165909938295,740.8676551362267,89.38294544486884,527.1446314222802,,40.94389303443488,0.0,261.09731124919136,22432377735.0,535557101.0,,,,-0.22093517756155193,0.020489642474218275,1225.547156117315,0.00020489642474218273
