stock_code,corp_name,year,quarter,label,총자산증가율,유동자산증가율,매출액증가율,순이익증가율,영업이익증가율,매출액순이익률,매출총이익률,자기자본순이익률,매출채권회전율,재고자산회전율,총자본회전율,유형자산회전율,매출원가율,부채비율,유동비율,자기자본비율,당좌비율,비유동자산장기적합률,순운전자본비율,차입금의존도,현금비율,유형자산,무형자산,무형자산상각비,유형자산상각비,감가상각비,총자본영업이익률,총자본순이익률,유보액/납입자본비율,총자본투자효율
222800,심텍,2019,Q1,0,-0.6128363644704976,-6.029755063061439,,,,,2.584952302935302,,2.928385392721366,1.3301632927128337,0.2541658946361419,0.2541658946361419,97.4150476970647,337.7282134951525,46.92598086338472,22.84522608253293,17.15529765988149,30.71267563855043,-33.18421420968247,27.56703058939739,2.6825120150021076,505757293307.0,25255498580.0,514853092.0,16810155326.0,17325008418.0,-2.5049788393265033,,1420.904830484638,
