stock_code,corp_name,year,quarter,label,총자산증가율,유동자산증가율,매출액증가율,순이익증가율,영업이익증가율,매출액순이익률,매출총이익률,자기자본순이익률,매출채권회전율,재고자산회전율,총자본회전율,유형자산회전율,매출원가율,부채비율,유동비율,자기자본비율,당좌비율,비유동자산장기적합률,순운전자본비율,차입금의존도,현금비율,유형자산,무형자산,무형자산상각비,유형자산상각비,감가상각비,총자본영업이익률,총자본순이익률,유보액/납입자본비율,총자본투자효율
222800,심텍,2020,Q1,0,2.6434121739937706,3.3368722830607758,,,,,13.931532241920664,,3.2384671759401935,1.5785589471547816,0.33665467457060694,0.33665467457060694,86.06846775807934,411.7178808876632,46.55417187210825,19.542017923339458,18.505384735795253,19.280351226456784,-34.97579869526591,35.879216916496866,2.020134156520241,525126904725.0,25524055883.0,430525582.0,19396595935.0,19827121517.0,1.5838273516830013,,1256.0463304174418,
