stock_code,corp_name,year,quarter,label,총자산증가율,유동자산증가율,매출액증가율,순이익증가율,영업이익증가율,매출액순이익률,매출총이익률,자기자본순이익률,매출채권회전율,재고자산회전율,총자본회전율,유형자산회전율,매출원가율,부채비율,유동비율,자기자본비율,당좌비율,비유동자산장기적합률,순운전자본비율,차입금의존도,현금비율,유형자산,무형자산,무형자산상각비,유형자산상각비,감가상각비,총자본영업이익률,총자본순이익률,유보액/납입자본비율,총자본투자효율
222800,심텍,2022,Q1,0,20.868812354513025,63.760312972566624,,,,,27.658557966657614,,2.8185824620908257,1.9380289382845453,0.40302824209958804,0.40302824209958804,72.34144203334239,142.48656642189835,85.83309549540199,41.239397907928506,52.4881959047088,14.435521481832822,-6.3915756975511755,6.885154694891828,13.418454472500988,523323529624.0,23689415995.0,219176332.0,17955230058.0,18174406390.0,8.182723352562995,,2339.000282337349,
