stock_code,corp_name,year,quarter,label,총자산증가율,유동자산증가율,매출액증가율,순이익증가율,영업이익증가율,매출액순이익률,매출총이익률,자기자본순이익률,매출채권회전율,재고자산회전율,총자본회전율,유형자산회전율,매출원가율,부채비율,유동비율,자기자본비율,당좌비율,비유동자산장기적합률,순운전자본비율,차입금의존도,현금비율,유형자산,무형자산,무형자산상각비,유형자산상각비,감가상각비,총자본영업이익률,총자본순이익률,유보액/납입자본비율,총자본투자효율
227100,프로브잇,2019,Q1,0,1.090433297301687,-5.66966198486747,,,,-16.580729588656457,18.166373111691854,-5.4262042788868765,0.9240225655632018,0.5475897289826919,0.23799447033676685,0.23799447033676685,81.83362688830815,37.50726254908129,354.333469367931,72.72343158188201,207.89413375494962,28.067735714285714,61.77164093901359,15.65150323348715,34.52792776777488,686364317.0,179837498.0,,,,-5.563644668175577,-3.9461219562494514,993.4588099559925,-0.039461219562494515
