stock_code,corp_name,year,quarter,label,총자산증가율,유동자산증가율,매출액증가율,순이익증가율,영업이익증가율,매출액순이익률,매출총이익률,자기자본순이익률,매출채권회전율,재고자산회전율,총자본회전율,유형자산회전율,매출원가율,부채비율,유동비율,자기자본비율,당좌비율,비유동자산장기적합률,순운전자본비율,차입금의존도,현금비율,유형자산,무형자산,무형자산상각비,유형자산상각비,감가상각비,총자본영업이익률,총자본순이익률,유보액/납입자본비율,총자본투자효율
227100,프로브잇,2022,Q1,0,-4.6208123748433705,-5.071113887031866,,,,-19.659548861016095,2.669297780505276,-1.3485384059324943,1.0728536423397572,2.311105086376957,0.05117597216449562,0.05117597216449562,97.33070221949473,34.03668256979665,382.1496888376971,74.60644211925135,370.2403535889155,4.548695414882482,51.06088286005141,6.782024618172263,125.99726940058528,7648023849.0,10242671635.0,,,,-2.77881012006266,-1.006096525277901,730.8039482780855,-0.010060965252779011
