stock_code,corp_name,year,quarter,label,총자산증가율,유동자산증가율,매출액증가율,순이익증가율,영업이익증가율,매출액순이익률,매출총이익률,자기자본순이익률,매출채권회전율,재고자산회전율,총자본회전율,유형자산회전율,매출원가율,부채비율,유동비율,자기자본비율,당좌비율,비유동자산장기적합률,순운전자본비율,차입금의존도,현금비율,유형자산,무형자산,무형자산상각비,유형자산상각비,감가상각비,총자본영업이익률,총자본순이익률,유보액/납입자본비율,총자본투자효율
227100,프로브잇,2020,Q1,0,2.4349591225046656,5.025667622832987,,,,-9.045835516914458,19.261318261924927,-5.460707707629466,1.78949056834686,0.536520413343785,0.2780941372704536,0.2780941372704536,80.73868173807507,117.07430093061136,305.9908418493974,46.06717588000681,147.58769815713393,48.51874694877951,54.42160589908117,12.920274375473632,31.16720232993994,978152345.0,186211331.0,,,,-3.4212016251287163,-2.5155938239667543,752.9751612042497,-0.025155938239667542
