stock_code,corp_name,year,quarter,label,총자산증가율,유동자산증가율,매출액증가율,순이익증가율,영업이익증가율,매출액순이익률,매출총이익률,자기자본순이익률,매출채권회전율,재고자산회전율,총자본회전율,유형자산회전율,매출원가율,부채비율,유동비율,자기자본비율,당좌비율,비유동자산장기적합률,순운전자본비율,차입금의존도,현금비율,유형자산,무형자산,무형자산상각비,유형자산상각비,감가상각비,총자본영업이익률,총자본순이익률,유보액/납입자본비율,총자본투자효율
247660,나노씨엠에스,2022,Q1,0,1.943752076412885,-3.0394143848255326,,,,17.148889478413466,55.773524995670954,1.6355374027380145,6.493954531262305,0.30587516049601204,0.056418334986223166,0.056418334986223166,44.226475004329046,69.0457333497254,152.18150133836724,59.15558944816305,127.27424805296576,7.310875326141495,17.09027747857706,9.82506555989764,6.942987835759702,13681174445.0,41375823.0,,,,1.3677020302840324,0.9675117912348489,-296.84071192747825,0.009675117912348489
