stock_code,corp_name,year,quarter,label,총자산증가율,유동자산증가율,매출액증가율,순이익증가율,영업이익증가율,매출액순이익률,매출총이익률,자기자본순이익률,매출채권회전율,재고자산회전율,총자본회전율,유형자산회전율,매출원가율,부채비율,유동비율,자기자본비율,당좌비율,비유동자산장기적합률,순운전자본비율,차입금의존도,현금비율,유형자산,무형자산,무형자산상각비,유형자산상각비,감가상각비,총자본영업이익률,총자본순이익률,유보액/납입자본비율,총자본투자효율
250000,보라티알,2019,Q1,0,9.36864967571405,12.251016692265955,,,,12.733764896564233,39.55524061738191,2.4783434928368577,1.1821150677040098,0.49927500227931526,0.16029422608369645,0.16029422608369645,60.44475938261809,21.41903927238687,398.86550554003736,82.35940639891228,288.7724359825566,,52.680819433719904,6.209756300817401,160.48751686042263,9530762410.0,1537446923.0,16099131.0,76102691.0,92201822.0,2.36656578054575,2.0411489892265053,1480.0946999385105,0.02056838089424551
