stock_code,corp_name,year,quarter,label,총자산증가율,유동자산증가율,매출액증가율,순이익증가율,영업이익증가율,매출액순이익률,매출총이익률,자기자본순이익률,매출채권회전율,재고자산회전율,총자본회전율,유형자산회전율,매출원가율,부채비율,유동비율,자기자본비율,당좌비율,비유동자산장기적합률,순운전자본비율,차입금의존도,현금비율,유형자산,무형자산,무형자산상각비,유형자산상각비,감가상각비,총자본영업이익률,총자본순이익률,유보액/납입자본비율,총자본투자효율
250000,보라티알,2020,Q1,0,-8.243142251642551,-13.09536097326679,,,,-7.334601994508085,38.629039099248196,-1.6122746217567676,2.1858101031229946,0.6225705092188661,0.1457612492133045,0.1457612492133045,61.370960900751804,50.80661228236589,193.10534524938672,66.3100897809195,148.77889301613232,8.617165264057972,30.180616175868945,28.242810058503082,28.4276910248252,19752062713.0,1630175591.0,14255699.0,198864894.0,213120593.0,1.452445746493218,-1.069100749201893,1520.889908340324,-0.01069100749201893
