stock_code,corp_name,year,quarter,label,총자산증가율,유동자산증가율,매출액증가율,순이익증가율,영업이익증가율,매출액순이익률,매출총이익률,자기자본순이익률,매출채권회전율,재고자산회전율,총자본회전율,유형자산회전율,매출원가율,부채비율,유동비율,자기자본비율,당좌비율,비유동자산장기적합률,순운전자본비율,차입금의존도,현금비율,유형자산,무형자산,무형자산상각비,유형자산상각비,감가상각비,총자본영업이익률,총자본순이익률,유보액/납입자본비율,총자본투자효율
250000,보라티알,2022,Q1,0,0.17291853849937824,7.7840963875518545,,,,90.81118595642083,38.05123793275524,18.01896229271306,2.6730014820586727,0.5076202642563876,0.16112262093681295,0.16112262093681295,61.94876206724476,23.14985681474162,286.3505514279633,81.20188085190654,181.02381897365368,,34.7890260207571,5.908171491140126,78.45995917574369,14160259515.0,1956081018.0,,,,2.246363248173766,14.631736291678827,2065.27433889031,0.14631736291678826
