stock_code,corp_name,year,quarter,label,총자산증가율,유동자산증가율,매출액증가율,순이익증가율,영업이익증가율,매출액순이익률,매출총이익률,자기자본순이익률,매출채권회전율,재고자산회전율,총자본회전율,유형자산회전율,매출원가율,부채비율,유동비율,자기자본비율,당좌비율,비유동자산장기적합률,순운전자본비율,차입금의존도,현금비율,유형자산,무형자산,무형자산상각비,유형자산상각비,감가상각비,총자본영업이익률,총자본순이익률,유보액/납입자본비율,총자본투자효율
252990,샘씨엔에스,2022,Q1,0,6.384164388741008,-16.31038930865404,,,,35.420340964764605,55.16447957863079,4.730970859350938,2.9207893086921897,2.513206516653373,0.09056530702694887,0.09056530702694887,44.83552042136921,47.48086349981977,1599.754656140138,67.80540717414651,1552.9549738138787,,51.77656270934402,0.0,172.91331060126393,24901003242.0,20669462495.0,,,,3.268378798547886,3.2078540544731213,90.09579135366808,0.032078540544731214
