stock_code,corp_name,year,quarter,label,총자산증가율,유동자산증가율,매출액증가율,순이익증가율,영업이익증가율,매출액순이익률,매출총이익률,자기자본순이익률,매출채권회전율,재고자산회전율,총자본회전율,유형자산회전율,매출원가율,부채비율,유동비율,자기자본비율,당좌비율,비유동자산장기적합률,순운전자본비율,차입금의존도,현금비율,유형자산,무형자산,무형자산상각비,유형자산상각비,감가상각비,총자본영업이익률,총자본순이익률,유보액/납입자본비율,총자본투자효율
263600,덕우전자,2022,Q1,0,1.1770053976618688,1.8036355368604091,,,,1.7655849210452192,11.7527487194236,0.7989793860275416,2.3002992093181147,1.7615790088288985,0.2554389118129581,0.2554389118129581,88.24725128057639,77.15764888863112,101.88944519551326,56.446899486041545,62.30672195017941,6.2370189481,0.6108221050537788,22.158244252861472,20.39967670333165,53642375753.0,7844396268.0,,,,0.8037872460753468,0.4509990909451583,1126.0874291930418,0.004509990909451583
