stock_code,corp_name,year,quarter,label,총자산증가율,유동자산증가율,매출액증가율,순이익증가율,영업이익증가율,매출액순이익률,매출총이익률,자기자본순이익률,매출채권회전율,재고자산회전율,총자본회전율,유형자산회전율,매출원가율,부채비율,유동비율,자기자본비율,당좌비율,비유동자산장기적합률,순운전자본비율,차입금의존도,현금비율,유형자산,무형자산,무형자산상각비,유형자산상각비,감가상각비,총자본영업이익률,총자본순이익률,유보액/납입자본비율,총자본투자효율
263600,덕우전자,2020,Q1,0,3.907101113161045,5.780948018766501,,,,9.68607295981448,19.587416104260715,4.628622852482067,2.1543733948857815,4.841958061443502,0.3488347169191979,0.3488347169191979,80.41258389573929,36.98857836680534,218.0518454852197,72.99878660849852,195.89408175876275,,30.86523217566072,6.223672095128248,103.32055561644961,49044980675.0,1013487068.0,,,,4.063306134405551,3.378838518995582,1030.6538816480347,0.03378838518995582
