stock_code,corp_name,year,quarter,label,총자산증가율,유동자산증가율,매출액증가율,순이익증가율,영업이익증가율,매출액순이익률,매출총이익률,자기자본순이익률,매출채권회전율,재고자산회전율,총자본회전율,유형자산회전율,매출원가율,부채비율,유동비율,자기자본비율,당좌비율,비유동자산장기적합률,순운전자본비율,차입금의존도,현금비율,유형자산,무형자산,무형자산상각비,유형자산상각비,감가상각비,총자본영업이익률,총자본순이익률,유보액/납입자본비율,총자본투자효율
263600,덕우전자,2019,Q1,0,-0.712367983100945,-8.851943210505793,,,,-9.776268694285015,5.9576796760100965,-1.985511766124698,1.6131327304596563,1.3343662646101253,0.160570579157902,0.160570579157902,94.0423203239899,26.483350635934784,236.1161694008298,79.06178915819243,180.1283413171689,712.4044945333334,27.512518934767655,7.657220221421592,46.98900667322742,47692229712.0,979474729.0,,,,-2.004762552191427,-1.5697811262446113,1874.2549340535575,-0.015697811262446112
