stock_code,corp_name,year,quarter,label,총자산증가율,유동자산증가율,매출액증가율,순이익증가율,영업이익증가율,매출액순이익률,매출총이익률,자기자본순이익률,매출채권회전율,재고자산회전율,총자본회전율,유형자산회전율,매출원가율,부채비율,유동비율,자기자본비율,당좌비율,비유동자산장기적합률,순운전자본비율,차입금의존도,현금비율,유형자산,무형자산,무형자산상각비,유형자산상각비,감가상각비,총자본영업이익률,총자본순이익률,유보액/납입자본비율,총자본투자효율
263810,상신전자,2022,Q1,0,10.068369976698003,13.281787193990708,,,,1.5106899198894257,8.022360835908634,1.1310072211113562,1.4461432584255738,1.0658057647524566,0.41326870106637664,0.41326870106637664,91.97763916409136,81.15800575182878,217.35461254445116,55.20043101876026,120.5890094458858,2.6512347925925925,43.25296308717185,20.58854538791111,28.21749428272086,13138740303.0,43547200.0,,,,0.6704793581660974,0.6243208609067715,444.4835715526274,0.006243208609067715
