stock_code,corp_name,year,quarter,label,총자산증가율,유동자산증가율,매출액증가율,순이익증가율,영업이익증가율,매출액순이익률,매출총이익률,자기자본순이익률,매출채권회전율,재고자산회전율,총자본회전율,유형자산회전율,매출원가율,부채비율,유동비율,자기자본비율,당좌비율,비유동자산장기적합률,순운전자본비율,차입금의존도,현금비율,유형자산,무형자산,무형자산상각비,유형자산상각비,감가상각비,총자본영업이익률,총자본순이익률,유보액/납입자본비율,총자본투자효율
263810,상신전자,2019,Q1,0,0.2323684422608769,-1.3584556238162924,,,,4.108965422132198,12.254454495468256,2.8045904779438056,1.5362872027050085,1.0733429552176257,0.4243822130877362,0.4243822130877362,87.74554550453175,60.83471556671972,226.910916416653,62.17563145346975,130.33612267826658,,45.59098047710791,12.23060869708267,19.37101390469612,6704753098.0,43547200.0,,,,1.9147861969099906,1.7437718393454464,586.6516275233664,0.017437718393454465
