stock_code,corp_name,year,quarter,label,총자산증가율,유동자산증가율,매출액증가율,순이익증가율,영업이익증가율,매출액순이익률,매출총이익률,자기자본순이익률,매출채권회전율,재고자산회전율,총자본회전율,유형자산회전율,매출원가율,부채비율,유동비율,자기자본비율,당좌비율,비유동자산장기적합률,순운전자본비율,차입금의존도,현금비율,유형자산,무형자산,무형자산상각비,유형자산상각비,감가상각비,총자본영업이익률,총자본순이익률,유보액/납입자본비율,총자본투자효율
263810,상신전자,2020,Q1,0,8.007388237770567,9.983492882325665,,,,3.2231707604390722,11.183597841952977,1.970408633067372,1.3389742839274341,1.210357650887079,0.38594489392306114,0.38594489392306114,88.81640215804703,58.39726827401367,231.73061788836256,63.13240189660885,151.6388842881786,,46.58046192554208,13.151132701819282,37.33225271843456,7848286251.0,43547200.0,,,,1.0113838145112686,1.2439662972335699,393.2289240825968,0.012439662972335699
