stock_code,corp_name,year,quarter,label,총자산증가율,유동자산증가율,매출액증가율,순이익증가율,영업이익증가율,매출액순이익률,매출총이익률,자기자본순이익률,매출채권회전율,재고자산회전율,총자본회전율,유형자산회전율,매출원가율,부채비율,유동비율,자기자본비율,당좌비율,비유동자산장기적합률,순운전자본비율,차입금의존도,현금비율,유형자산,무형자산,무형자산상각비,유형자산상각비,감가상각비,총자본영업이익률,총자본순이익률,유보액/납입자본비율,총자본투자효율
264850,이랜시스,2022,Q1,0,8.132819011624932,3.4796524866423644,,,,8.16479316461959,13.794210152508162,4.821652585397533,1.473369078868115,1.5893711808427013,0.33649493792119745,0.33649493792119745,86.20578984749183,75.4980083684012,152.55347399259276,56.98070361578258,96.29269477543012,5.224994079312658,17.048466624424886,15.866979535570765,16.058954159354037,30244861862.0,105543215.0,,,,2.9218895542748187,2.7474115690680865,811.3478860368849,0.027474115690680867
