stock_code,corp_name,year,quarter,label,총자산증가율,유동자산증가율,매출액증가율,순이익증가율,영업이익증가율,매출액순이익률,매출총이익률,자기자본순이익률,매출채권회전율,재고자산회전율,총자본회전율,유형자산회전율,매출원가율,부채비율,유동비율,자기자본비율,당좌비율,비유동자산장기적합률,순운전자본비율,차입금의존도,현금비율,유형자산,무형자산,무형자산상각비,유형자산상각비,감가상각비,총자본영업이익률,총자본순이익률,유보액/납입자본비율,총자본투자효율
264850,이랜시스,2020,Q1,0,2.031869718377385,4.178707634357383,,,,8.295861486469736,19.599277942178254,4.321003137625055,1.374603611059965,1.302300118796615,0.2678982709384908,0.2678982709384908,80.40072205782175,94.42547959050933,183.5704548590465,51.43358792819529,130.76822775242314,3.674980959818182,26.176965747964058,24.788311917648755,7.799818347956779,16476000742.0,129446766.0,,,,2.597077112363328,2.22244694817046,560.4787090417454,0.0222244694817046
