stock_code,corp_name,year,quarter,label,총자산증가율,유동자산증가율,매출액증가율,순이익증가율,영업이익증가율,매출액순이익률,매출총이익률,자기자본순이익률,매출채권회전율,재고자산회전율,총자본회전율,유형자산회전율,매출원가율,부채비율,유동비율,자기자본비율,당좌비율,비유동자산장기적합률,순운전자본비율,차입금의존도,현금비율,유형자산,무형자산,무형자산상각비,유형자산상각비,감가상각비,총자본영업이익률,총자본순이익률,유보액/납입자본비율,총자본투자효율
272290,이녹스첨단소재,2020,Q1,0,10.166481757467016,19.67975852589537,,,,7.509771920315783,21.516419902497024,2.9456064294905158,1.7296683626918856,1.5288485326766985,0.19149548159955185,0.19149548159955185,78.48358009750298,104.82805487189562,139.16628639935425,48.82143711345714,116.26420274614809,2.427200161578029,16.8116474702408,33.18370283060064,43.11285695018184,135734863873.0,2273543125.0,,,,1.4273478872438838,1.4380873905836624,1823.191181219497,0.014380873905836623
