stock_code,corp_name,year,quarter,label,총자산증가율,유동자산증가율,매출액증가율,순이익증가율,영업이익증가율,매출액순이익률,매출총이익률,자기자본순이익률,매출채권회전율,재고자산회전율,총자본회전율,유형자산회전율,매출원가율,부채비율,유동비율,자기자본비율,당좌비율,비유동자산장기적합률,순운전자본비율,차입금의존도,현금비율,유형자산,무형자산,무형자산상각비,유형자산상각비,감가상각비,총자본영업이익률,총자본순이익률,유보액/납입자본비율,총자본투자효율
272290,이녹스첨단소재,2022,Q1,0,5.330875966860281,7.619398949171091,,,,19.836458822861204,32.76860161384567,7.844004009678598,1.2129965098371114,1.3019469621261444,0.27605044746796414,0.27605044746796414,67.23139838615432,43.24689151104655,257.57470580180444,69.80954277272289,200.4377247919665,11.308776976533334,39.31303045545465,9.45999592393314,96.57436058660002,147533233470.0,4571137122.0,,,,6.524611289597501,5.47586333423068,2080.5312862551764,0.0547586333423068
