stock_code,corp_name,year,quarter,label,총자산증가율,유동자산증가율,매출액증가율,순이익증가율,영업이익증가율,매출액순이익률,매출총이익률,자기자본순이익률,매출채권회전율,재고자산회전율,총자본회전율,유형자산회전율,매출원가율,부채비율,유동비율,자기자본비율,당좌비율,비유동자산장기적합률,순운전자본비율,차입금의존도,현금비율,유형자산,무형자산,무형자산상각비,유형자산상각비,감가상각비,총자본영업이익률,총자본순이익률,유보액/납입자본비율,총자본투자효율
272290,이녹스첨단소재,2019,Q1,0,10.661726809597218,16.323150865271042,,,,11.900880701236783,26.557303114780684,6.509411086864625,1.7454646328491967,2.000673219835739,0.25696157010968074,0.25696157010968074,73.44269688521932,112.86017767119941,190.56547400754678,46.97919596518795,158.66200193006145,2.06732945633258,26.77721149874045,37.179971105520295,85.49727779132286,133620320457.0,1473273965.0,,,,3.6004819481667805,3.0580689906778025,1245.1186672616714,0.030580689906778025
