stock_code,corp_name,year,quarter,label,총자산증가율,유동자산증가율,매출액증가율,순이익증가율,영업이익증가율,매출액순이익률,매출총이익률,자기자본순이익률,매출채권회전율,재고자산회전율,총자본회전율,유형자산회전율,매출원가율,부채비율,유동비율,자기자본비율,당좌비율,비유동자산장기적합률,순운전자본비율,차입금의존도,현금비율,유형자산,무형자산,무형자산상각비,유형자산상각비,감가상각비,총자본영업이익률,총자본순이익률,유보액/납입자본비율,총자본투자효율
290550,디케이티,2019,Q1,0,27.43225329873965,38.80817761166602,,,,-2.531431143882339,5.644494154964346,-2.63917771256354,2.5957391353526944,2.5976704881978225,0.5542057777182687,0.5542057777182687,94.35550584503567,88.11848262784527,164.64784980765933,53.157987776155935,120.76141436735288,,29.65364013603396,5.595333215161198,70.01912716007183,15619391817.0,6325844302.0,,,,1.5201482868680192,-1.4029337658355583,1081.1759936817039,-0.014029337658355583
