stock_code,corp_name,year,quarter,label,총자산증가율,유동자산증가율,매출액증가율,순이익증가율,영업이익증가율,매출액순이익률,매출총이익률,자기자본순이익률,매출채권회전율,재고자산회전율,총자본회전율,유형자산회전율,매출원가율,부채비율,유동비율,자기자본비율,당좌비율,비유동자산장기적합률,순운전자본비율,차입금의존도,현금비율,유형자산,무형자산,무형자산상각비,유형자산상각비,감가상각비,총자본영업이익률,총자본순이익률,유보액/납입자본비율,총자본투자효율
290550,디케이티,2022,Q1,0,4.362127005623613,5.136984648338071,,,,5.970389627743702,9.174676051794115,6.47926259662855,1.7174792579034033,4.091506748883802,0.4310425432560126,0.4310425432560126,90.82532394820588,151.769299241974,242.00960660038837,39.71890151066059,214.0555171505466,1.2265839201,48.60894484768006,19.356087793375757,117.4602735098922,24373036649.0,5915975746.0,,,,2.924480394265877,2.5734919293719636,909.6889670603778,0.025734919293719637
