stock_code,corp_name,year,quarter,label,총자산증가율,유동자산증가율,매출액증가율,순이익증가율,영업이익증가율,매출액순이익률,매출총이익률,자기자본순이익률,매출채권회전율,재고자산회전율,총자본회전율,유형자산회전율,매출원가율,부채비율,유동비율,자기자본비율,당좌비율,비유동자산장기적합률,순운전자본비율,차입금의존도,현금비율,유형자산,무형자산,무형자산상각비,유형자산상각비,감가상각비,총자본영업이익률,총자본순이익률,유보액/납입자본비율,총자본투자효율
290550,디케이티,2020,Q1,0,-0.2115448180430083,-7.978842704588623,,,,3.5709565622464967,5.195596545009613,5.411681075299506,2.8697359954279915,5.379376116266151,0.8352328542191961,0.8352328542191961,94.80440345499038,81.44293318571756,154.255987267851,55.11374747102666,121.1920016536668,,24.15442123162654,4.815193414023093,50.20553083566526,28665141563.0,5746550695.0,,,,2.709797128020731,2.98258024177791,1393.0873112775296,0.0298258024177791
