stock_code,corp_name,year,quarter,label,총자산증가율,유동자산증가율,매출액증가율,순이익증가율,영업이익증가율,매출액순이익률,매출총이익률,자기자본순이익률,매출채권회전율,재고자산회전율,총자본회전율,유형자산회전율,매출원가율,부채비율,유동비율,자기자본비율,당좌비율,비유동자산장기적합률,순운전자본비율,차입금의존도,현금비율,유형자산,무형자산,무형자산상각비,유형자산상각비,감가상각비,총자본영업이익률,총자본순이익률,유보액/납입자본비율,총자본투자효율
290690,소룩스,2022,Q1,0,-7.578514297061339,-17.472064914977885,,,,-15.433922050520495,11.127730267968975,-3.335885036925026,0.6100328450748792,2.700547328535916,0.14572161006424164,0.14572161006424164,88.87226973203103,48.32378919083967,104.1674112045359,67.42006831509393,88.0148570317836,28.18257859470286,1.2372674532202839,17.920158338852175,0.8025028341783783,17956899353.0,1064103192.0,,,,-2.8783874222397037,-2.2490559708078486,5455.349147246714,-0.022490559708078485
