stock_code,corp_name,year,quarter,label,총자산증가율,유동자산증가율,매출액증가율,순이익증가율,영업이익증가율,매출액순이익률,매출총이익률,자기자본순이익률,매출채권회전율,재고자산회전율,총자본회전율,유형자산회전율,매출원가율,부채비율,유동비율,자기자본비율,당좌비율,비유동자산장기적합률,순운전자본비율,차입금의존도,현금비율,유형자산,무형자산,무형자산상각비,유형자산상각비,감가상각비,총자본영업이익률,총자본순이익률,유보액/납입자본비율,총자본투자효율
290740,액트로,2020,Q1,0,25.96357070513327,36.319454122996206,,,,12.135378427152462,12.998429048962478,7.445487092712281,1.356235037695157,8.718765302356934,0.3976181264625719,0.3976181264625719,87.00157095103752,54.30273239655149,193.5729559233522,64.80766636264367,181.95130437843378,,31.946315845758654,0.8018715859870182,39.09456933451231,34723087976.0,486925663.0,,,,3.7325482796994844,4.825246434118674,1568.4872072822254,0.04825246434118674
