stock_code,corp_name,year,quarter,label,총자산증가율,유동자산증가율,매출액증가율,순이익증가율,영업이익증가율,매출액순이익률,매출총이익률,자기자본순이익률,매출채권회전율,재고자산회전율,총자본회전율,유형자산회전율,매출원가율,부채비율,유동비율,자기자본비율,당좌비율,비유동자산장기적합률,순운전자본비율,차입금의존도,현금비율,유형자산,무형자산,무형자산상각비,유형자산상각비,감가상각비,총자본영업이익률,총자본순이익률,유보액/납입자본비율,총자본투자효율
290740,액트로,2019,Q1,0,8.70515276484483,14.99747819651535,,,,14.397202168397206,20.38896386714115,8.050291196779737,3.120838807106939,5.4734285416403745,0.38391958076823623,0.38391958076823623,79.61103613285884,45.64421000883366,234.17315039743704,68.66047060431359,215.65368229935933,,40.45676888813719,2.2729006924672666,127.0349700600852,23172759572.0,500823854.0,,,,6.320880135475651,5.527367820726597,2682.317645933821,0.05527367820726597
