stock_code,corp_name,year,quarter,label,총자산증가율,유동자산증가율,매출액증가율,순이익증가율,영업이익증가율,매출액순이익률,매출총이익률,자기자본순이익률,매출채권회전율,재고자산회전율,총자본회전율,유형자산회전율,매출원가율,부채비율,유동비율,자기자본비율,당좌비율,비유동자산장기적합률,순운전자본비율,차입금의존도,현금비율,유형자산,무형자산,무형자산상각비,유형자산상각비,감가상각비,총자본영업이익률,총자본순이익률,유보액/납입자본비율,총자본투자효율
307180,아이엘,2022,Q1,0,-10.200743114528233,-23.523303234521375,,,,-32.224523760051724,17.35446780495991,-13.897049325293715,0.5954681459044712,0.9066824116884022,0.0933726825807105,0.0933726825807105,82.64553219504009,361.8662786132837,74.43449862372098,21.651288398937012,61.79088027349447,,-17.20944885185399,0.0,9.163639108634689,26354017239.0,1248485074.0,,,,-1.9471869155085535,-3.0088902283618726,197.95738785233038,-0.030088902283618726
