stock_code,corp_name,year,quarter,label,총자산증가율,유동자산증가율,매출액증가율,순이익증가율,영업이익증가율,매출액순이익률,매출총이익률,자기자본순이익률,매출채권회전율,재고자산회전율,총자본회전율,유형자산회전율,매출원가율,부채비율,유동비율,자기자본비율,당좌비율,비유동자산장기적합률,순운전자본비율,차입금의존도,현금비율,유형자산,무형자산,무형자산상각비,유형자산상각비,감가상각비,총자본영업이익률,총자본순이익률,유보액/납입자본비율,총자본투자효율
307180,아이엘,2020,Q1,0,-1.5310569128359865,-12.926869290881978,,,,-157.95956285305465,-69.36558399541991,-26.90475625307776,0.281963439517871,5.802765823978625,0.06101060464851598,0.06101060464851598,169.3655839954199,179.17582587817066,134.5978016132405,35.819720309035255,130.10566787758725,,13.714856736603407,0.0,12.592012065110794,10915654405.0,826558534.0,,,,-9.417564295560291,-9.637208439680126,347.83488246490595,-0.09637208439680127
