stock_code,corp_name,year,quarter,label,총자산증가율,유동자산증가율,매출액증가율,순이익증가율,영업이익증가율,매출액순이익률,매출총이익률,자기자본순이익률,매출채권회전율,재고자산회전율,총자본회전율,유형자산회전율,매출원가율,부채비율,유동비율,자기자본비율,당좌비율,비유동자산장기적합률,순운전자본비율,차입금의존도,현금비율,유형자산,무형자산,무형자산상각비,유형자산상각비,감가상각비,총자본영업이익률,총자본순이익률,유보액/납입자본비율,총자본투자효율
309930,조이웍스앤코,2022,Q1,0,1.2191508616549016,1.503092196891081,,,,9.03347231914833,64.8405379666657,2.796087973331348,2.039378778798337,0.746491251496094,0.20664924864549614,0.20664924864549614,35.159462033334286,49.78291653956694,443.4996541393363,66.76328803731353,384.36515011613693,,56.53750967952411,0.0,139.45031740718014,588265297.0,583923039.0,,,,1.5281947961117237,1.8667602674118902,1168.0204269667179,0.0186676026741189
