stock_code,corp_name,year,quarter,label,총자산증가율,유동자산증가율,매출액증가율,순이익증가율,영업이익증가율,매출액순이익률,매출총이익률,자기자본순이익률,매출채권회전율,재고자산회전율,총자본회전율,유형자산회전율,매출원가율,부채비율,유동비율,자기자본비율,당좌비율,비유동자산장기적합률,순운전자본비율,차입금의존도,현금비율,유형자산,무형자산,무형자산상각비,유형자산상각비,감가상각비,총자본영업이익률,총자본순이익률,유보액/납입자본비율,총자본투자효율
309930,조이웍스앤코,2020,Q1,0,0.31234881476312787,0.31234881476312787,,,,,,0.19087014474898664,0.0,,0.0,0.0,,9.064223975020761,67778.57594814815,91.68909506283494,67778.57594814815,,99.85246075385753,0.0,10807.157770370372,,,,,,-0.050305855671380746,0.17500710846546902,1727.810674509804,0.0017500710846546901
