stock_code,corp_name,year,quarter,label,총자산증가율,유동자산증가율,매출액증가율,순이익증가율,영업이익증가율,매출액순이익률,매출총이익률,자기자본순이익률,매출채권회전율,재고자산회전율,총자본회전율,유형자산회전율,매출원가율,부채비율,유동비율,자기자본비율,당좌비율,비유동자산장기적합률,순운전자본비율,차입금의존도,현금비율,유형자산,무형자산,무형자산상각비,유형자산상각비,감가상각비,총자본영업이익률,총자본순이익률,유보액/납입자본비율,총자본투자효율
309930,조이웍스앤코,2019,Q1,0,0.42325298168478426,0.42325298168478426,,,,,,0.24129572500612195,0.0,,0.0,0.0,,8.618365719374438,102921.28631663142,92.06546180077798,102921.28631663142,,99.90283836941917,0.0,1742.9814089013312,,,,,,-0.09982995330193652,0.22215002353242144,1706.6405466230935,0.0022215002353242145
