stock_code,corp_name,year,quarter,label,총자산증가율,유동자산증가율,매출액증가율,순이익증가율,영업이익증가율,매출액순이익률,매출총이익률,자기자본순이익률,매출채권회전율,재고자산회전율,총자본회전율,유형자산회전율,매출원가율,부채비율,유동비율,자기자본비율,당좌비율,비유동자산장기적합률,순운전자본비율,차입금의존도,현금비율,유형자산,무형자산,무형자산상각비,유형자산상각비,감가상각비,총자본영업이익률,총자본순이익률,유보액/납입자본비율,총자본투자효율
311320,지오엘리먼트,2022,Q1,0,6.161955278705493,7.718110974481704,,,,29.109164479123294,48.16807567879553,4.98791608300599,1.8094316164876527,0.688678900525347,0.15024436370482247,0.15024436370482247,51.83192432120447,14.04892851179903,802.3536145375845,87.68166549644911,689.4471995117561,,70.34220014224837,0.0,50.256585402980036,9155764793.0,134977930.0,,,,4.929354098152842,4.373487895144899,1285.4362034565395,0.043734878951448994
