stock_code,corp_name,year,quarter,label,총자산증가율,유동자산증가율,매출액증가율,순이익증가율,영업이익증가율,매출액순이익률,매출총이익률,자기자본순이익률,매출채권회전율,재고자산회전율,총자본회전율,유형자산회전율,매출원가율,부채비율,유동비율,자기자본비율,당좌비율,비유동자산장기적합률,순운전자본비율,차입금의존도,현금비율,유형자산,무형자산,무형자산상각비,유형자산상각비,감가상각비,총자본영업이익률,총자본순이익률,유보액/납입자본비율,총자본투자효율
317770,엑스페릭스,2020,Q1,0,-0.15074529318607632,-0.27121248362793526,,,,-0.9573212077274268,48.00867098295986,-0.04947726254835858,1.5271054908816233,0.3089399436566589,0.04987288739464388,0.04987288739464388,51.99132901704013,3.6295162203916576,3721.094787069512,96.49760381716665,3378.061627362839,,88.59825293483652,0.0,577.5851493509956,1713712008.0,489683566.0,,,,-1.0489539493397166,-0.04774437279349444,379.3994774972264,-0.0004774437279349444
