stock_code,corp_name,year,quarter,label,총자산증가율,유동자산증가율,매출액증가율,순이익증가율,영업이익증가율,매출액순이익률,매출총이익률,자기자본순이익률,매출채권회전율,재고자산회전율,총자본회전율,유형자산회전율,매출원가율,부채비율,유동비율,자기자본비율,당좌비율,비유동자산장기적합률,순운전자본비율,차입금의존도,현금비율,유형자산,무형자산,무형자산상각비,유형자산상각비,감가상각비,총자본영업이익률,총자본순이익률,유보액/납입자본비율,총자본투자효율
317770,엑스페릭스,2022,Q1,0,0.08559623434719629,-0.640587070082076,,,,20.226116894706976,55.96525411072797,1.5530924605935335,3.6769732574337315,0.3276087999397671,0.07380003745106917,0.07380003745106917,44.03474588927203,4.046677462455336,2566.073664923621,96.11070958058917,2277.4424923671504,5633.19773,84.75382933947648,0.0020963898209109075,502.3477188556698,1078396815.0,1826523136.0,,,,1.1647240279305264,1.4926881843190773,2778.589875901271,0.014926881843190774
