stock_code,corp_name,year,quarter,label,총자산증가율,유동자산증가율,매출액증가율,순이익증가율,영업이익증가율,매출액순이익률,매출총이익률,자기자본순이익률,매출채권회전율,재고자산회전율,총자본회전율,유형자산회전율,매출원가율,부채비율,유동비율,자기자본비율,당좌비율,비유동자산장기적합률,순운전자본비율,차입금의존도,현금비율,유형자산,무형자산,무형자산상각비,유형자산상각비,감가상각비,총자본영업이익률,총자본순이익률,유보액/납입자본비율,총자본투자효율
327260,RF머트리얼즈,2020,Q1,0,0.6199432292668389,0.33968266926684343,,,,6.815710155378972,24.129397002549975,0.6956460288370228,1.1546005905048367,0.4546695397781012,0.09099708877671536,0.09099708877671536,75.87060299745004,12.16302111488742,702.4198519440158,89.15594373797317,559.8778318239985,,64.17435905020348,6.681157886998978,477.08160415276046,7414169069.0,50116537.0,,,,0.2234724580330774,0.6202097820853808,1399.0209049937573,0.006724230343128567
