stock_code,corp_name,year,quarter,label,총자산증가율,유동자산증가율,매출액증가율,순이익증가율,영업이익증가율,매출액순이익률,매출총이익률,자기자본순이익률,매출채권회전율,재고자산회전율,총자본회전율,유형자산회전율,매출원가율,부채비율,유동비율,자기자본비율,당좌비율,비유동자산장기적합률,순운전자본비율,차입금의존도,현금비율,유형자산,무형자산,무형자산상각비,유형자산상각비,감가상각비,총자본영업이익률,총자본순이익률,유보액/납입자본비율,총자본투자효율
327260,RF머트리얼즈,2022,Q1,0,-1.0375508380378464,-7.072405032076655,,,,-1.6585090872237054,22.16641855427511,-0.3798216959131517,1.4075545328477843,0.6194700062250876,0.13798841253416083,0.13798841253416083,77.83358144572489,65.9660640873364,229.6864458744666,60.25328162712646,161.15372540802147,57.79622004106375,32.80846911544429,3.8940146358108647,26.139545577013447,24927230435.0,1589738148.0,,,,-0.14077606230515133,-0.2288550361194792,765.9504595442384,-0.002288550361194792
