stock_code,corp_name,year,quarter,label,총자산증가율,유동자산증가율,매출액증가율,순이익증가율,영업이익증가율,매출액순이익률,매출총이익률,자기자본순이익률,매출채권회전율,재고자산회전율,총자본회전율,유형자산회전율,매출원가율,부채비율,유동비율,자기자본비율,당좌비율,비유동자산장기적합률,순운전자본비율,차입금의존도,현금비율,유형자산,무형자산,무형자산상각비,유형자산상각비,감가상각비,총자본영업이익률,총자본순이익률,유보액/납입자본비율,총자본투자효율
330730,스톤브릿지벤처스,2022,Q1,0,27.67046640655979,57.50502040933547,,,,27.245006705884567,,2.796393217896603,,,0.08847746830728426,0.08847746830728426,,16.005514289643056,455.7905314155606,86.20279873103237,455.7905314155606,,37.44989014912867,0.0,235.78063582593512,1935175799.0,3339600.0,,,,2.6846836621468895,2.410569217351649,882.8334126561973,0.024105692173516487
