stock_code,corp_name,year,quarter,label,총자산증가율,유동자산증가율,매출액증가율,순이익증가율,영업이익증가율,매출액순이익률,매출총이익률,자기자본순이익률,매출채권회전율,재고자산회전율,총자본회전율,유형자산회전율,매출원가율,부채비율,유동비율,자기자본비율,당좌비율,비유동자산장기적합률,순운전자본비율,차입금의존도,현금비율,유형자산,무형자산,무형자산상각비,유형자산상각비,감가상각비,총자본영업이익률,총자본순이익률,유보액/납입자본비율,총자본투자효율
332570,PS일렉트로닉스,2022,Q1,0,1.0555759351446397,-0.015671700964894026,,,,,25.454738362546493,,1.3760242645510707,0.19776258987571793,0.11375030358989993,0.11375030358989993,74.5452616374535,61.0357898819355,258.8504814621605,62.09799701874701,131.76551857987266,,53.59482237666497,13.216502135773597,6.680188755157506,5233092040.0,511253551.0,,,,0.6868834096460797,,328.4107983187259,
