stock_code,corp_name,year,quarter,label,총자산증가율,유동자산증가율,매출액증가율,순이익증가율,영업이익증가율,매출액순이익률,매출총이익률,자기자본순이익률,매출채권회전율,재고자산회전율,총자본회전율,유형자산회전율,매출원가율,부채비율,유동비율,자기자본비율,당좌비율,비유동자산장기적합률,순운전자본비율,차입금의존도,현금비율,유형자산,무형자산,무형자산상각비,유형자산상각비,감가상각비,총자본영업이익률,총자본순이익률,유보액/납입자본비율,총자본투자효율
347770,핌스,2022,Q1,0,-3.41191976996362,-14.031353536989277,,,,-14.281867419374308,9.144768504274323,-3.854605650183926,1.304747523397427,2.4824342158380883,0.17370201859519455,0.17370201859519455,90.85523149572568,55.37820182785457,123.87415664139854,64.3590920886002,97.62967777261888,279.12529234523146,5.7831857502515245,7.72523200369202,28.267907244729873,56164516710.0,1787460644.0,,,,-2.866818525060784,-2.4807892000542595,1334.737679293841,-0.024807892000542595
