stock_code,corp_name,year,quarter,label,총자산증가율,유동자산증가율,매출액증가율,순이익증가율,영업이익증가율,매출액순이익률,매출총이익률,자기자본순이익률,매출채권회전율,재고자산회전율,총자본회전율,유형자산회전율,매출원가율,부채비율,유동비율,자기자본비율,당좌비율,비유동자산장기적합률,순운전자본비율,차입금의존도,현금비율,유형자산,무형자산,무형자산상각비,유형자산상각비,감가상각비,총자본영업이익률,총자본순이익률,유보액/납입자본비율,총자본투자효율
356860,티엘비,2022,Q1,0,15.290670986658547,24.920212459057808,,,,14.92706477282917,20.730713772908704,8.617451900488717,3.593123268534654,1.8369217366227566,0.35962744010075437,0.35962744010075437,79.2692862270913,60.528308318292176,241.65821997511458,62.29430874068771,162.19945693826398,10.471139433429776,27.66732020403714,5.042588013808895,89.945000827327,68653574142.0,583760161.0,,,,6.287247771381614,5.368182092470701,2199.0140690740927,0.05368182092470702
