stock_code,corp_name,year,quarter,label,총자산증가율,유동자산증가율,매출액증가율,순이익증가율,영업이익증가율,매출액순이익률,매출총이익률,자기자본순이익률,매출채권회전율,재고자산회전율,총자본회전율,유형자산회전율,매출원가율,부채비율,유동비율,자기자본비율,당좌비율,비유동자산장기적합률,순운전자본비율,차입금의존도,현금비율,유형자산,무형자산,무형자산상각비,유형자산상각비,감가상각비,총자본영업이익률,총자본순이익률,유보액/납입자본비율,총자본투자효율
357580,아모센스,2022,Q1,0,-2.393348667523897,-7.707089735180241,,,,1.2311872860189803,25.87912558225616,0.4925419378706516,1.2886862874742027,0.5728658505985964,0.18312924015301285,0.18312924015301285,74.12087441774385,118.4547032131504,131.35944510288107,45.77608013430047,76.02522063465547,5.449835310134637,13.42826289995247,26.512986960196937,37.47668263889835,19926414509.0,7763368360.0,,,,0.26504764164645767,0.22546639217470593,-202.87473593601587,0.0022546639217470594
