stock_code,corp_name,year,quarter,label,총자산증가율,유동자산증가율,매출액증가율,순이익증가율,영업이익증가율,매출액순이익률,매출총이익률,자기자본순이익률,매출채권회전율,재고자산회전율,총자본회전율,유형자산회전율,매출원가율,부채비율,유동비율,자기자본비율,당좌비율,비유동자산장기적합률,순운전자본비율,차입금의존도,현금비율,유형자산,무형자산,무형자산상각비,유형자산상각비,감가상각비,총자본영업이익률,총자본순이익률,유보액/납입자본비율,총자본투자효율
361670,삼영에스앤씨,2022,Q1,0,0.5285952455403747,0.9556207796371353,,,,1.8736911968407672,26.127926727111223,0.22585185691005763,1.518481134706447,0.5564558013708442,0.10756193538729085,0.10756193538729085,73.87207327288877,12.064237702627599,1220.9501371497374,89.23453373712216,1014.3676887487604,,77.48204872863029,0.0,87.40977909051595,2879501177.0,17274477.0,4694958.0,181966987.0,186661945.0,-0.3537794521802429,0.20153785145032224,,0.0020153785145032225
