stock_code,corp_name,year,quarter,label,총자산증가율,유동자산증가율,매출액증가율,순이익증가율,영업이익증가율,매출액순이익률,매출총이익률,자기자본순이익률,매출채권회전율,재고자산회전율,총자본회전율,유형자산회전율,매출원가율,부채비율,유동비율,자기자본비율,당좌비율,비유동자산장기적합률,순운전자본비율,차입금의존도,현금비율,유형자산,무형자산,무형자산상각비,유형자산상각비,감가상각비,총자본영업이익률,총자본순이익률,유보액/납입자본비율,총자본투자효율
371950,풍원정밀,2022,Q1,0,65.90754646623871,210.13117277053558,,,,7.711856648974496,21.776588661049008,1.2473968399893067,1.4492866397406032,0.755185347101521,0.10860484329191662,0.10860484329191662,78.223411338951,48.93490684431996,183.17216986660614,67.14342669481032,142.37757969054707,11.172042213939482,22.935480738242344,8.631355522202625,112.16417206146465,40931065133.0,8580735459.0,,,,1.2535520903493118,0.8375449828516004,601.8929103355397,0.008375449828516004
