stock_code,corp_name,year,quarter,label,총자산증가율,유동자산증가율,매출액증가율,순이익증가율,영업이익증가율,매출액순이익률,매출총이익률,자기자본순이익률,매출채권회전율,재고자산회전율,총자본회전율,유형자산회전율,매출원가율,부채비율,유동비율,자기자본비율,당좌비율,비유동자산장기적합률,순운전자본비율,차입금의존도,현금비율,유형자산,무형자산,무형자산상각비,유형자산상각비,감가상각비,총자본영업이익률,총자본순이익률,유보액/납입자본비율,총자본투자효율
376290,씨유테크,2022,Q1,0,-2.480160515630457,-2.616062432418742,,,,0.9527614109209728,5.17116884530929,0.46814899958865325,2.263104897447789,3.044226555729429,0.3639867040706227,0.3639867040706227,94.8288311546907,34.993985987763104,377.7247184324534,74.07737409062413,325.2664484379747,,60.027397978686025,0.0,250.85395587715666,22183488093.0,1202619833.0,28495822.0,778473413.0,806969235.0,0.23254388236074808,0.3467924857268011,964.083461282741,0.004465146649699367
