stock_code,corp_name,year,quarter,label,총자산증가율,유동자산증가율,매출액증가율,순이익증가율,영업이익증가율,매출액순이익률,매출총이익률,자기자본순이익률,매출채권회전율,재고자산회전율,총자본회전율,유형자산회전율,매출원가율,부채비율,유동비율,자기자본비율,당좌비율,비유동자산장기적합률,순운전자본비율,차입금의존도,현금비율,유형자산,무형자산,무형자산상각비,유형자산상각비,감가상각비,총자본영업이익률,총자본순이익률,유보액/납입자본비율,총자본투자효율
900070,글로벌에스엠,2020,Q1,0,0.3151277490677302,1.4788910299359448,,,,2.005270914303382,27.385327025985223,0.4951536016892511,0.4845017163266081,0.963904016073244,0.17558985699587265,0.17558985699587265,72.61467297401477,40.62659545194192,352.61318479940456,71.11030433370212,280.3823318849996,4.870012872948438,46.261881551659165,8.754300646653803,82.48641795036087,202533129.0,,,7543169.0,7543169.0,0.5265845938699639,0.35210523308051367,185.95000045911382,0.0035210523308051365
