stock_code,corp_name,year,quarter,label,총자산증가율,유동자산증가율,매출액증가율,순이익증가율,영업이익증가율,매출액순이익률,매출총이익률,자기자본순이익률,매출채권회전율,재고자산회전율,총자본회전율,유형자산회전율,매출원가율,부채비율,유동비율,자기자본비율,당좌비율,비유동자산장기적합률,순운전자본비율,차입금의존도,현금비율,유형자산,무형자산,무형자산상각비,유형자산상각비,감가상각비,총자본영업이익률,총자본순이익률,유보액/납입자본비율,총자본투자효율
900070,글로벌에스엠,2022,Q1,0,2.6548595082503614,5.6591251747996525,,,,2.905967001059267,24.223494380010333,0.8455409777232473,0.559842364259835,1.0161385687040083,0.20765929137523534,0.20765929137523534,75.77650561998966,40.11757544305618,342.9569529815613,71.3686342943038,264.8978991662879,7.391860757162041,48.19911406232484,5.2621423566600285,77.92619557596552,194470995.0,,,8858016.0,8858016.0,1.0803463651214034,0.6034510481997851,193.74715468601585,0.006034510481997851
