stock_code,corp_name,year,quarter,label,총자산증가율,유동자산증가율,매출액증가율,순이익증가율,영업이익증가율,매출액순이익률,매출총이익률,자기자본순이익률,매출채권회전율,재고자산회전율,총자본회전율,유형자산회전율,매출원가율,부채비율,유동비율,자기자본비율,당좌비율,비유동자산장기적합률,순운전자본비율,차입금의존도,현금비율,유형자산,무형자산,무형자산상각비,유형자산상각비,감가상각비,총자본영업이익률,총자본순이익률,유보액/납입자본비율,총자본투자효율
900070,글로벌에스엠,2019,Q1,0,-0.2565032620094934,0.9835855503964539,,,,4.216842810701993,27.706909030323335,1.229024841868787,0.5526453533270289,1.11714344995012,0.19980142042166327,0.19980142042166327,72.29309096967667,45.872920346302934,306.22696658343006,68.5528196478137,244.06355789365165,46.630027690776494,42.89405010781103,2.8734178929913186,70.24327695398898,205834055.0,,,9707784.0,9707784.0,0.6782316938103995,0.8425311832731371,182.6334703941862,0.008425311832731371
