stock_code,corp_name,year,quarter,label,총자산증가율,유동자산증가율,매출액증가율,순이익증가율,영업이익증가율,매출액순이익률,매출총이익률,자기자본순이익률,매출채권회전율,재고자산회전율,총자본회전율,유형자산회전율,매출원가율,부채비율,유동비율,자기자본비율,당좌비율,비유동자산장기적합률,순운전자본비율,차입금의존도,현금비율,유형자산,무형자산,무형자산상각비,유형자산상각비,감가상각비,총자본영업이익률,총자본순이익률,유보액/납입자본비율,총자본투자효율
900180,완리인터내셔널홀딩스,2016,Q1,1,0.9764427460570815,4.107773113357393,-9.87347241449904,2.0684229667334537,-3.471199723268855,9.285934148659914,26.66514596207903,1.3104966608986295,0.8064088333446754,1.0554872508781714,0.08828309937583312,0.08828309937583312,73.33485403792098,59.85740089562604,446.1495227602076,62.555752464217726,405.6744363276418,,52.45790762680441,17.193776834297175,100.42387062336016,1681600002.0,6042.0,2875.0,,2875.0,1.6200550983063615,0.8197910472435853,,0.008197910472435854
