stock_code,corp_name,year,quarter,label,총자산증가율,유동자산증가율,매출액증가율,순이익증가율,영업이익증가율,매출액순이익률,매출총이익률,자기자본순이익률,매출채권회전율,재고자산회전율,총자본회전율,유형자산회전율,매출원가율,부채비율,유동비율,자기자본비율,당좌비율,비유동자산장기적합률,순운전자본비율,차입금의존도,현금비율,유형자산,무형자산,무형자산상각비,유형자산상각비,감가상각비,총자본영업이익률,총자본순이익률,유보액/납입자본비율,총자본투자효율
900120,씨엑스아이,2019,Q1,0,-2.2433296152335194,-3.2504509035945826,,,,-66.16865343076569,-11.437625963473872,-3.2909830247751315,0.9560631793978506,11.52367272687679,0.04688857189153226,0.04688857189153226,111.43762596347386,6.073363489128846,390.4009834922326,94.27437455610495,382.4817161030687,,16.627272600152743,0.0,599.1114932308614,33082274.0,849184.0,,2037371.0,2037371.0,-3.2493689447230683,-3.10255366335434,6604.581199301462,-0.031025536633543398
