stock_code,corp_name,year,quarter,label,총자산증가율,유동자산증가율,매출액증가율,순이익증가율,영업이익증가율,매출액순이익률,매출총이익률,자기자본순이익률,매출채권회전율,재고자산회전율,총자본회전율,유형자산회전율,매출원가율,부채비율,유동비율,자기자본비율,당좌비율,비유동자산장기적합률,순운전자본비율,차입금의존도,현금비율,유형자산,무형자산,무형자산상각비,유형자산상각비,감가상각비,총자본영업이익률,총자본순이익률,유보액/납입자본비율,총자본투자효율
900120,씨엑스아이,2020,Q1,0,14.205767341726874,69.28924025587516,,,,,16.77540876213728,,0.9369352944975878,7.095224063266324,0.0517459162425869,0.0517459162425869,83.22459123786273,16.572639819340715,378.12870163608494,85.78342238365342,373.8593042804981,,39.54038274143102,0.0,276.74633823756295,29010056.0,849184.0,,915091.0,915091.0,0.2127258120455276,,5314.41511235098,
