stock_code,corp_name,year,quarter,label,총자산증가율,유동자산증가율,매출액증가율,순이익증가율,영업이익증가율,매출액순이익률,매출총이익률,자기자본순이익률,매출채권회전율,재고자산회전율,총자본회전율,유형자산회전율,매출원가율,부채비율,유동비율,자기자본비율,당좌비율,비유동자산장기적합률,순운전자본비율,차입금의존도,현금비율,유형자산,무형자산,무형자산상각비,유형자산상각비,감가상각비,총자본영업이익률,총자본순이익률,유보액/납입자본비율,총자본투자효율
900120,씨엑스아이,2022,Q1,0,1.781940108802674,1.4318249116461659,,,,10.604169528018263,43.92516484148356,0.5348036554678122,1.0198099000626566,31.069423657003384,0.05005628183865763,0.05005628183865763,56.074835158516436,0.7532624333774733,61274.04140998125,99.25236918866467,61201.58271098139,,76.27286088806919,0.0,14654.704256510999,19425430.0,850694.0,122.0,804265.0,804387.0,0.4736595846708129,0.5308052985593872,3912.651583676678,0.005308052985593872
