stock_code,corp_name,year,quarter,label,총자산증가율,유동자산증가율,매출액증가율,순이익증가율,영업이익증가율,매출액순이익률,매출총이익률,자기자본순이익률,매출채권회전율,재고자산회전율,총자본회전율,유형자산회전율,매출원가율,부채비율,유동비율,자기자본비율,당좌비율,비유동자산장기적합률,순운전자본비율,차입금의존도,현금비율,유형자산,무형자산,무형자산상각비,유형자산상각비,감가상각비,총자본영업이익률,총자본순이익률,유보액/납입자본비율,총자본투자효율
900110,이스트아시아홀딩스,2020,Q1,0,-1.6355958826742691,-1.5783924013320065,,,,-34.59416346878459,23.457435321230463,-0.771496214375704,0.09541955870747154,0.891068863607195,0.020702713306081366,0.020702713306081366,76.54256467876954,7.721823905515257,1488.4946288286137,92.83169962635594,1460.8907734728236,,89.45270345254286,0.0,638.254621811067,11149883.0,,,1562044.0,1562044.0,-0.8546730858010396,-0.7161930483579606,117.5802718618878,-0.007161930483579606
