stock_code,corp_name,year,quarter,label,총자산증가율,유동자산증가율,매출액증가율,순이익증가율,영업이익증가율,매출액순이익률,매출총이익률,자기자본순이익률,매출채권회전율,재고자산회전율,총자본회전율,유형자산회전율,매출원가율,부채비율,유동비율,자기자본비율,당좌비율,비유동자산장기적합률,순운전자본비율,차입금의존도,현금비율,유형자산,무형자산,무형자산상각비,유형자산상각비,감가상각비,총자본영업이익률,총자본순이익률,유보액/납입자본비율,총자본투자효율
900110,이스트아시아홀딩스,2022,Q1,0,1.7128425794710467,0.05822500905505433,,,,7.826532087250773,27.547849870686196,0.30472832472665473,0.41031490675409177,2.9703061380286147,0.037397326139430316,0.037397326139430316,72.4521501293138,4.112506492874077,2773.4775244683374,96.04993998184497,2745.6920840172634,,87.77076211006238,0.0,1650.7529927527023,31170584.0,,,527713.0,527713.0,0.29756607888059045,0.2926913730076335,99.85116335960036,0.002926913730076335
