stock_code,corp_name,year,quarter,label,총자산증가율,유동자산증가율,매출액증가율,순이익증가율,영업이익증가율,매출액순이익률,매출총이익률,자기자본순이익률,매출채권회전율,재고자산회전율,총자본회전율,유형자산회전율,매출원가율,부채비율,유동비율,자기자본비율,당좌비율,비유동자산장기적합률,순운전자본비율,차입금의존도,현금비율,유형자산,무형자산,무형자산상각비,유형자산상각비,감가상각비,총자본영업이익률,총자본순이익률,유보액/납입자본비율,총자본투자효율
900110,이스트아시아홀딩스,2019,Q1,0,-0.07482674224759579,-1.0078139747606456,,,,3.8432073317204685,24.13994811801755,0.30796291040712964,0.40514596122868113,3.519441617304309,0.07372785879881448,0.07372785879881448,75.86005188198244,8.68584337143596,277.48340589691014,92.00830291968025,243.0581984347809,,8.193174025042005,0.0,786.8804632012617,71520307.0,,,1529415.0,1529415.0,0.5023681766759251,0.2833514474876553,126.75271896786586,0.0028335144748765527
