stock_code,corp_name,year,quarter,label,총자산증가율,유동자산증가율,매출액증가율,순이익증가율,영업이익증가율,매출액순이익률,매출총이익률,자기자본순이익률,매출채권회전율,재고자산회전율,총자본회전율,유형자산회전율,매출원가율,부채비율,유동비율,자기자본비율,당좌비율,비유동자산장기적합률,순운전자본비율,차입금의존도,현금비율,유형자산,무형자산,무형자산상각비,유형자산상각비,감가상각비,총자본영업이익률,총자본순이익률,유보액/납입자본비율,총자본투자효율
900260,로스웰,2022,Q1,0,-4.915607045145729,-0.9561536602826435,,,,-23.404034591627042,23.520273480364096,-0.5586906621263714,0.5267791270310413,0.37112865969761266,0.018470003179552757,0.018470003179552757,76.4797265196359,29.244988175915175,597.4621291513087,77.37243928088733,499.26854909533347,,19.282606260005156,9.265942230455613,1636.4650881111472,319236118.0,4446862.0,271336.0,5767064.0,6038400.0,-0.6883486621601996,-0.4322725933217142,15.40801347427946,-0.004322725933217142
