stock_code,corp_name,year,quarter,label,총자산증가율,유동자산증가율,매출액증가율,순이익증가율,영업이익증가율,매출액순이익률,매출총이익률,자기자본순이익률,매출채권회전율,재고자산회전율,총자본회전율,유형자산회전율,매출원가율,부채비율,유동비율,자기자본비율,당좌비율,비유동자산장기적합률,순운전자본비율,차입금의존도,현금비율,유형자산,무형자산,무형자산상각비,유형자산상각비,감가상각비,총자본영업이익률,총자본순이익률,유보액/납입자본비율,총자본투자효율
900290,GRT,2019,Q1,0,4.258653107901703,-2.946647713382532,,,,18.16532427704206,26.434465487457004,3.3038116222970455,0.8486341115848859,5.855745421047683,0.15777829078159206,0.15777829078159206,73.565534512543,15.272277688185593,636.420556746912,86.75112698866116,616.7226681880206,27.925291357624833,53.979044266909725,3.4841400413339496,,1109105421.0,,,,,3.295693002684551,2.8660938159250557,266.0314221797647,0.028660938159250558
