stock_code,corp_name,year,quarter,label,총자산증가율,유동자산증가율,매출액증가율,순이익증가율,영업이익증가율,매출액순이익률,매출총이익률,자기자본순이익률,매출채권회전율,재고자산회전율,총자본회전율,유형자산회전율,매출원가율,부채비율,유동비율,자기자본비율,당좌비율,비유동자산장기적합률,순운전자본비율,차입금의존도,현금비율,유형자산,무형자산,무형자산상각비,유형자산상각비,감가상각비,총자본영업이익률,총자본순이익률,유보액/납입자본비율,총자본투자효율
900250,크리스탈신소재,2022,Q1,0,-0.09057384722486526,-1.7712123997382054,,,,16.557837819533255,36.417594566286326,0.5899550359070106,0.3303594528333343,1.7311034423033191,0.03411948187560716,0.03411948187560716,63.582405433713674,4.427014183785604,1499.5171074441832,95.76066191455564,1460.3037843410452,,44.72608917146744,0.0,848.9156522857254,778445625.0,183541477.0,1042933.0,17411619.0,18454552.0,0.5777047383449859,0.5649448473828078,687.418902354309,0.005649448473828078
