stock_code,corp_name,year,quarter,label,총자산증가율,유동자산증가율,매출액증가율,순이익증가율,영업이익증가율,매출액순이익률,매출총이익률,자기자본순이익률,매출채권회전율,재고자산회전율,총자본회전율,유형자산회전율,매출원가율,부채비율,유동비율,자기자본비율,당좌비율,비유동자산장기적합률,순운전자본비율,차입금의존도,현금비율,유형자산,무형자산,무형자산상각비,유형자산상각비,감가상각비,총자본영업이익률,총자본순이익률,유보액/납입자본비율,총자본투자효율
900260,로스웰,2019,Q1,0,0.7307402399146308,-0.21592392205724042,,,,8.314563169674816,27.575059703015814,0.884571645824346,0.22040370088155467,1.9351311356728376,0.08063043402569425,0.08063043402569425,72.42494029698419,31.94549889202463,917.0972465907805,75.78886800968732,762.6092747803871,,15.960842727276875,14.486746293205552,1807.1616682965662,285801347.0,6870591.0,383889.0,4386580.0,4770469.0,0.8636334530853313,0.6704068371049324,93.09153017966551,0.006704068371049325
