stock_code,corp_name,year,quarter,label,총자산증가율,유동자산증가율,매출액증가율,순이익증가율,영업이익증가율,매출액순이익률,매출총이익률,자기자본순이익률,매출채권회전율,재고자산회전율,총자본회전율,유형자산회전율,매출원가율,부채비율,유동비율,자기자본비율,당좌비율,비유동자산장기적합률,순운전자본비율,차입금의존도,현금비율,유형자산,무형자산,무형자산상각비,유형자산상각비,감가상각비,총자본영업이익률,총자본순이익률,유보액/납입자본비율,총자본투자효율
900290,GRT,2020,Q1,0,1.3905731187436818,0.1771882336064529,,,,13.862261900190662,22.976784908442742,2.0613008935012247,0.9025390532678564,4.943604125667929,0.1353251782755578,0.1353251782755578,77.02321509155726,9.882538523275171,490.9237609692674,91.00627030532353,467.1338713978824,54.662236285714286,34.646247782287716,3.897610669635122,,1906971737.0,124885645.0,0.0,,0,2.232391648584249,1.8759130629457734,301.2573480722506,0.018759130629457735
