stock_code,corp_name,year,quarter,label,총자산증가율,유동자산증가율,매출액증가율,순이익증가율,영업이익증가율,매출액순이익률,매출총이익률,자기자본순이익률,매출채권회전율,재고자산회전율,총자본회전율,유형자산회전율,매출원가율,부채비율,유동비율,자기자본비율,당좌비율,비유동자산장기적합률,순운전자본비율,차입금의존도,현금비율,유형자산,무형자산,무형자산상각비,유형자산상각비,감가상각비,총자본영업이익률,총자본순이익률,유보액/납입자본비율,총자본투자효율
900260,로스웰,2020,Q1,0,-5.00468344659385,-0.850500377961221,,,,-23.94385393121429,23.74631623407097,-0.6408629582773672,0.08494181622280704,0.7335042567300565,0.02181161917745071,0.02181161917745071,76.25368376592903,22.7109191907176,12833.408660823468,81.49234042048023,11137.331610962001,,17.023356599986357,12.689127756997786,35274.78980046354,273164542.0,5868794.0,318435.0,4140566.0,4459001.0,-0.39499975264361936,-0.5222542235881523,67.88836023004923,-0.005222542235881523
