stock_code,corp_name,year,quarter,label,총자산증가율,유동자산증가율,매출액증가율,순이익증가율,영업이익증가율,매출액순이익률,매출총이익률,자기자본순이익률,매출채권회전율,재고자산회전율,총자본회전율,유형자산회전율,매출원가율,부채비율,유동비율,자기자본비율,당좌비율,비유동자산장기적합률,순운전자본비율,차입금의존도,현금비율,유형자산,무형자산,무형자산상각비,유형자산상각비,감가상각비,총자본영업이익률,총자본순이익률,유보액/납입자본비율,총자본투자효율
900270,헝셩그룹,2020,Q1,0,-0.9600933290332141,-1.6010964301748878,,,,,24.337744023195544,,0.34450446570192045,2.885735039011077,0.07897204998793787,0.07897204998793787,75.66225597680446,18.783226764669735,6809.870693991204,84.18697043658986,5971.909874094134,,16.580082346435525,0.0,23370.559051823,209075871.0,340212.0,21213.0,5924784.0,5945997.0,1.1210499391262048,,301.9503405561149,
