stock_code,corp_name,year,quarter,label,총자산증가율,유동자산증가율,매출액증가율,순이익증가율,영업이익증가율,매출액순이익률,매출총이익률,자기자본순이익률,매출채권회전율,재고자산회전율,총자본회전율,유형자산회전율,매출원가율,부채비율,유동비율,자기자본비율,당좌비율,비유동자산장기적합률,순운전자본비율,차입금의존도,현금비율,유형자산,무형자산,무형자산상각비,유형자산상각비,감가상각비,총자본영업이익률,총자본순이익률,유보액/납입자본비율,총자본투자효율
900270,헝셩그룹,2022,Q1,0,2.0946767833577495,-3.4668423293265795,,,,5.719973683382064,23.670940921193527,0.5197831089720765,0.5166924525288642,3.1182146601757084,0.07523585224990087,0.07523585224990087,76.32905907880647,20.782297617978926,3415.07298,82.79358976618325,3035.31805,,16.07675589909228,12.537031888897326,13740.58285,223671046.0,173333.0,20000.0,6199568.0,6219568.0,0.44128089110525265,0.4303470949162543,305.1648811289021,0.004303470949162543
