stock_code,corp_name,year,quarter,label,총자산증가율,유동자산증가율,매출액증가율,순이익증가율,영업이익증가율,매출액순이익률,매출총이익률,자기자본순이익률,매출채권회전율,재고자산회전율,총자본회전율,유형자산회전율,매출원가율,부채비율,유동비율,자기자본비율,당좌비율,비유동자산장기적합률,순운전자본비율,차입금의존도,현금비율,유형자산,무형자산,무형자산상각비,유형자산상각비,감가상각비,총자본영업이익률,총자본순이익률,유보액/납입자본비율,총자본투자효율
900290,GRT,2022,Q1,0,3.0442545229771625,4.508361225973863,,,,10.651325079871032,18.72182634832923,1.9683212894020177,0.8645187316668904,5.618647467560844,0.09827201296939195,0.09827201296939195,81.27817365167077,88.04530649514216,350.5572296668516,53.178673727005965,336.9790290469667,1.742954816460306,26.23232123076969,38.48680241911321,,4340878185.0,49551385.0,170767.0,,170767.0,1.2981929087237452,1.046727156390296,368.6293404991593,0.01046727156390296
