stock_code,corp_name,year,quarter,label,총자산증가율,유동자산증가율,매출액증가율,순이익증가율,영업이익증가율,매출액순이익률,매출총이익률,자기자본순이익률,매출채권회전율,재고자산회전율,총자본회전율,유형자산회전율,매출원가율,부채비율,유동비율,자기자본비율,당좌비율,비유동자산장기적합률,순운전자본비율,차입금의존도,현금비율,유형자산,무형자산,무형자산상각비,유형자산상각비,감가상각비,총자본영업이익률,총자본순이익률,유보액/납입자본비율,총자본투자효율
900250,크리스탈신소재,2020,Q1,0,-0.6586476776113969,-0.29800907230736406,,,,20.374284607718426,42.04687683046342,1.1051016886629972,0.6493487138677004,1.2611962548315578,0.04897452934894763,0.04897452934894763,57.95312316953658,10.75149643412007,584.1700821539413,90.29223371215075,557.2183986193551,,40.42746369086127,1.8828800199535118,466.0954359210567,558105413.0,357760831.0,1082957.0,9281924.0,10364881.0,1.3513777569715253,0.997820999484518,638.0074084530814,0.00997820999484518
