stock_code,corp_name,year,quarter,label,총자산증가율,유동자산증가율,매출액증가율,순이익증가율,영업이익증가율,매출액순이익률,매출총이익률,자기자본순이익률,매출채권회전율,재고자산회전율,총자본회전율,유형자산회전율,매출원가율,부채비율,유동비율,자기자본비율,당좌비율,비유동자산장기적합률,순운전자본비율,차입금의존도,현금비율,유형자산,무형자산,무형자산상각비,유형자산상각비,감가상각비,총자본영업이익률,총자본순이익률,유보액/납입자본비율,총자본투자효율
900270,헝셩그룹,2019,Q1,0,2.1439109510573107,-1.71352556846393,,,,,26.359447342788343,,0.35462942018333976,3.7678217028760423,0.13256488607881403,0.13256488607881403,73.64055265721166,24.634783164092347,4195.363308138433,80.2344236988333,3635.1508841281293,,18.94065081482463,0.0,8614.683130613947,228400179.0,425067.0,21213.0,5044972.0,5066185.0,2.4837167304009036,,261.6197104017339,
