stock_code,corp_name,year,quarter,label,총자산증가율,유동자산증가율,매출액증가율,순이익증가율,영업이익증가율,매출액순이익률,매출총이익률,자기자본순이익률,매출채권회전율,재고자산회전율,총자본회전율,유형자산회전율,매출원가율,부채비율,유동비율,자기자본비율,당좌비율,비유동자산장기적합률,순운전자본비율,차입금의존도,현금비율,유형자산,무형자산,무형자산상각비,유형자산상각비,감가상각비,총자본영업이익률,총자본순이익률,유보액/납입자본비율,총자본투자효율
900250,크리스탈신소재,2019,Q1,0,-0.610088570890799,-1.2454687721990936,,,,18.215312562159816,44.579480496147106,1.1863960015914683,0.4322731032818272,1.4440158617733354,0.05657287480996662,0.05657287480996662,55.420519503852894,15.12901740498425,543.6154258251245,86.85907536953471,525.5080447022386,,53.193415138092156,7.5516267625971425,415.9490265219775,397891498.0,195060534.0,212068.0,5915688.0,6127756.0,1.4009866308056669,1.0304925972034795,576.3613097293219,0.010304925972034796
