stock_code,corp_name,year,quarter,label,총자산증가율,유동자산증가율,매출액증가율,순이익증가율,영업이익증가율,매출액순이익률,매출총이익률,자기자본순이익률,매출채권회전율,재고자산회전율,총자본회전율,유형자산회전율,매출원가율,부채비율,유동비율,자기자본비율,당좌비율,비유동자산장기적합률,순운전자본비율,차입금의존도,현금비율,유형자산,무형자산,무형자산상각비,유형자산상각비,감가상각비,총자본영업이익률,총자본순이익률,유보액/납입자본비율,총자본투자효율
900300,오가닉티코스메틱,2022,Q1,0,-4.69927918504268,-16.182360450408137,,,,,43.196063647635604,,0.9134911505618165,,0.10188647441277261,0.10188647441277261,56.803936352364396,11.777329413797958,,89.46357953302099,,,33.46641605661578,0.87383154146304,,198437707.0,415100.0,40040.0,21250159.0,21290199.0,-4.588479812075467,,153.88745499613623,
