stock_code,corp_name,year,quarter,label,총자산증가율,유동자산증가율,매출액증가율,순이익증가율,영업이익증가율,매출액순이익률,매출총이익률,자기자본순이익률,매출채권회전율,재고자산회전율,총자본회전율,유형자산회전율,매출원가율,부채비율,유동비율,자기자본비율,당좌비율,비유동자산장기적합률,순운전자본비율,차입금의존도,현금비율,유형자산,무형자산,무형자산상각비,유형자산상각비,감가상각비,총자본영업이익률,총자본순이익률,유보액/납입자본비율,총자본투자효율
900300,오가닉티코스메틱,2019,Q1,0,3.2689186429295676,11.62374848003782,,,,,47.98489124329425,,0.8568759267555732,4.387752843797024,0.20806318631579945,0.20806318631579945,52.01510875670574,11.547599107302188,,89.64782819198638,,,,1.1572138533451763,,246690802.0,22833290.0,4260378.0,4030024.0,8290402.0,3.3674848492051086,,322.0820661209242,
