stock_code,corp_name,year,quarter,label,총자산증가율,유동자산증가율,매출액증가율,순이익증가율,영업이익증가율,매출액순이익률,매출총이익률,자기자본순이익률,매출채권회전율,재고자산회전율,총자본회전율,유형자산회전율,매출원가율,부채비율,유동비율,자기자본비율,당좌비율,비유동자산장기적합률,순운전자본비율,차입금의존도,현금비율,유형자산,무형자산,무형자산상각비,유형자산상각비,감가상각비,총자본영업이익률,총자본순이익률,유보액/납입자본비율,총자본투자효율
900310,컬러레이,2020,Q1,0,6.82895465614972,10.541362877587785,,,,,65.66091403645298,,0.8547115194349313,0.36141439215706517,0.04588087709862131,0.04588087709862131,34.33908596354703,10.402464609457745,746.2241622978369,90.57768805591809,699.8695145761845,,60.77219279826047,7.315308679431884,568.8339328073769,225162939.0,12539370.0,72041.0,3081847.0,3153888.0,2.461190231761276,,190.99332761253658,
