stock_code,corp_name,year,quarter,label,총자산증가율,유동자산증가율,매출액증가율,순이익증가율,영업이익증가율,매출액순이익률,매출총이익률,자기자본순이익률,매출채권회전율,재고자산회전율,총자본회전율,유형자산회전율,매출원가율,부채비율,유동비율,자기자본비율,당좌비율,비유동자산장기적합률,순운전자본비율,차입금의존도,현금비율,유형자산,무형자산,무형자산상각비,유형자산상각비,감가상각비,총자본영업이익률,총자본순이익률,유보액/납입자본비율,총자본투자효율
900340,윙입푸드,2020,Q1,0,4.655818103734974,-3.9225047946555693,,,,10.130417885921501,34.68747733445229,2.4612552268798567,6.342621527807682,1.3647301392814748,0.2079116013783885,0.2079116013783885,65.31252266554772,16.855879211242545,530.5178329210884,85.57549750597327,191.25850061467753,,12.62663835007936,5.676611288165974,2347.9924292094074,108943979.0,142939.0,4019.0,5447030.0,5451049.0,2.3910073103591998,2.106231405294208,162.94440015067482,0.021062314052942083
