stock_code,corp_name,year,quarter,label,총자산증가율,유동자산증가율,매출액증가율,순이익증가율,영업이익증가율,매출액순이익률,매출총이익률,자기자본순이익률,매출채권회전율,재고자산회전율,총자본회전율,유형자산회전율,매출원가율,부채비율,유동비율,자기자본비율,당좌비율,비유동자산장기적합률,순운전자본비율,차입금의존도,현금비율,유형자산,무형자산,무형자산상각비,유형자산상각비,감가상각비,총자본영업이익률,총자본순이익률,유보액/납입자본비율,총자본투자효율
900310,컬러레이,2022,Q1,0,-0.6432409565281899,-0.26773413300281845,,,,43.46063360522082,71.90901229889639,1.1254316832679836,0.8871413813945028,0.16751180220492884,0.023923304762195136,0.023923304762195136,28.090987701103604,8.243521035639814,981.6262064884617,92.38428225840364,928.8499111877362,,67.0175213606376,6.174373915472625,768.0464232950817,321729296.0,11989971.0,48989.0,6078984.0,6127973.0,1.2625411422576627,1.0397219828957973,267.26347678175784,0.010397219828957973
