stock_code,corp_name,year,quarter,label,총자산증가율,유동자산증가율,매출액증가율,순이익증가율,영업이익증가율,매출액순이익률,매출총이익률,자기자본순이익률,매출채권회전율,재고자산회전율,총자본회전율,유형자산회전율,매출원가율,부채비율,유동비율,자기자본비율,당좌비율,비유동자산장기적합률,순운전자본비율,차입금의존도,현금비율,유형자산,무형자산,무형자산상각비,유형자산상각비,감가상각비,총자본영업이익률,총자본순이익률,유보액/납입자본비율,총자본투자효율
900310,컬러레이,2019,Q1,0,2.1844081272407094,-2.120735539315588,,,,,66.62461166735942,,0.9153408381165464,0.476104424510739,0.0732875392802789,0.0732875392802789,33.375388332640576,5.002969205453407,1564.5364290804966,95.23540215737674,1456.4406038152154,,69.60581251258756,2.72023993948926,1282.9293983299058,130746426.0,29808.0,1987.0,2643847.0,2645834.0,4.151365879001055,,149.9384059348246,
