stock_code,corp_name,year,quarter,label,총자산증가율,유동자산증가율,매출액증가율,순이익증가율,영업이익증가율,매출액순이익률,매출총이익률,자기자본순이익률,매출채권회전율,재고자산회전율,총자본회전율,유형자산회전율,매출원가율,부채비율,유동비율,자기자본비율,당좌비율,비유동자산장기적합률,순운전자본비율,차입금의존도,현금비율,유형자산,무형자산,무형자산상각비,유형자산상각비,감가상각비,총자본영업이익률,총자본순이익률,유보액/납입자본비율,총자본투자효율
900340,윙입푸드,2019,Q1,0,9.632575233496153,4.623794212696103,,,,18.382374073053427,41.37806990964376,4.996194565680992,3.199060082222383,1.2169719472834726,0.199150468692804,0.199150468692804,58.621930090356244,36.476039303968136,1111.6585711671194,73.2729353152414,488.30374742041414,,15.568957014667598,2.6259572889145986,4325.544929847185,99839560.0,92377.0,5900.0,3026428.0,3032328.0,5.323613572174891,3.660858412335039,239.39760384989137,0.03660858412335039
