stock_code,corp_name,year,quarter,label,총자산증가율,유동자산증가율,매출액증가율,순이익증가율,영업이익증가율,매출액순이익률,매출총이익률,자기자본순이익률,매출채권회전율,재고자산회전율,총자본회전율,유형자산회전율,매출원가율,부채비율,유동비율,자기자본비율,당좌비율,비유동자산장기적합률,순운전자본비율,차입금의존도,현금비율,유형자산,무형자산,무형자산상각비,유형자산상각비,감가상각비,총자본영업이익률,총자본순이익률,유보액/납입자본비율,총자본투자효율
900340,윙입푸드,2022,Q1,0,-0.12551594173781958,-1.230967156381227,,,,13.181404604744296,35.6219034254902,3.294953676474968,6.315387040257726,7.255116734880469,0.2066670123204616,0.2066670123204616,64.3780965745098,20.952948897506634,2015.8725281598847,82.67677713648654,1929.077384529896,,40.47958696041856,7.781002610413604,2369.241520363867,436065273.0,458857.0,13583.0,6176174.0,6189757.0,3.2728817112401076,2.7241615078496784,237.84367961220107,0.027241615078496786
