stock_code,corp_name,year,quarter,label,총자산증가율,유동자산증가율,매출액증가율,순이익증가율,영업이익증가율,매출액순이익률,매출총이익률,자기자본순이익률,매출채권회전율,재고자산회전율,총자본회전율,유형자산회전율,매출원가율,부채비율,유동비율,자기자본비율,당좌비율,비유동자산장기적합률,순운전자본비율,차입금의존도,현금비율,유형자산,무형자산,무형자산상각비,유형자산상각비,감가상각비,총자본영업이익률,총자본순이익률,유보액/납입자본비율,총자본투자효율
008800,(주)행남사,2023,Q1,1,0.75011689806925,3.1926827203848456,,,,-18.278547066775605,18.573670689015273,-3.1016983383827768,4.176668577506449,6.848057917681955,0.09082901593848847,0.09082901593848847,81.42632931098473,86.82426271979145,25.643971635155477,53.52623826487949,22.878635232571114,7.503947087333334,-29.039574944027297,11.99166320435339,1.1105917954481612,13871808353.0,1247228682.0,,,,-1.2578040545467264,-1.6602224428605732,-42.83213840502299,-0.016602224428605733
