stock_code,corp_name,year,quarter,label,총자산증가율,유동자산증가율,매출액증가율,순이익증가율,영업이익증가율,매출액순이익률,매출총이익률,자기자본순이익률,매출채권회전율,재고자산회전율,총자본회전율,유형자산회전율,매출원가율,부채비율,유동비율,자기자본비율,당좌비율,비유동자산장기적합률,순운전자본비율,차입금의존도,현금비율,유형자산,무형자산,무형자산상각비,유형자산상각비,감가상각비,총자본영업이익률,총자본순이익률,유보액/납입자본비율,총자본투자효율
008800,(주)행남사,2016,Q1,1,-8.256986872635867,-3.8339772599644535,-12.668654602587107,83.60503560298667,-108.78944736049291,3.5648749247602334,20.064167177508203,0.868505602190643,0.5244823889766537,0.4886576835803551,0.12629200749759795,0.12629200749759795,79.9358328224918,92.90898696880411,177.62996290653484,51.83791671466882,113.21474458567798,277.5739499073178,24.897373497685564,23.473810998641518,16.738798214351426,10586832079.0,14216111819.0,,,,-0.04517900194691525,0.45021521072581827,-10.549295039408007,0.004502152107258183
