stock_code,corp_name,year,quarter,label,총자산증가율,유동자산증가율,매출액증가율,순이익증가율,영업이익증가율,매출액순이익률,매출총이익률,자기자본순이익률,매출채권회전율,재고자산회전율,총자본회전율,유형자산회전율,매출원가율,부채비율,유동비율,자기자본비율,당좌비율,비유동자산장기적합률,순운전자본비율,차입금의존도,현금비율,유형자산,무형자산,무형자산상각비,유형자산상각비,감가상각비,총자본영업이익률,총자본순이익률,유보액/납입자본비율,총자본투자효율
023460,씨앤에이치(주),2019,Q1,1,21.227171667770676,-17.769557287290173,,,,25.867041133911744,,5.523315482307883,9.590109962447036,0.4807259865866766,0.055909787803133805,0.055909787803133805,1.5858256194234854,281.91371298796054,331.09333870316095,26.18392495457538,328.17732103122916,,14.616485151779832,7.424588360850945,32.73595113503926,3362420601.0,623546380.0,,,,1.8576900007710673,1.4462207808919392,23.002766166666667,0.019642130229474444
