stock_code,corp_name,year,quarter,label,총자산증가율,유동자산증가율,매출액증가율,순이익증가율,영업이익증가율,매출액순이익률,매출총이익률,자기자본순이익률,매출채권회전율,재고자산회전율,총자본회전율,유형자산회전율,매출원가율,부채비율,유동비율,자기자본비율,당좌비율,비유동자산장기적합률,순운전자본비율,차입금의존도,현금비율,유형자산,무형자산,무형자산상각비,유형자산상각비,감가상각비,총자본영업이익률,총자본순이익률,유보액/납입자본비율,총자본투자효율
058370,(주)비엔씨컴퍼니,2016,Q1,1,6.14708923074669,6.65453173258574,46.40531818162763,178.71711782951735,-120.44976141134352,26.794883773482564,10.977278065145358,5.6676508329147985,0.6968065691440796,2.450178528661966,0.1224660308881325,0.1224660308881325,89.02272193485464,72.71719116258954,127.52042455199577,57.898116178755885,116.60897443669008,,11.22254717784685,0.0,2.31780700211205,821136708.0,1322015566.0,,,,-0.131113384645603,3.2814630638472364,-21.100704516785527,0.03281463063847236
