stock_code,corp_name,year,quarter,label,총자산증가율,유동자산증가율,매출액증가율,순이익증가율,영업이익증가율,매출액순이익률,매출총이익률,자기자본순이익률,매출채권회전율,재고자산회전율,총자본회전율,유형자산회전율,매출원가율,부채비율,유동비율,자기자본비율,당좌비율,비유동자산장기적합률,순운전자본비율,차입금의존도,현금비율,유형자산,무형자산,무형자산상각비,유형자산상각비,감가상각비,총자본영업이익률,총자본순이익률,유보액/납입자본비율,총자본투자효율
068060,케이씨더블류 (주),2023,Q1,1,1.7440175513579612,-2.147663088129118,,,,-14.84984672875648,99.80044720773353,-1.3882334885277317,0.1430267899021553,0.0001267736695535403,0.017113309155485028,0.017113309155485028,0.19955279226647119,446.26899236781117,74.89991961944497,18.305999680953608,41.925847693530166,0.9303593353159482,-20.505259746171518,41.71641854267513,13.591861771212352,281795189.0,,,,,-0.1389001395520819,-0.2541300179807777,-39.301281323529416,-0.002541300179807777
