stock_code,corp_name,year,quarter,label,총자산증가율,유동자산증가율,매출액증가율,순이익증가율,영업이익증가율,매출액순이익률,매출총이익률,자기자본순이익률,매출채권회전율,재고자산회전율,총자본회전율,유형자산회전율,매출원가율,부채비율,유동비율,자기자본비율,당좌비율,비유동자산장기적합률,순운전자본비율,차입금의존도,현금비율,유형자산,무형자산,무형자산상각비,유형자산상각비,감가상각비,총자본영업이익률,총자본순이익률,유보액/납입자본비율,총자본투자효율
068060,케이씨더블류 (주),2021,Q1,1,-4.233178146121752,-9.237474668177487,,,,-8.061681113000322,0.23821940527060476,-10.208886646800886,0.428703833545642,0.5044874608812088,0.10528712335337677,0.10528712335337677,99.7617805947294,1102.7559287914962,60.055848835496775,8.314238791612352,37.14234136848075,1.968039875411791,-36.29532578002703,70.48404591078274,9.237454432040023,6242650690.0,250171694.0,,,,-2.3581866574244024,-0.8487912137800528,-339.7334888970588,-0.008487912137800528
