stock_code,corp_name,year,quarter,label,총자산증가율,유동자산증가율,매출액증가율,순이익증가율,영업이익증가율,매출액순이익률,매출총이익률,자기자본순이익률,매출채권회전율,재고자산회전율,총자본회전율,유형자산회전율,매출원가율,부채비율,유동비율,자기자본비율,당좌비율,비유동자산장기적합률,순운전자본비율,차입금의존도,현금비율,유형자산,무형자산,무형자산상각비,유형자산상각비,감가상각비,총자본영업이익률,총자본순이익률,유보액/납입자본비율,총자본투자효율
078940,퀀타피아(주),2020,Q1,1,-5.344779172006805,-4.122742941643675,,,,-4.078396957147831,10.686564770795515,-1.6784599677366043,1923.382620766241,8.124114555726557,0.20812181039014763,0.20812181039014763,89.31343522920449,97.74426567700016,4598.711146392302,50.5703665578562,4380.196033103157,,47.104779950872164,26.650717554745107,204.98177732054188,407207621.0,379536450.0,95840973.0,104316783.0,200157756.0,-1.1808730265011698,-0.8488033582112758,41.673920714278324,-0.008488033582112758
