stock_code,corp_name,year,quarter,label,총자산증가율,유동자산증가율,매출액증가율,순이익증가율,영업이익증가율,매출액순이익률,매출총이익률,자기자본순이익률,매출채권회전율,재고자산회전율,총자본회전율,유형자산회전율,매출원가율,부채비율,유동비율,자기자본비율,당좌비율,비유동자산장기적합률,순운전자본비율,차입금의존도,현금비율,유형자산,무형자산,무형자산상각비,유형자산상각비,감가상각비,총자본영업이익률,총자본순이익률,유보액/납입자본비율,총자본투자효율
078940,퀀타피아(주),2021,Q1,1,-1.8484156380313441,-10.046156090015513,,,,-13.309222440028472,15.490519094006785,-4.4170507915912625,0.8883427861309823,1.6919491402844165,0.1441496683283834,0.1441496683283834,84.50948090599321,130.23219932974607,102.1003291816322,43.43441112542939,86.85810583632608,6.727606372800701,0.9921351190514252,43.52964745221558,4.279040351376775,180797613.0,61155652.0,30913434.0,68361234.0,99274668.0,-0.9961377694827136,-1.918520000438782,32.07148913863037,-0.01918520000438782
