stock_code,corp_name,year,quarter,label,총자산증가율,유동자산증가율,매출액증가율,순이익증가율,영업이익증가율,매출액순이익률,매출총이익률,자기자본순이익률,매출채권회전율,재고자산회전율,총자본회전율,유형자산회전율,매출원가율,부채비율,유동비율,자기자본비율,당좌비율,비유동자산장기적합률,순운전자본비율,차입금의존도,현금비율,유형자산,무형자산,무형자산상각비,유형자산상각비,감가상각비,총자본영업이익률,총자본순이익률,유보액/납입자본비율,총자본투자효율
078940,퀀타피아(주),2017,Q1,1,0.15748598934370145,-0.9592908108058315,,,,-53.68451545624451,6.1816320543336385,-8.052784621739024,4.222722801960476,8.184476050678093,0.06936783225209019,0.06936783225209019,93.81836794566635,116.24143915947649,425.8480817440864,46.244605284119814,421.4510858810966,,58.92698570464739,21.073225841290924,0.4413364803035471,3913237563.0,3621753842.0,270312691.0,311026500.0,581339191.0,-2.579022440364526,-3.7239784627035117,-196.0817190406065,-0.037239784627035116
