stock_code,corp_name,year,quarter,label,총자산증가율,유동자산증가율,매출액증가율,순이익증가율,영업이익증가율,매출액순이익률,매출총이익률,자기자본순이익률,매출채권회전율,재고자산회전율,총자본회전율,유형자산회전율,매출원가율,부채비율,유동비율,자기자본비율,당좌비율,비유동자산장기적합률,순운전자본비율,차입금의존도,현금비율,유형자산,무형자산,무형자산상각비,유형자산상각비,감가상각비,총자본영업이익률,총자본순이익률,유보액/납입자본비율,총자본투자효율
080440,(주)에스제이케이,2018,Q1,1,0.9322101573505535,10.451299422246715,,,,-117.28116875699726,23.44984282828095,-11.943678745379048,1.1999804709251922,1.141498005400983,0.027458927315660846,0.027458927315660846,76.55015717171905,270.8738910217552,9.82535220441851,26.963343179672382,7.005492269836967,,-58.88591327214453,50.70573809003051,1.3158521488749364,20314328965.0,120185661.0,,,,-1.6145136303807779,-3.2204150883941414,-268.92955685109865,-0.032204150883941414
