stock_code,corp_name,year,quarter,label,총자산증가율,유동자산증가율,매출액증가율,순이익증가율,영업이익증가율,매출액순이익률,매출총이익률,자기자본순이익률,매출채권회전율,재고자산회전율,총자본회전율,유형자산회전율,매출원가율,부채비율,유동비율,자기자본비율,당좌비율,비유동자산장기적합률,순운전자본비율,차입금의존도,현금비율,유형자산,무형자산,무형자산상각비,유형자산상각비,감가상각비,총자본영업이익률,총자본순이익률,유보액/납입자본비율,총자본투자효율
080440,(주)에스제이케이,2019,Q1,1,-7.459064701168779,-40.184314664714606,,,,,4.0286418017872165,,1.8201912342535578,1.3894225182435376,0.03976732994769038,0.03976732994769038,95.97135819821278,,17.89437194760112,,13.77899213523712,,-54.802042497652735,38.72712718399031,3.7315710920166065,21985139898.0,5638195916.0,,,,-2.8174865253116836,,390.87479337853745,
