stock_code,corp_name,year,quarter,label,총자산증가율,유동자산증가율,매출액증가율,순이익증가율,영업이익증가율,매출액순이익률,매출총이익률,자기자본순이익률,매출채권회전율,재고자산회전율,총자본회전율,유형자산회전율,매출원가율,부채비율,유동비율,자기자본비율,당좌비율,비유동자산장기적합률,순운전자본비율,차입금의존도,현금비율,유형자산,무형자산,무형자산상각비,유형자산상각비,감가상각비,총자본영업이익률,총자본순이익률,유보액/납입자본비율,총자본투자효율
080440,(주)에스제이케이,2016,Q1,1,7.403281666834671,4.6022417737453925,36.15909707881409,-43.53525140481898,-25.4615670763307,-10.507771983126391,10.711031266893826,-6.453222688531565,1.5762296773319535,1.9747455123840767,0.16131862442242684,0.16131862442242684,89.28896873310617,280.6987947278384,751.7327906025245,26.267485315126887,676.9152868792687,,63.53858512977462,48.40617375074727,15.477671003150245,21919189108.0,3830847486.0,,,,-1.6429282570644446,-1.695099322062465,-229.68287653436428,-0.01695099322062465
