stock_code,corp_name,year,quarter,label,총자산증가율,유동자산증가율,매출액증가율,순이익증가율,영업이익증가율,매출액순이익률,매출총이익률,자기자본순이익률,매출채권회전율,재고자산회전율,총자본회전율,유형자산회전율,매출원가율,부채비율,유동비율,자기자본비율,당좌비율,비유동자산장기적합률,순운전자본비율,차입금의존도,현금비율,유형자산,무형자산,무형자산상각비,유형자산상각비,감가상각비,총자본영업이익률,총자본순이익률,유보액/납입자본비율,총자본투자효율
096040,이트론(주),2020,Q1,1,-8.157980115922912,-28.3527932352808,,,,-12.262657778597537,18.92335721211493,-1.5499750249735345,1.068570625550973,0.9883484444430758,0.06676107795004169,0.06676107795004169,81.07664278788506,89.328830268637,723.4251299623081,52.81815762454713,616.4353862594163,,31.911790471704567,40.988501796919515,62.24325431527918,1118307478.0,553517894.0,,,,0.052810985498107685,-0.8186682518316353,10.814237331021562,-0.008186682518316352
