stock_code,corp_name,year,quarter,label,총자산증가율,유동자산증가율,매출액증가율,순이익증가율,영업이익증가율,매출액순이익률,매출총이익률,자기자본순이익률,매출채권회전율,재고자산회전율,총자본회전율,유형자산회전율,매출원가율,부채비율,유동비율,자기자본비율,당좌비율,비유동자산장기적합률,순운전자본비율,차입금의존도,현금비율,유형자산,무형자산,무형자산상각비,유형자산상각비,감가상각비,총자본영업이익률,총자본순이익률,유보액/납입자본비율,총자본투자효율
096040,이트론(주),2016,Q1,1,-7.602202783891311,-10.44391492282525,-3.033171624656949,,-86.4818850680969,0.0,22.857969232077437,0.0,1.1006253512079553,1.135505467365253,0.11972650850400557,0.11972650850400557,77.14203076792256,24.64137469872253,327.82427278946824,80.23018058146057,286.48201815626794,,44.82269762131823,12.151697543442411,155.0171104352907,1577981894.0,629272267.0,,,,-0.5694588925089017,0.0,1.8338357462615529,0.0
