stock_code,corp_name,year,quarter,label,총자산증가율,유동자산증가율,매출액증가율,순이익증가율,영업이익증가율,매출액순이익률,매출총이익률,자기자본순이익률,매출채권회전율,재고자산회전율,총자본회전율,유형자산회전율,매출원가율,부채비율,유동비율,자기자본비율,당좌비율,비유동자산장기적합률,순운전자본비율,차입금의존도,현금비율,유형자산,무형자산,무형자산상각비,유형자산상각비,감가상각비,총자본영업이익률,총자본순이익률,유보액/납입자본비율,총자본투자효율
114570,지스마트글로벌(주),2022,Q1,1,0.0006157416186796902,0.0038710620857686706,,,,208.07767163666574,100.0,2.0778741662489546,-0.029247085323581622,,-0.0045436421434652255,-0.0045436421434652255,,-319.78074693837306,11.40894752526647,-45.49989086534508,11.40894752526647,,-123.51701515612672,67.40522680284136,0.04421505837017336,24448321287.0,4234315.0,,,,-0.9455452395399413,-0.9454304779624733,-2078.7328386331756,-0.009454304779624733
