stock_code,corp_name,year,quarter,label,총자산증가율,유동자산증가율,매출액증가율,순이익증가율,영업이익증가율,매출액순이익률,매출총이익률,자기자본순이익률,매출채권회전율,재고자산회전율,총자본회전율,유형자산회전율,매출원가율,부채비율,유동비율,자기자본비율,당좌비율,비유동자산장기적합률,순운전자본비율,차입금의존도,현금비율,유형자산,무형자산,무형자산상각비,유형자산상각비,감가상각비,총자본영업이익률,총자본순이익률,유보액/납입자본비율,총자본투자효율
182690,테라셈(주),2021,Q1,1,-3.957604597094011,-26.759727688097794,,,,,,-10.66882001316394,,16.899877935869544,,,,122.29555857976544,48.82736874539317,44.98515428688486,47.962432852634194,339.85155912148406,-9.214894189029001,12.082432771720729,3.814917803519761,8731866343.0,519076256.0,,,,-3.068232780608012,-4.799385143511848,,-0.04799385143511848
