stock_code,corp_name,year,quarter,label,총자산증가율,유동자산증가율,매출액증가율,순이익증가율,영업이익증가율,매출액순이익률,매출총이익률,자기자본순이익률,매출채권회전율,재고자산회전율,총자본회전율,유형자산회전율,매출원가율,부채비율,유동비율,자기자본비율,당좌비율,비유동자산장기적합률,순운전자본비율,차입금의존도,현금비율,유형자산,무형자산,무형자산상각비,유형자산상각비,감가상각비,총자본영업이익률,총자본순이익률,유보액/납입자본비율,총자본투자효율
214870,(주)한울비앤씨,2019,Q1,1,11.91865707315174,-9.536619154995975,,,,4.212315551236565,31.336711405472528,2.3584292369610007,1.5154556443689586,1.4039383613067824,0.32166302738096975,0.32166302738096975,68.66328859452747,74.06073280525392,159.23308791835677,57.45121164799644,121.77570054613038,,24.877377446353318,0.0,13.796548605964464,5164658773.0,891553738.0,,,,1.3807471366425061,1.354946172494692,388.24120562887936,0.01354946172494692
