stock_code,corp_name,year,quarter,label,총자산증가율,유동자산증가율,매출액증가율,순이익증가율,영업이익증가율,매출액순이익률,매출총이익률,자기자본순이익률,매출채권회전율,재고자산회전율,총자본회전율,유형자산회전율,매출원가율,부채비율,유동비율,자기자본비율,당좌비율,비유동자산장기적합률,순운전자본비율,차입금의존도,현금비율,유형자산,무형자산,무형자산상각비,유형자산상각비,감가상각비,총자본영업이익률,총자본순이익률,유보액/납입자본비율,총자본투자효율
214870,(주)한울비앤씨,2023,Q1,1,-22.36874029408457,-27.86792580531756,,,,-332.257655386689,13.504102717751731,31.59794903477312,0.7097130637898117,0.840302811145341,0.12795442723233114,0.12795442723233114,86.49589728224827,-174.3239155290449,30.075305428667537,-134.54619457033473,24.260451995595833,1.463047756620964,-158.38236164742239,26.457764471194135,6.041490249053039,5450112954.0,262327785.0,,,,-12.139523199501381,-42.51383798856105,-269.2609329149644,-0.4251383798856105
