stock_code,corp_name,year,quarter,label,총자산증가율,유동자산증가율,매출액증가율,순이익증가율,영업이익증가율,매출액순이익률,매출총이익률,자기자본순이익률,매출채권회전율,재고자산회전율,총자본회전율,유형자산회전율,매출원가율,부채비율,유동비율,자기자본비율,당좌비율,비유동자산장기적합률,순운전자본비율,차입금의존도,현금비율,유형자산,무형자산,무형자산상각비,유형자산상각비,감가상각비,총자본영업이익률,총자본순이익률,유보액/납입자본비율,총자본투자효율
003380,하림지주,2021,Q1,0,4.943206275654109,5.363923930804507,,,,,18.57496188687543,,2.4719048936721606,3.4890449630298908,0.2093191641699926,0.2093191641699926,81.42503811312457,170.67025831116501,73.10763389758807,36.945322557397155,60.674268094599306,,-10.56575898777689,0.0,17.432610828716413,5629273785579.0,354456412214.0,,,,1.0963983290852792,,21427.732688752963,
