stock_code,corp_name,year,quarter,label,총자산증가율,유동자산증가율,매출액증가율,순이익증가율,영업이익증가율,매출액순이익률,매출총이익률,자기자본순이익률,매출채권회전율,재고자산회전율,총자본회전율,유형자산회전율,매출원가율,부채비율,유동비율,자기자본비율,당좌비율,비유동자산장기적합률,순운전자본비율,차입금의존도,현금비율,유형자산,무형자산,무형자산상각비,유형자산상각비,감가상각비,총자본영업이익률,총자본순이익률,유보액/납입자본비율,총자본투자효율
014470,부방,2021,Q1,0,6.483752449081689,1.1427666061363477,,,,-1.119347198253119,25.495266688127344,-0.5198110650706311,2.523854290350578,2.940550019640132,0.30057278284969174,0.30057278284969174,74.50473331187266,54.50091335315539,152.83949728295184,64.72453646369183,115.46582433370276,11.683796105701845,10.767077565757399,5.893287808397143,31.997754107869092,119459328908.0,4365762275.0,,,,-0.003669026982897596,-0.33644530235394554,515.8808543591864,-0.0033644530235394554
