stock_code,corp_name,year,quarter,label,총자산증가율,유동자산증가율,매출액증가율,순이익증가율,영업이익증가율,매출액순이익률,매출총이익률,자기자본순이익률,매출채권회전율,재고자산회전율,총자본회전율,유형자산회전율,매출원가율,부채비율,유동비율,자기자본비율,당좌비율,비유동자산장기적합률,순운전자본비율,차입금의존도,현금비율,유형자산,무형자산,무형자산상각비,유형자산상각비,감가상각비,총자본영업이익률,총자본순이익률,유보액/납입자본비율,총자본투자효율
024850,HLB이노베이션,2021,Q1,0,1.783346028191081,4.463229296442595,,,,1.6456768740516565,10.936978725385364,1.4760782486197648,1.6169688859524194,2.067203674931931,0.3963019555383272,0.3963019555383272,89.06302127461464,126.32816325456669,204.25121161284153,44.183630778429986,154.7556408684562,37.977297172,35.96293640638509,12.204467499488333,38.93232304750629,4567732263.0,,,,,0.8050031137129586,0.6521849633708727,-20.063716429978427,0.0065218496337087276
