stock_code,corp_name,year,quarter,label,총자산증가율,유동자산증가율,매출액증가율,순이익증가율,영업이익증가율,매출액순이익률,매출총이익률,자기자본순이익률,매출채권회전율,재고자산회전율,총자본회전율,유형자산회전율,매출원가율,부채비율,유동비율,자기자본비율,당좌비율,비유동자산장기적합률,순운전자본비율,차입금의존도,현금비율,유형자산,무형자산,무형자산상각비,유형자산상각비,감가상각비,총자본영업이익률,총자본순이익률,유보액/납입자본비율,총자본투자효율
025320,시노펙스,2021,Q1,0,6.390226736534791,14.38593807369223,,,,2.28578863692733,13.355825020757434,1.4761798381139561,3.1827864557644583,2.2010444274996326,0.2876650315716287,0.2876650315716287,86.64417497924258,124.49988738330076,90.32463420579168,44.54345218858155,66.22253024933968,143.01858222428572,-4.545797363436853,29.107896227026746,34.60538636256247,88337235427.0,4569407321.0,,,,-0.39480686569008316,0.6575414604077706,134.27073187032664,0.006575414604077706
