stock_code,corp_name,year,quarter,label,총자산증가율,유동자산증가율,매출액증가율,순이익증가율,영업이익증가율,매출액순이익률,매출총이익률,자기자본순이익률,매출채권회전율,재고자산회전율,총자본회전율,유형자산회전율,매출원가율,부채비율,유동비율,자기자본비율,당좌비율,비유동자산장기적합률,순운전자본비율,차입금의존도,현금비율,유형자산,무형자산,무형자산상각비,유형자산상각비,감가상각비,총자본영업이익률,총자본순이익률,유보액/납입자본비율,총자본투자효율
025770,한국정보통신,2021,Q1,0,7.921019587637278,9.077981361847865,,,,3.725052329742403,7.223815673873098,2.235908299024735,1.5327932987820712,8.575768247976097,0.360430304293244,0.360430304293244,92.7761843261269,66.53300215210679,217.05502035445593,60.048157847213176,206.1594047331441,392.211495,41.89122308784841,0.9379214756353491,35.607040050297435,5856079000.0,3849157000.0,50535000.0,1159230000.0,1209765000.0,1.7722029269956592,1.3426217447173119,1060.9802182499645,0.013426217447173119
