stock_code,corp_name,year,quarter,label,총자산증가율,유동자산증가율,매출액증가율,순이익증가율,영업이익증가율,매출액순이익률,매출총이익률,자기자본순이익률,매출채권회전율,재고자산회전율,총자본회전율,유형자산회전율,매출원가율,부채비율,유동비율,자기자본비율,당좌비율,비유동자산장기적합률,순운전자본비율,차입금의존도,현금비율,유형자산,무형자산,무형자산상각비,유형자산상각비,감가상각비,총자본영업이익률,총자본순이익률,유보액/납입자본비율,총자본투자효율
025870,신라에스지,2021,Q1,0,3.5571660995428376,11.758861839924178,,,,1.9603935424777748,9.96077808022954,1.7591019761316111,4.261631307538249,1.0788784647904037,0.31178688912028185,0.31178688912028185,90.03922191977047,187.7994133821635,114.69770044774548,34.74642245611942,41.86820386102626,,5.251207040250893,0.0,8.705711673626379,13935785944.0,961360333.0,,,,0.814122796738142,0.6112250040606345,634.44502225,0.006112250040606345
