stock_code,corp_name,year,quarter,label,총자산증가율,유동자산증가율,매출액증가율,순이익증가율,영업이익증가율,매출액순이익률,매출총이익률,자기자본순이익률,매출채권회전율,재고자산회전율,총자본회전율,유형자산회전율,매출원가율,부채비율,유동비율,자기자본비율,당좌비율,비유동자산장기적합률,순운전자본비율,차입금의존도,현금비율,유형자산,무형자산,무형자산상각비,유형자산상각비,감가상각비,총자본영업이익률,총자본순이익률,유보액/납입자본비율,총자본투자효율
031310,아이즈비전,2021,Q1,0,1.0496801930971984,-19.89572912025512,,,,18.45694323045069,27.70066760859492,4.111480441469887,1.9318750352249563,1.3397482808046686,0.161684084606351,0.161684084606351,72.29933239140507,37.775241208707264,320.2254078864525,72.58198143780865,272.1568218471478,,39.97462759283162,3.1094147007536215,58.998942491724605,20004175679.0,1018580000.0,,,,1.467853777068801,2.984193970846807,540.9076119984212,0.029841939708468067
