stock_code,corp_name,year,quarter,label,총자산증가율,유동자산증가율,매출액증가율,순이익증가율,영업이익증가율,매출액순이익률,매출총이익률,자기자본순이익률,매출채권회전율,재고자산회전율,총자본회전율,유형자산회전율,매출원가율,부채비율,유동비율,자기자본비율,당좌비율,비유동자산장기적합률,순운전자본비율,차입금의존도,현금비율,유형자산,무형자산,무형자산상각비,유형자산상각비,감가상각비,총자본영업이익률,총자본순이익률,유보액/납입자본비율,총자본투자효율
032960,동일기연,2021,Q1,0,6.333580681404209,8.274905309951441,,,,53.32285682641751,42.237226806932846,6.156573008385427,1.3954145101230335,0.3466721653949474,0.10607326443952608,0.10607326443952608,57.762773193067154,8.847808668474876,1182.5340646028437,91.87139476971626,915.5465538405647,159.99870164505285,71.66145506131421,0.13574333529740287,285.4872861834443,4947935400.0,554048901.0,11090905.0,220891881.0,231982786.0,0.8782206058095945,5.656129492819573,1074.5997812318653,0.056571923934522664
