stock_code,corp_name,year,quarter,label,총자산증가율,유동자산증가율,매출액증가율,순이익증가율,영업이익증가율,매출액순이익률,매출총이익률,자기자본순이익률,매출채권회전율,재고자산회전율,총자본회전율,유형자산회전율,매출원가율,부채비율,유동비율,자기자본비율,당좌비율,비유동자산장기적합률,순운전자본비율,차입금의존도,현금비율,유형자산,무형자산,무형자산상각비,유형자산상각비,감가상각비,총자본영업이익률,총자본순이익률,유보액/납입자본비율,총자본투자효율
032980,바이온,2021,Q1,0,2.1749613614106513,-2.8438201491959703,,,,-24.275356493992703,12.519162436732506,-2.134385869385211,0.5621130170928959,2.5474167210173997,0.0713541592385562,0.0713541592385562,87.4808375632675,23.221935836673904,337.62386836996166,81.15438158068405,317.8345372376846,19.97454781811594,29.42328622976258,5.0246088128255835,176.39217158237108,4544406032.0,52735907.0,,,,-1.2466110854242705,-1.7321476528450748,18.50203673772012,-0.017321476528450747
