stock_code,corp_name,year,quarter,label,총자산증가율,유동자산증가율,매출액증가율,순이익증가율,영업이익증가율,매출액순이익률,매출총이익률,자기자본순이익률,매출채권회전율,재고자산회전율,총자본회전율,유형자산회전율,매출원가율,부채비율,유동비율,자기자본비율,당좌비율,비유동자산장기적합률,순운전자본비율,차입금의존도,현금비율,유형자산,무형자산,무형자산상각비,유형자산상각비,감가상각비,총자본영업이익률,총자본순이익률,유보액/납입자본비율,총자본투자효율
033160,엠케이전자,2021,Q1,0,1.183641225818207,9.963219460592569,,,,10.108753410718247,11.395986080589353,2.419634236540525,1.5212106289261709,2.5894531773046587,0.11007339207898992,0.11007339207898992,88.60401391941065,117.45518534956344,69.86053860916897,45.98648675093585,50.174272002721054,,-5.766334195591527,16.86182041682015,9.858568007631655,53140587830.0,106681383888.0,228860453.0,3672508284.0,3901368737.0,1.0149898885156659,1.1127047776078165,3437.494254159623,0.011127047776078165
