stock_code,corp_name,year,quarter,label,총자산증가율,유동자산증가율,매출액증가율,순이익증가율,영업이익증가율,매출액순이익률,매출총이익률,자기자본순이익률,매출채권회전율,재고자산회전율,총자본회전율,유형자산회전율,매출원가율,부채비율,유동비율,자기자본비율,당좌비율,비유동자산장기적합률,순운전자본비율,차입금의존도,현금비율,유형자산,무형자산,무형자산상각비,유형자산상각비,감가상각비,총자본영업이익률,총자본순이익률,유보액/납입자본비율,총자본투자효율
033200,모아텍,2021,Q1,0,-1.165478482590696,-0.5930877432852719,,,,-10.23783756569608,11.114219903225388,-0.9430395618098433,1.5226303478787735,2.1686319556417613,0.08555257826037328,0.08555257826037328,88.88578009677461,7.668478376860444,1262.8370976956453,92.87769411023041,1199.0386656422525,,63.91288335291176,0.0,268.0295240340309,15471285772.0,382628558.0,,,,-0.7127158449897332,-0.8758733995562034,1178.3593121601493,-0.008758733995562033
