stock_code,corp_name,year,quarter,label,총자산증가율,유동자산증가율,매출액증가율,순이익증가율,영업이익증가율,매출액순이익률,매출총이익률,자기자본순이익률,매출채권회전율,재고자산회전율,총자본회전율,유형자산회전율,매출원가율,부채비율,유동비율,자기자본비율,당좌비율,비유동자산장기적합률,순운전자본비율,차입금의존도,현금비율,유형자산,무형자산,무형자산상각비,유형자산상각비,감가상각비,총자본영업이익률,총자본순이익률,유보액/납입자본비율,총자본투자효율
033310,엠투엔,2021,Q1,0,-2.336191860161083,-12.780931824322947,,,,9.598744676290934,12.472360319112646,1.6945557282961086,0.91209604685918,3.7315305357697075,0.09671348728248562,0.09671348728248562,87.52763968088735,82.53845605953472,51.43978314431109,54.78297678127896,45.22161948114272,106.13296205444445,-17.715920778963977,19.42766522434192,7.601484063803926,12785144543.0,771023485.0,,,,-0.008444029478655947,0.9283280711782897,598.7334433417416,0.009283280711782898
