stock_code,corp_name,year,quarter,label,총자산증가율,유동자산증가율,매출액증가율,순이익증가율,영업이익증가율,매출액순이익률,매출총이익률,자기자본순이익률,매출채권회전율,재고자산회전율,총자본회전율,유형자산회전율,매출원가율,부채비율,유동비율,자기자본비율,당좌비율,비유동자산장기적합률,순운전자본비율,차입금의존도,현금비율,유형자산,무형자산,무형자산상각비,유형자산상각비,감가상각비,총자본영업이익률,총자본순이익률,유보액/납입자본비율,총자본투자효율
034810,해성산업,2021,Q1,0,54.0248224322188,96.46310318095644,,,,0.6203929605127133,17.153141814986395,0.14372528122548373,0.5974214646155459,0.8645622767790431,0.12617178205370339,0.12617178205370339,82.8468581850136,83.61327152264509,149.52297937761864,54.4622941308831,104.66699318927817,,13.348373601783123,0.0,19.39730599118244,805570806694.0,150460729738.0,,,,0.7511594437190106,0.07827608540146186,5471.135902181711,0.0007827608540146186
