stock_code,corp_name,year,quarter,label,총자산증가율,유동자산증가율,매출액증가율,순이익증가율,영업이익증가율,매출액순이익률,매출총이익률,자기자본순이익률,매출채권회전율,재고자산회전율,총자본회전율,유형자산회전율,매출원가율,부채비율,유동비율,자기자본비율,당좌비율,비유동자산장기적합률,순운전자본비율,차입금의존도,현금비율,유형자산,무형자산,무형자산상각비,유형자산상각비,감가상각비,총자본영업이익률,총자본순이익률,유보액/납입자본비율,총자본투자효율
036010,아비코전자,2021,Q1,0,9.66161943534831,15.157667160956716,,,,3.578550745356928,10.14732040005357,1.2383349159840549,1.82252131605272,1.7240111990207097,0.2599692716912331,0.2599692716912331,89.85267959994643,33.1094597761269,392.0300836788628,75.12614067263681,318.8507287114795,,54.069453978948744,1.4950575783282516,163.398242679785,32466619930.0,400098044.0,,,,0.6843992458558292,0.9303132309805598,1349.4140608517375,0.009303132309805598
