stock_code,corp_name,year,quarter,label,총자산증가율,유동자산증가율,매출액증가율,순이익증가율,영업이익증가율,매출액순이익률,매출총이익률,자기자본순이익률,매출채권회전율,재고자산회전율,총자본회전율,유형자산회전율,매출원가율,부채비율,유동비율,자기자본비율,당좌비율,비유동자산장기적합률,순운전자본비율,차입금의존도,현금비율,유형자산,무형자산,무형자산상각비,유형자산상각비,감가상각비,총자본영업이익률,총자본순이익률,유보액/납입자본비율,총자본투자효율
036190,금화피에스시,2021,Q1,0,5.193552180479152,6.284833120327152,,,,1.4358702746815428,12.4367440827393,0.317329665199227,1.2717353814623624,21.34447690940331,0.18218656765699756,0.18218656765699756,87.56325591726069,21.30511523526648,389.6820237674691,82.4367544650149,384.66900344630227,35.51166344390116,43.189166280251015,1.3723253985201211,87.75502837029202,26200181276.0,2648754145.0,,,,1.2744572158655303,0.2615962769449406,8471.532458733333,0.002615962769449406
