stock_code,corp_name,year,quarter,label,총자산증가율,유동자산증가율,매출액증가율,순이익증가율,영업이익증가율,매출액순이익률,매출총이익률,자기자본순이익률,매출채권회전율,재고자산회전율,총자본회전율,유형자산회전율,매출원가율,부채비율,유동비율,자기자본비율,당좌비율,비유동자산장기적합률,순운전자본비율,차입금의존도,현금비율,유형자산,무형자산,무형자산상각비,유형자산상각비,감가상각비,총자본영업이익률,총자본순이익률,유보액/납입자본비율,총자본투자효율
036630,세종텔레콤,2021,Q1,0,5.611428459011138,5.4477213197844945,,,,44.82849188786775,54.54372559548839,8.126036819623451,1.7017410288482597,7.632597436565123,0.13555626538862864,0.13555626538862864,45.45627440451162,33.72267687380642,307.7973049925549,74.78163191002348,303.17752685418515,78.79799352669271,36.31281086912327,0.9932160106806168,31.073130189672206,126854047621.0,32543333321.0,,,,-0.7321275467987067,6.076782943323787,26.716434989537667,0.060767829433237865
