stock_code,corp_name,year,quarter,label,총자산증가율,유동자산증가율,매출액증가율,순이익증가율,영업이익증가율,매출액순이익률,매출총이익률,자기자본순이익률,매출채권회전율,재고자산회전율,총자본회전율,유형자산회전율,매출원가율,부채비율,유동비율,자기자본비율,당좌비율,비유동자산장기적합률,순운전자본비율,차입금의존도,현금비율,유형자산,무형자산,무형자산상각비,유형자산상각비,감가상각비,총자본영업이익률,총자본순이익률,유보액/납입자본비율,총자본투자효율
036800,나이스정보통신,2021,Q1,0,-1.9670147087107477,-4.008540348247333,,,,5.217145780893211,18.16392975194477,3.294253030199136,0.49406648729386454,24.264170792200748,0.2195031269665719,0.2195031269665719,81.83607024805522,187.66251321689262,128.3125688453512,34.76295846883661,127.17261112252802,,18.38698636104358,0.0,42.088812527185375,9686170247.0,31129140254.0,1219504088.0,2582056109.0,3801560197.0,1.3166642283307473,1.1451798127465171,4769.3958949,0.011451798127465171
