stock_code,corp_name,year,quarter,label,총자산증가율,유동자산증가율,매출액증가율,순이익증가율,영업이익증가율,매출액순이익률,매출총이익률,자기자본순이익률,매출채권회전율,재고자산회전율,총자본회전율,유형자산회전율,매출원가율,부채비율,유동비율,자기자본비율,당좌비율,비유동자산장기적합률,순운전자본비율,차입금의존도,현금비율,유형자산,무형자산,무형자산상각비,유형자산상각비,감가상각비,총자본영업이익률,총자본순이익률,유보액/납입자본비율,총자본투자효율
036810,에프에스티,2021,Q1,0,32.653203385029286,58.46549741502813,,,,35.02994666849596,37.10108723538211,9.208836726195457,1.6505460294531074,1.1582714805601946,0.17279272580153074,0.17279272580153074,62.8989127646179,52.138749108687996,202.81773032592776,65.72947430280234,156.6757549480108,4.978740376873112,20.90884584553318,21.555971309006,76.85908013305574,112990593861.0,3707042797.0,,,,2.9839064652060596,6.0529199695316676,1706.9939245170783,0.06052919969531668
