stock_code,corp_name,year,quarter,label,총자산증가율,유동자산증가율,매출액증가율,순이익증가율,영업이익증가율,매출액순이익률,매출총이익률,자기자본순이익률,매출채권회전율,재고자산회전율,총자본회전율,유형자산회전율,매출원가율,부채비율,유동비율,자기자본비율,당좌비율,비유동자산장기적합률,순운전자본비율,차입금의존도,현금비율,유형자산,무형자산,무형자산상각비,유형자산상각비,감가상각비,총자본영업이익률,총자본순이익률,유보액/납입자본비율,총자본투자효율
037330,인지디스플레,2021,Q1,0,5.235758988840203,13.51061064983751,,,,2.503595925298164,6.609568534874626,2.076675289651348,2.554363746214287,6.034145696783545,0.3535964370505504,0.3535964370505504,93.39043146512537,134.58296916619608,64.3992347576481,42.628840599742155,53.612489333255155,13.392270265995172,-18.061897529607773,33.11194787823564,8.19383672558981,252386894166.0,4701874700.0,,,,0.8111692658643677,0.8852625989997066,626.3345044108695,0.008852625989997066
