stock_code,corp_name,year,quarter,label,총자산증가율,유동자산증가율,매출액증가율,순이익증가율,영업이익증가율,매출액순이익률,매출총이익률,자기자본순이익률,매출채권회전율,재고자산회전율,총자본회전율,유형자산회전율,매출원가율,부채비율,유동비율,자기자본비율,당좌비율,비유동자산장기적합률,순운전자본비율,차입금의존도,현금비율,유형자산,무형자산,무형자산상각비,유형자산상각비,감가상각비,총자본영업이익률,총자본순이익률,유보액/납입자본비율,총자본투자효율
037950,엘컴텍,2021,Q1,0,0.992067182963698,6.06396023836806,,,,4.239478988295005,14.720407370715098,0.709751370632543,2.1106476837976307,1.8535814281091436,0.14119298962936064,0.14119298962936064,85.2795926292849,18.571583173092936,221.79390741314253,84.33723943283965,145.7059480317973,14.609206274313308,10.39815312864378,8.60416274827323,38.76371813009334,32283082622.0,374903943.0,,,,-0.10421390909480792,0.598584712828229,-23.23266188791171,0.00598584712828229
