stock_code,corp_name,year,quarter,label,총자산증가율,유동자산증가율,매출액증가율,순이익증가율,영업이익증가율,매출액순이익률,매출총이익률,자기자본순이익률,매출채권회전율,재고자산회전율,총자본회전율,유형자산회전율,매출원가율,부채비율,유동비율,자기자본비율,당좌비율,비유동자산장기적합률,순운전자본비율,차입금의존도,현금비율,유형자산,무형자산,무형자산상각비,유형자산상각비,감가상각비,총자본영업이익률,총자본순이익률,유보액/납입자본비율,총자본투자효율
038460,바이오스마트,2021,Q1,0,0.43518011182968735,1.1288883859011323,,,,-0.3945290445624315,39.559754946811424,-0.19606652203456165,1.6476858541254094,0.7075772240488992,0.26251791985647516,0.26251791985647516,60.440245053188576,89.30649298941456,142.47422460937662,52.82438991967998,81.00551309860133,8.216452104927088,15.494682278946426,5.844994488298608,29.268050258501116,29691215018.0,10796235299.0,77624682.0,1360455060.0,1438079742.0,0.6601027205990231,-0.10357094410149213,881.7122762472744,-0.0010357094410149213
