stock_code,corp_name,year,quarter,label,총자산증가율,유동자산증가율,매출액증가율,순이익증가율,영업이익증가율,매출액순이익률,매출총이익률,자기자본순이익률,매출채권회전율,재고자산회전율,총자본회전율,유형자산회전율,매출원가율,부채비율,유동비율,자기자본비율,당좌비율,비유동자산장기적합률,순운전자본비율,차입금의존도,현금비율,유형자산,무형자산,무형자산상각비,유형자산상각비,감가상각비,총자본영업이익률,총자본순이익률,유보액/납입자본비율,총자본투자효율
038880,아이에이,2021,Q1,0,3.1707553111573867,0.4311894933826453,,,,23.096088679659125,26.578246819371635,4.24038142840924,1.4356665455981108,2.4583849471329318,0.13478226742985863,0.13478226742985863,73.42175318062837,36.217757748985186,117.90467125292257,73.41186762468566,97.32927006260664,515.3012501882595,3.502883227756544,11.448184788723296,27.490631422380485,29290192964.0,12517997547.0,,,,1.1779742390755918,3.1129432010055464,213.16537242371064,0.031129432010055465
