stock_code,corp_name,year,quarter,label,총자산증가율,유동자산증가율,매출액증가율,순이익증가율,영업이익증가율,매출액순이익률,매출총이익률,자기자본순이익률,매출채권회전율,재고자산회전율,총자본회전율,유형자산회전율,매출원가율,부채비율,유동비율,자기자본비율,당좌비율,비유동자산장기적합률,순운전자본비율,차입금의존도,현금비율,유형자산,무형자산,무형자산상각비,유형자산상각비,감가상각비,총자본영업이익률,총자본순이익률,유보액/납입자본비율,총자본투자효율
039420,케이엘넷,2021,Q1,0,10.0779110733871,29.95215855764596,,,,21.355199077018714,40.7823410544315,4.861062977295023,2.8257813805845258,,0.17959595257676292,0.17959595257676292,59.21765894556851,26.745070754936663,264.8440282569513,78.89853183588606,264.8440282569513,,26.014961322367952,0.0,65.311899896635,14584406895.0,1256822550.0,20220233.0,311009904.0,331230137.0,3.7656143741180435,3.8353073207035835,276.33821074381706,0.03980116495798548
