stock_code,corp_name,year,quarter,label,총자산증가율,유동자산증가율,매출액증가율,순이익증가율,영업이익증가율,매출액순이익률,매출총이익률,자기자본순이익률,매출채권회전율,재고자산회전율,총자본회전율,유형자산회전율,매출원가율,부채비율,유동비율,자기자본비율,당좌비율,비유동자산장기적합률,순운전자본비율,차입금의존도,현금비율,유형자산,무형자산,무형자산상각비,유형자산상각비,감가상각비,총자본영업이익률,총자본순이익률,유보액/납입자본비율,총자본투자효율
042370,비츠로테크,2021,Q1,0,4.298365333478152,8.803722196635672,,,,10.697149245698899,19.068258856970395,2.7871811537753857,0.8888008317260965,1.3092529577926,0.17591956186737287,0.17591956186737287,80.9317411430296,48.109531073126035,231.39866282500705,67.51759949238314,183.32871720317908,224.5264704868913,29.72533581269452,0.21223516632644648,58.90230016470219,146315097431.0,45929884079.0,791147858.0,3413299044.0,4204446902.0,1.6381969673653396,1.8818378085332488,1425.1543481761237,0.018818378085332488
