stock_code,corp_name,year,quarter,label,총자산증가율,유동자산증가율,매출액증가율,순이익증가율,영업이익증가율,매출액순이익률,매출총이익률,자기자본순이익률,매출채권회전율,재고자산회전율,총자본회전율,유형자산회전율,매출원가율,부채비율,유동비율,자기자본비율,당좌비율,비유동자산장기적합률,순운전자본비율,차입금의존도,현금비율,유형자산,무형자산,무형자산상각비,유형자산상각비,감가상각비,총자본영업이익률,총자본순이익률,유보액/납입자본비율,총자본투자효율
042600,새로닉스,2021,Q1,0,3.2191271047642154,8.95824717773218,,,,-1.9817234528960677,6.730416595425679,-1.1305438711284037,1.453005632536711,2.1980961506101084,0.3118678514032119,0.3118678514032119,93.26958340457432,82.92529437628112,122.5148488910321,54.66712536446596,80.81986874385831,90.67673252663954,7.145773144712467,17.43904120307181,8.720848396019456,34194121594.0,174507619.0,7064541.0,1139020605.0,1146085146.0,-0.22010310287886303,-0.6180358353300508,1114.0920065031207,-0.006180358353300508
