stock_code,corp_name,year,quarter,label,총자산증가율,유동자산증가율,매출액증가율,순이익증가율,영업이익증가율,매출액순이익률,매출총이익률,자기자본순이익률,매출채권회전율,재고자산회전율,총자본회전율,유형자산회전율,매출원가율,부채비율,유동비율,자기자본비율,당좌비율,비유동자산장기적합률,순운전자본비율,차입금의존도,현금비율,유형자산,무형자산,무형자산상각비,유형자산상각비,감가상각비,총자본영업이익률,총자본순이익률,유보액/납입자본비율,총자본투자효율
043260,성호전자,2021,Q1,0,15.917414182048633,22.383456048792898,,,,-0.7588847335958245,14.664979397857097,-0.29671887827434235,0.9766941783252147,1.0743968925069918,0.17887487821190523,0.17887487821190523,85.33502060214289,118.58482646135752,108.31632326326135,45.74882969641009,78.1914106224656,642.461584704,3.922089243829448,33.166639660818234,4.46636102500135,60154259530.0,4618997707.0,,,,0.04737571894046555,-0.13574541429882725,13.209757757757156,-0.0013574541429882726
