stock_code,corp_name,year,quarter,label,총자산증가율,유동자산증가율,매출액증가율,순이익증가율,영업이익증가율,매출액순이익률,매출총이익률,자기자본순이익률,매출채권회전율,재고자산회전율,총자본회전율,유형자산회전율,매출원가율,부채비율,유동비율,자기자본비율,당좌비율,비유동자산장기적합률,순운전자본비율,차입금의존도,현금비율,유형자산,무형자산,무형자산상각비,유형자산상각비,감가상각비,총자본영업이익률,총자본순이익률,유보액/납입자본비율,총자본투자효율
045300,성우테크론,2021,Q1,0,-2.0972941687781277,-8.412549551612457,,,,11.752250441290641,16.544888952658827,2.0780079332713055,1.9829746901320813,3.8399308692555145,0.12321742474495367,0.12321742474495367,83.45511104734116,43.500705346960906,158.34087449035437,69.68606862120753,148.47440578748765,,15.834809877811553,16.571696374674776,110.7396067262939,34269474000.0,157482576.0,587668.0,364426074.0,365013742.0,1.1438599068980713,1.448082034333578,757.5402375950137,0.014480820343335782
