stock_code,corp_name,year,quarter,label,총자산증가율,유동자산증가율,매출액증가율,순이익증가율,영업이익증가율,매출액순이익률,매출총이익률,자기자본순이익률,매출채권회전율,재고자산회전율,총자본회전율,유형자산회전율,매출원가율,부채비율,유동비율,자기자본비율,당좌비율,비유동자산장기적합률,순운전자본비율,차입금의존도,현금비율,유형자산,무형자산,무형자산상각비,유형자산상각비,감가상각비,총자본영업이익률,총자본순이익률,유보액/납입자본비율,총자본투자효율
049520,유아이엘,2021,Q1,0,-3.0160808759543785,-5.01336942683968,,,,-0.5730587353069426,3.492427399042676,-0.25031211099992823,2.7105354486155204,4.452069546225194,0.32413069254386107,0.32413069254386107,96.50757260095733,34.76048604877497,267.92682571946636,74.20572820122227,231.8657418892485,,32.719067122643054,4.845413460893791,136.4626572845326,79261106791.0,2105276396.0,,,,-0.48020771828084124,-0.1857459247433485,1336.5022532528474,-0.001857459247433485
