stock_code,corp_name,year,quarter,label,총자산증가율,유동자산증가율,매출액증가율,순이익증가율,영업이익증가율,매출액순이익률,매출총이익률,자기자본순이익률,매출채권회전율,재고자산회전율,총자본회전율,유형자산회전율,매출원가율,부채비율,유동비율,자기자본비율,당좌비율,비유동자산장기적합률,순운전자본비율,차입금의존도,현금비율,유형자산,무형자산,무형자산상각비,유형자산상각비,감가상각비,총자본영업이익률,총자본순이익률,유보액/납입자본비율,총자본투자효율
050110,캠시스,2021,Q1,0,1.966978044515788,3.2440221914691154,,,,-2.0545335489492236,3.8596195926963768,-2.458298231986648,3.0636925697178863,2.7558841269273193,0.4577013995150105,0.4577013995150105,96.14038040730362,161.42016900376578,119.97699992887317,38.252595574811785,89.9143751481225,,10.610369174517507,0.0,49.892233075627665,107074366265.0,2775904672.0,,,,-1.0975623362961062,-0.9403628807046008,-39.05426570990115,-0.009403628807046009
