stock_code,corp_name,year,quarter,label,총자산증가율,유동자산증가율,매출액증가율,순이익증가율,영업이익증가율,매출액순이익률,매출총이익률,자기자본순이익률,매출채권회전율,재고자산회전율,총자본회전율,유형자산회전율,매출원가율,부채비율,유동비율,자기자본비율,당좌비율,비유동자산장기적합률,순운전자본비율,차입금의존도,현금비율,유형자산,무형자산,무형자산상각비,유형자산상각비,감가상각비,총자본영업이익률,총자본순이익률,유보액/납입자본비율,총자본투자효율
051500,CJ프레시웨이,2021,Q1,0,-5.732225461495176,-11.078940238427567,,,,-0.8110989499864376,15.468509350399943,-1.645808395005789,2.816321381857016,4.627502211157105,0.5159287763008839,0.5159287763008839,84.53149064960006,293.29251616493985,77.160438667685,25.426367370301495,57.08387582436929,1254.1905233952027,-10.721610848350931,10.947027709020965,12.562377377344205,352463630917.0,82866950267.0,,,,0.29742611841634525,-0.4184692887254346,-115.70692388531742,-0.004184692887254346
