stock_code,corp_name,year,quarter,label,총자산증가율,유동자산증가율,매출액증가율,순이익증가율,영업이익증가율,매출액순이익률,매출총이익률,자기자본순이익률,매출채권회전율,재고자산회전율,총자본회전율,유형자산회전율,매출원가율,부채비율,유동비율,자기자본비율,당좌비율,비유동자산장기적합률,순운전자본비율,차입금의존도,현금비율,유형자산,무형자산,무형자산상각비,유형자산상각비,감가상각비,총자본영업이익률,총자본순이익률,유보액/납입자본비율,총자본투자효율
051780,큐로홀딩스,2021,Q1,0,0.005103478582932108,0.07493971050224271,,,,6.343263080097089,32.97401535463103,2.6686794969439327,4.725980650535344,0.6777175018018982,0.2673337696167545,0.2673337696167545,67.02598464536898,57.37287287332315,179.49760485905227,63.543352913494,72.29126138305952,7.9436177860930295,19.605678846834522,18.50373164459146,8.73626670626226,18241107611.0,931154428.0,,,,2.1240721168642303,1.6957684308731396,-22.376054935624595,0.016957684308731395
