stock_code,corp_name,year,quarter,label,총자산증가율,유동자산증가율,매출액증가율,순이익증가율,영업이익증가율,매출액순이익률,매출총이익률,자기자본순이익률,매출채권회전율,재고자산회전율,총자본회전율,유형자산회전율,매출원가율,부채비율,유동비율,자기자본비율,당좌비율,비유동자산장기적합률,순운전자본비율,차입금의존도,현금비율,유형자산,무형자산,무형자산상각비,유형자산상각비,감가상각비,총자본영업이익률,총자본순이익률,유보액/납입자본비율,총자본투자효율
052600,한네트,2021,Q1,0,-8.372219682878418,-9.736228340503768,,,,,,0.7575043556902225,,30.25436358351964,,,,45.88042113907457,247.78541846277386,68.5492948396861,246.67855482474317,8.703469279411765,41.9371207861242,18.15752507416722,211.4650933284533,9147281627.0,42810868.0,,,,0.5037859242623136,0.5192638942055552,,0.005192638942055552
