stock_code,corp_name,year,quarter,label,총자산증가율,유동자산증가율,매출액증가율,순이익증가율,영업이익증가율,매출액순이익률,매출총이익률,자기자본순이익률,매출채권회전율,재고자산회전율,총자본회전율,유형자산회전율,매출원가율,부채비율,유동비율,자기자본비율,당좌비율,비유동자산장기적합률,순운전자본비율,차입금의존도,현금비율,유형자산,무형자산,무형자산상각비,유형자산상각비,감가상각비,총자본영업이익률,총자본순이익률,유보액/납입자본비율,총자본투자효율
052710,아모텍,2021,Q1,0,-1.9445270423804877,-4.6528482297653255,,,,-3.0817649006253256,11.42826216488817,-0.9206946704736716,1.7898749412184205,0.6709612105426866,0.12846078291492855,0.12846078291492855,88.57173783511183,132.56564487368894,102.99007690341688,42.99861230763985,60.09704149438425,4.725032928872202,1.1821263395542132,27.880181613176497,29.369107800636197,175083190839.0,16712416020.0,,,,-0.7730679828934822,-0.3958859318940763,2586.2796822589553,-0.003958859318940763
