stock_code,corp_name,year,quarter,label,총자산증가율,유동자산증가율,매출액증가율,순이익증가율,영업이익증가율,매출액순이익률,매출총이익률,자기자본순이익률,매출채권회전율,재고자산회전율,총자본회전율,유형자산회전율,매출원가율,부채비율,유동비율,자기자본비율,당좌비율,비유동자산장기적합률,순운전자본비율,차입금의존도,현금비율,유형자산,무형자산,무형자산상각비,유형자산상각비,감가상각비,총자본영업이익률,총자본순이익률,유보액/납입자본비율,총자본투자효율
054040,한국컴퓨터,2021,Q1,0,-4.460896295465162,-7.137637685519232,,,,9.720164757185488,13.083320761496214,3.12569263444719,2.3247718968121247,4.244693306939256,0.24154705688919692,0.24154705688919692,86.91667923850379,33.128455283954665,375.5840203096537,75.11542125739103,343.1088868768597,18.791532157172966,41.97219155287583,7.244063643020553,203.6462265382084,27378064628.0,328539942.0,,,,1.9344796369627315,2.3478771895762502,1227.268980946769,0.0234787718957625
