stock_code,corp_name,year,quarter,label,총자산증가율,유동자산증가율,매출액증가율,순이익증가율,영업이익증가율,매출액순이익률,매출총이익률,자기자본순이익률,매출채권회전율,재고자산회전율,총자본회전율,유형자산회전율,매출원가율,부채비율,유동비율,자기자본비율,당좌비율,비유동자산장기적합률,순운전자본비율,차입금의존도,현금비율,유형자산,무형자산,무형자산상각비,유형자산상각비,감가상각비,총자본영업이익률,총자본순이익률,유보액/납입자본비율,총자본투자효율
054210,이랜텍,2021,Q1,0,9.605311494843594,13.225505381208071,,,,3.0378303990011633,8.245086571054609,2.813741992913728,1.9734377305234523,1.5982197186731957,0.32889065163196096,0.32889065163196096,91.7549134289454,181.62371241598748,93.03173418752232,35.50837361744938,61.07492875054812,,-4.117235653016689,32.78277674880839,15.065323997495462,162608429504.0,4791211540.0,,,,0.04625515934482951,0.9991140194748724,1254.3338966225815,0.009991140194748725
