stock_code,corp_name,year,quarter,label,총자산증가율,유동자산증가율,매출액증가율,순이익증가율,영업이익증가율,매출액순이익률,매출총이익률,자기자본순이익률,매출채권회전율,재고자산회전율,총자본회전율,유형자산회전율,매출원가율,부채비율,유동비율,자기자본비율,당좌비율,비유동자산장기적합률,순운전자본비율,차입금의존도,현금비율,유형자산,무형자산,무형자산상각비,유형자산상각비,감가상각비,총자본영업이익률,총자본순이익률,유보액/납입자본비율,총자본투자효율
054620,APS,2021,Q1,0,-0.08300863646918337,-7.8784505851220805,,,,14.034507265457098,59.77155448562533,0.5776234378962095,1.7689308564305875,2.2951174020646095,0.02507491810426096,0.02507491810426096,40.22844551437467,64.13761328451072,117.33911862477258,60.924487689889396,113.2391639415142,0.0,1.8587279511871928,30.76391683243502,57.09859904283081,25173032493.0,1201515212.0,,,,-0.7124049171586007,0.35191412031499214,7449.143909124121,0.0035191412031499213
