stock_code,corp_name,year,quarter,label,총자산증가율,유동자산증가율,매출액증가율,순이익증가율,영업이익증가율,매출액순이익률,매출총이익률,자기자본순이익률,매출채권회전율,재고자산회전율,총자본회전율,유형자산회전율,매출원가율,부채비율,유동비율,자기자본비율,당좌비율,비유동자산장기적합률,순운전자본비율,차입금의존도,현금비율,유형자산,무형자산,무형자산상각비,유형자산상각비,감가상각비,총자본영업이익률,총자본순이익률,유보액/납입자본비율,총자본투자효율
059100,아이컴포넌트,2021,Q1,0,2.7888169653124724,-0.8166798863268234,,,,11.069965125879019,16.466693469794127,3.5373644380693703,1.7942508676174473,1.5066072990025252,0.20240337279796455,0.20240337279796455,83.53330653020588,57.875888437165145,174.24262032531632,63.34089454058728,134.34115209049517,16.237019522,20.880541910774163,24.283470301927682,41.10970410511964,22435925448.0,53320000.0,,756830807.0,756830807.0,1.3586534151927518,2.2405982782337572,-8.6501919992759,0.022405982782337575
