stock_code,corp_name,year,quarter,label,총자산증가율,유동자산증가율,매출액증가율,순이익증가율,영업이익증가율,매출액순이익률,매출총이익률,자기자본순이익률,매출채권회전율,재고자산회전율,총자본회전율,유형자산회전율,매출원가율,부채비율,유동비율,자기자본비율,당좌비율,비유동자산장기적합률,순운전자본비율,차입금의존도,현금비율,유형자산,무형자산,무형자산상각비,유형자산상각비,감가상각비,총자본영업이익률,총자본순이익률,유보액/납입자본비율,총자본투자효율
060370,LS마린솔루션,2021,Q1,0,-1.1781829902343899,0.33314265549731525,,,,-3.9349425921055428,14.792389630357809,-0.2823181371929617,1.37788041249986,6.024370407677909,0.06331388990545657,0.06331388990545657,85.2076103696422,13.31864748597297,699.1006804953588,88.24672921760595,688.7050042973951,,51.60749570298735,0.0,520.9219293616809,42539989385.0,273028354.0,,,,-0.32827042279302365,-0.24913652206086218,314.7443415159817,-0.002491365220608622
