stock_code,corp_name,year,quarter,label,총자산증가율,유동자산증가율,매출액증가율,순이익증가율,영업이익증가율,매출액순이익률,매출총이익률,자기자본순이익률,매출채권회전율,재고자산회전율,총자본회전율,유형자산회전율,매출원가율,부채비율,유동비율,자기자본비율,당좌비율,비유동자산장기적합률,순운전자본비율,차입금의존도,현금비율,유형자산,무형자산,무형자산상각비,유형자산상각비,감가상각비,총자본영업이익률,총자본순이익률,유보액/납입자본비율,총자본투자효율
060720,KH바텍,2021,Q1,0,5.887230186214121,8.132216131600781,,,,8.672602307263865,14.231286603763186,1.8873362625818118,1.4001310425377036,0.9541582563583773,0.12489160442139913,0.12489160442139913,85.76871339623682,74.24752085862416,139.20774663557546,57.38962569294463,104.41462797078893,2.142186767795961,12.65086590337178,19.33941968603534,26.880090202226643,153682806620.0,10375658613.0,159411582.0,3345774810.0,3505186392.0,0.22284259417530458,1.083135216662912,1508.1029189398978,0.010831352166629121
