stock_code,corp_name,year,quarter,label,총자산증가율,유동자산증가율,매출액증가율,순이익증가율,영업이익증가율,매출액순이익률,매출총이익률,자기자본순이익률,매출채권회전율,재고자산회전율,총자본회전율,유형자산회전율,매출원가율,부채비율,유동비율,자기자본비율,당좌비율,비유동자산장기적합률,순운전자본비율,차입금의존도,현금비율,유형자산,무형자산,무형자산상각비,유형자산상각비,감가상각비,총자본영업이익률,총자본순이익률,유보액/납입자본비율,총자본투자효율
060900,에이전트AI,2021,Q1,0,-1.740421210682028,-13.334945229815121,,,,-38.95645735342643,44.4572625983772,-1.8816274047309691,0.30214113684315236,2.3222558537780063,0.022811178593322306,0.022811178593322306,55.5427374016228,111.74172610837101,65.27691504188877,47.227347126101755,64.06672816317155,,-15.654197237273662,2.8379313903152363,8.614297658087018,14536641759.0,322940105.0,,,,0.4527194058196191,-0.8886427060521543,91.27798045020572,-0.008886427060521543
