stock_code,corp_name,year,quarter,label,총자산증가율,유동자산증가율,매출액증가율,순이익증가율,영업이익증가율,매출액순이익률,매출총이익률,자기자본순이익률,매출채권회전율,재고자산회전율,총자본회전율,유형자산회전율,매출원가율,부채비율,유동비율,자기자본비율,당좌비율,비유동자산장기적합률,순운전자본비율,차입금의존도,현금비율,유형자산,무형자산,무형자산상각비,유형자산상각비,감가상각비,총자본영업이익률,총자본순이익률,유보액/납입자본비율,총자본투자효율
065150,대산F&B,2021,Q1,0,6.4452282945527735,2.4696486773294435,,,,121.5171005628961,36.2930914810268,37.31277279068985,5.244603157200704,14.030606282810622,0.221917268215668,0.221917268215668,63.70690851897321,38.36588568702822,317.3103022656126,72.27214967292693,312.44483959580725,,45.004647201197336,0.0,258.2885540293075,6346276130.0,271162693.0,,,,-5.476628961342396,26.966742998406517,,0.2696674299840652
