stock_code,corp_name,year,quarter,label,총자산증가율,유동자산증가율,매출액증가율,순이익증가율,영업이익증가율,매출액순이익률,매출총이익률,자기자본순이익률,매출채권회전율,재고자산회전율,총자본회전율,유형자산회전율,매출원가율,부채비율,유동비율,자기자본비율,당좌비율,비유동자산장기적합률,순운전자본비율,차입금의존도,현금비율,유형자산,무형자산,무형자산상각비,유형자산상각비,감가상각비,총자본영업이익률,총자본순이익률,유보액/납입자본비율,총자본투자효율
065170,비엘팜텍,2021,Q1,0,6.451946773058845,34.06516987262688,,,,-0.6300344724983648,26.5730584251945,-0.17570249708936148,2.3766508037569625,1.4746586348566477,0.1421452846284803,0.1421452846284803,73.42694157480551,96.19194091275072,124.82836309654255,50.970493250011415,98.97986762227741,0.095074963035687,6.798439178567279,16.119629129745825,53.787309989164115,48174124687.0,30777063826.0,92332449.0,765556272.0,857888721.0,0.18754085179322888,-0.0895564294190345,,-0.000895564294190345
