stock_code,corp_name,year,quarter,label,총자산증가율,유동자산증가율,매출액증가율,순이익증가율,영업이익증가율,매출액순이익률,매출총이익률,자기자본순이익률,매출채권회전율,재고자산회전율,총자본회전율,유형자산회전율,매출원가율,부채비율,유동비율,자기자본비율,당좌비율,비유동자산장기적합률,순운전자본비율,차입금의존도,현금비율,유형자산,무형자산,무형자산상각비,유형자산상각비,감가상각비,총자본영업이익률,총자본순이익률,유보액/납입자본비율,총자본투자효율
065530,와이어블,2021,Q1,0,-6.386660051369421,-17.778318054419724,,,,0.640817962069642,6.940919607585173,0.16440224259933547,0.40334747301096274,,0.12985352051763407,0.12985352051763407,93.05908039241483,97.56924147154601,84.7749564821868,50.6151662349739,84.7749564821868,26.25901445096296,-6.25856992166505,13.508263994397545,6.290066816345173,80474981923.0,4954175980.0,,,,0.08771908770048162,0.08321246838567871,205.8649961861521,0.0008321246838567871
