stock_code,corp_name,year,quarter,label,총자산증가율,유동자산증가율,매출액증가율,순이익증가율,영업이익증가율,매출액순이익률,매출총이익률,자기자본순이익률,매출채권회전율,재고자산회전율,총자본회전율,유형자산회전율,매출원가율,부채비율,유동비율,자기자본비율,당좌비율,비유동자산장기적합률,순운전자본비율,차입금의존도,현금비율,유형자산,무형자산,무형자산상각비,유형자산상각비,감가상각비,총자본영업이익률,총자본순이익률,유보액/납입자본비율,총자본투자효율
065680,우주일렉트로,2021,Q1,0,0.6215139360169877,0.42579181238998176,,,,7.940240860785569,25.061387791542533,2.029299823043683,1.6856156774217081,1.5804699792773658,0.1941743148413961,0.1941743148413961,74.93861220845747,31.619658459021483,252.09565058351137,75.97649254737586,213.37066626819995,,36.160691005688776,13.110747962148201,71.3722751601543,88017704734.0,5245502421.0,,,,2.1260850078775215,1.541790828818695,4458.982440312375,0.01541790828818695
