stock_code,corp_name,year,quarter,label,총자산증가율,유동자산증가율,매출액증가율,순이익증가율,영업이익증가율,매출액순이익률,매출총이익률,자기자본순이익률,매출채권회전율,재고자산회전율,총자본회전율,유형자산회전율,매출원가율,부채비율,유동비율,자기자본비율,당좌비율,비유동자산장기적합률,순운전자본비율,차입금의존도,현금비율,유형자산,무형자산,무형자산상각비,유형자산상각비,감가상각비,총자본영업이익률,총자본순이익률,유보액/납입자본비율,총자본투자효율
066410,버킷스튜디오,2021,Q1,0,122.8830773511318,10.973552735444441,,,,110.28390496809727,20.294215714474472,10.991555661812555,1.1192594812450534,1.15146714411401,0.043390331200680296,0.043390331200680296,79.70578428552552,129.69633359487256,84.6020500305639,43.53574061672888,72.78957978513922,2.54045273674,-3.9151953022372235,30.89546334442125,54.58440164285051,4262220832.0,2542406146.0,,,,0.006369297499417845,4.785255162670091,225.64635006015666,0.047852551626700914
