stock_code,corp_name,year,quarter,label,총자산증가율,유동자산증가율,매출액증가율,순이익증가율,영업이익증가율,매출액순이익률,매출총이익률,자기자본순이익률,매출채권회전율,재고자산회전율,총자본회전율,유형자산회전율,매출원가율,부채비율,유동비율,자기자본비율,당좌비율,비유동자산장기적합률,순운전자본비율,차입금의존도,현금비율,유형자산,무형자산,무형자산상각비,유형자산상각비,감가상각비,총자본영업이익률,총자본순이익률,유보액/납입자본비율,총자본투자효율
066670,디티씨,2021,Q1,0,8.172014730946508,20.892998130970895,,,,6.987757279854258,4.529922306076406,1.1674599816378566,1.7547427829270221,3.9571632557184957,0.13487752437551676,0.13487752437551676,95.4700776939236,23.86956295997308,265.31334624377274,80.73008220131831,246.35225685822252,,28.370534997918295,0.5466073368103612,91.67929171994517,47611148982.0,1791758044.0,,,,0.0953602873006965,0.9424914028437373,1622.8780168412893,0.009424914028437373
