stock_code,corp_name,year,quarter,label,총자산증가율,유동자산증가율,매출액증가율,순이익증가율,영업이익증가율,매출액순이익률,매출총이익률,자기자본순이익률,매출채권회전율,재고자산회전율,총자본회전율,유형자산회전율,매출원가율,부채비율,유동비율,자기자본비율,당좌비율,비유동자산장기적합률,순운전자본비율,차입금의존도,현금비율,유형자산,무형자산,무형자산상각비,유형자산상각비,감가상각비,총자본영업이익률,총자본순이익률,유보액/납입자본비율,총자본투자효율
069330,유아이디,2021,Q1,0,-5.474466768374818,-13.499954318108895,,,,4.177868113486702,12.895842505392668,6.748174734848779,3.0494654210087626,8.150942044430911,0.41766306698225714,0.41766306698225714,87.10415749460732,286.72791365317767,42.4282466461674,25.857973130349528,36.079775111478945,92.2706846752,-40.47598553428923,44.175196497276396,3.6598705502447744,23555023209.0,256321355.0,,,,2.443057065540348,1.7449412097262325,-118.79867263828304,0.017449412097262324
