stock_code,corp_name,year,quarter,label,총자산증가율,유동자산증가율,매출액증가율,순이익증가율,영업이익증가율,매출액순이익률,매출총이익률,자기자본순이익률,매출채권회전율,재고자산회전율,총자본회전율,유형자산회전율,매출원가율,부채비율,유동비율,자기자본비율,당좌비율,비유동자산장기적합률,순운전자본비율,차입금의존도,현금비율,유형자산,무형자산,무형자산상각비,유형자산상각비,감가상각비,총자본영업이익률,총자본순이익률,유보액/납입자본비율,총자본투자효율
073110,엘엠에스,2021,Q1,0,-2.6746800520389273,-4.921216877663298,,,,-3.1343580336057575,13.869772882356907,-0.734963778244718,1.1201723504070433,0.7398428870002874,0.11164099389192209,0.11164099389192209,86.1302271176431,110.03595120121,130.73739187081713,47.610896814613476,100.5704026317509,4.987661348038929,13.2426478200575,39.77752288021989,49.36998765680692,65766535496.0,3918990603.0,,,,-1.2929935565497357,-0.3499228460848773,1934.2883453951604,-0.003499228460848773
