stock_code,corp_name,year,quarter,label,총자산증가율,유동자산증가율,매출액증가율,순이익증가율,영업이익증가율,매출액순이익률,매출총이익률,자기자본순이익률,매출채권회전율,재고자산회전율,총자본회전율,유형자산회전율,매출원가율,부채비율,유동비율,자기자본비율,당좌비율,비유동자산장기적합률,순운전자본비율,차입금의존도,현금비율,유형자산,무형자산,무형자산상각비,유형자산상각비,감가상각비,총자본영업이익률,총자본순이익률,유보액/납입자본비율,총자본투자효율
078600,대주전자재료,2021,Q1,0,4.730872544994712,9.934455393965562,,,,10.842746419235986,22.932891285553303,5.418109281105046,1.3442814902244618,1.5560682850843983,0.21317657088916736,0.21317657088916736,77.0671087144467,134.40614217913543,106.02347382224728,42.66099815916046,74.40283582992426,3.8676700376012443,2.011204749124537,44.0914305903018,21.30100548035834,136946459548.0,1365507763.0,,,,2.3573545993320426,2.3114195006735256,760.1963766016358,0.023114195006735255
