stock_code,corp_name,year,quarter,label,총자산증가율,유동자산증가율,매출액증가율,순이익증가율,영업이익증가율,매출액순이익률,매출총이익률,자기자본순이익률,매출채권회전율,재고자산회전율,총자본회전율,유형자산회전율,매출원가율,부채비율,유동비율,자기자본비율,당좌비율,비유동자산장기적합률,순운전자본비율,차입금의존도,현금비율,유형자산,무형자산,무형자산상각비,유형자산상각비,감가상각비,총자본영업이익률,총자본순이익률,유보액/납입자본비율,총자본투자효율
080580,오킨스전자,2021,Q1,0,4.87619023155879,9.251529088970331,,,,1.24659902450039,20.741965062746573,0.44979138979763966,1.4000604422938945,1.0017141033784245,0.1835979954695093,0.1835979954695093,79.25803493725343,96.52437314337836,101.31056445280413,50.884273741986675,60.17468463988709,6.691773826847055,0.4628124584381818,37.1197361014079,14.62277950266167,27739563418.0,3840449332.0,107602363.0,1428640355.0,1536242718.0,0.2566011896903648,0.2288730820525173,261.03708900658836,0.002288730820525173
