stock_code,corp_name,year,quarter,label,총자산증가율,유동자산증가율,매출액증가율,순이익증가율,영업이익증가율,매출액순이익률,매출총이익률,자기자본순이익률,매출채권회전율,재고자산회전율,총자본회전율,유형자산회전율,매출원가율,부채비율,유동비율,자기자본비율,당좌비율,비유동자산장기적합률,순운전자본비율,차입금의존도,현금비율,유형자산,무형자산,무형자산상각비,유형자산상각비,감가상각비,총자본영업이익률,총자본순이익률,유보액/납입자본비율,총자본투자효율
084850,아이티엠반도체,2021,Q1,0,1.8489225698516225,-9.740587157281908,,,,1.8045217420318622,15.48311652754715,0.4579448038875915,1.5002626519604867,1.297771341652074,0.15126335268911822,0.15126335268911822,84.51688347245285,67.77115500965475,141.3103164886208,59.60500182182407,108.53064989825354,5.756058201502977,12.414607890477429,28.276730201016413,59.71277074563465,222318678796.0,3669079858.0,,,,-0.22775134619247706,0.2729580087001476,2333.154827928858,0.0027295800870014756
