stock_code,corp_name,year,quarter,label,총자산증가율,유동자산증가율,매출액증가율,순이익증가율,영업이익증가율,매출액순이익률,매출총이익률,자기자본순이익률,매출채권회전율,재고자산회전율,총자본회전율,유형자산회전율,매출원가율,부채비율,유동비율,자기자본비율,당좌비율,비유동자산장기적합률,순운전자본비율,차입금의존도,현금비율,유형자산,무형자산,무형자산상각비,유형자산상각비,감가상각비,총자본영업이익률,총자본순이익률,유보액/납입자본비율,총자본투자효율
085670,뉴프렉스,2021,Q1,0,-3.773740963021033,-13.899729982293566,,,,-3.6262045905858726,3.538216816377725,-3.0611469420984228,1.6787142844411937,2.4568702742385504,0.2546185482491373,0.2546185482491373,96.46178318362227,231.54450647221574,52.93118337318808,30.161863052428608,36.420722165214926,8.650769221306867,-28.49949551208767,40.779138832024366,6.290715338096032,86726406894.0,804980185.0,81583526.0,2032685002.0,2114268528.0,-1.568327339966834,-0.9232989485093324,11.479166540297808,-0.009232989485093324
