stock_code,corp_name,year,quarter,label,총자산증가율,유동자산증가율,매출액증가율,순이익증가율,영업이익증가율,매출액순이익률,매출총이익률,자기자본순이익률,매출채권회전율,재고자산회전율,총자본회전율,유형자산회전율,매출원가율,부채비율,유동비율,자기자본비율,당좌비율,비유동자산장기적합률,순운전자본비율,차입금의존도,현금비율,유형자산,무형자산,무형자산상각비,유형자산상각비,감가상각비,총자본영업이익률,총자본순이익률,유보액/납입자본비율,총자본투자효율
086520,에코프로,2021,Q1,0,9.310535980145286,14.607400268464247,,,,,14.515482152227335,,2.6698810737645933,0.844165968891309,0.18722321839608622,0.18722321839608622,85.48451784777266,3577.7343301617598,55.97333830450817,2.7190653544461334,30.766156652143096,,-33.11393547222969,0.0,8.65007003004121,731310008061.0,15223401157.0,,,,1.388443558731296,,2826.6831255646457,
