stock_code,corp_name,year,quarter,label,총자산증가율,유동자산증가율,매출액증가율,순이익증가율,영업이익증가율,매출액순이익률,매출총이익률,자기자본순이익률,매출채권회전율,재고자산회전율,총자본회전율,유형자산회전율,매출원가율,부채비율,유동비율,자기자본비율,당좌비율,비유동자산장기적합률,순운전자본비율,차입금의존도,현금비율,유형자산,무형자산,무형자산상각비,유형자산상각비,감가상각비,총자본영업이익률,총자본순이익률,유보액/납입자본비율,총자본투자효율
087600,픽셀플러스,2021,Q1,0,1.0831213078533495,-1.9080725676230925,,,,-11.152564060817642,20.550612447874425,-1.3191830761817256,11.345302096563874,0.8235571298598943,0.10748020718573155,0.10748020718573155,79.44938755212557,10.052990851368037,667.0921389214705,90.86531790404034,537.1337925402621,,45.24543497298176,0.0,269.7432895887054,13995045010.0,2382297337.0,135113709.0,190868426.0,325982135.0,-1.4795106852151667,-1.1986798959088238,2026.0103920403185,-0.011986798959088238
