stock_code,corp_name,year,quarter,label,총자산증가율,유동자산증가율,매출액증가율,순이익증가율,영업이익증가율,매출액순이익률,매출총이익률,자기자본순이익률,매출채권회전율,재고자산회전율,총자본회전율,유형자산회전율,매출원가율,부채비율,유동비율,자기자본비율,당좌비율,비유동자산장기적합률,순운전자본비율,차입금의존도,현금비율,유형자산,무형자산,무형자산상각비,유형자산상각비,감가상각비,총자본영업이익률,총자본순이익률,유보액/납입자본비율,총자본투자효율
091120,이엠텍,2021,Q1,0,4.816875119011675,12.630706506995232,,,,11.789306132539593,20.300134074856494,6.25041113643716,2.3496924641329078,1.9204122694304155,0.3474863056763863,0.3474863056763863,79.69986592514351,52.57474264220836,274.0849173490896,65.54164750223602,184.11406436811092,3.0947857701623738,27.903592467584126,18.1168219100374,81.63376591073201,97804139790.0,14727254212.0,,,,3.419768855845176,4.096622434484148,2288.27453583029,0.040966224344841484
