stock_code,corp_name,year,quarter,label,총자산증가율,유동자산증가율,매출액증가율,순이익증가율,영업이익증가율,매출액순이익률,매출총이익률,자기자본순이익률,매출채권회전율,재고자산회전율,총자본회전율,유형자산회전율,매출원가율,부채비율,유동비율,자기자본비율,당좌비율,비유동자산장기적합률,순운전자본비율,차입금의존도,현금비율,유형자산,무형자산,무형자산상각비,유형자산상각비,감가상각비,총자본영업이익률,총자본순이익률,유보액/납입자본비율,총자본투자효율
091340,S&K폴리텍,2021,Q1,0,13.12034503074912,23.665178088277923,,,,3.826952355603778,13.444070045281398,2.1438715904924157,2.130694919320052,1.4247494236029299,0.24318726631302504,0.24318726631302504,86.55592995471861,130.3588400521306,150.40430841973068,43.410532878777225,113.86363952334216,,20.379350320722374,0.0,74.78275582718273,84295118100.0,12689787563.0,1092384814.0,1830964528.0,2923349342.0,0.11111956090261847,0.9306660816694744,1512.4132348677826,0.009306660816694744
