stock_code,corp_name,year,quarter,label,총자산증가율,유동자산증가율,매출액증가율,순이익증가율,영업이익증가율,매출액순이익률,매출총이익률,자기자본순이익률,매출채권회전율,재고자산회전율,총자본회전율,유형자산회전율,매출원가율,부채비율,유동비율,자기자본비율,당좌비율,비유동자산장기적합률,순운전자본비율,차입금의존도,현금비율,유형자산,무형자산,무형자산상각비,유형자산상각비,감가상각비,총자본영업이익률,총자본순이익률,유보액/납입자본비율,총자본투자효율
091700,파트론,2021,Q1,0,10.3466746956617,16.267940389345135,,,,5.531443032822795,12.159475502798237,4.506529167066604,2.04166512495159,2.382481989995117,0.4982219994537347,0.4982219994537347,87.84052449720177,63.52375146757586,132.68275912903033,61.15319585230308,84.56987257986799,,12.478014734909943,14.875232266112222,8.688850560586431,263872837383.0,12799259202.0,,,,2.360119913116683,2.755886607677403,1377.1001856289956,0.02755886607677403
