stock_code,corp_name,year,quarter,label,총자산증가율,유동자산증가율,매출액증가율,순이익증가율,영업이익증가율,매출액순이익률,매출총이익률,자기자본순이익률,매출채권회전율,재고자산회전율,총자본회전율,유형자산회전율,매출원가율,부채비율,유동비율,자기자본비율,당좌비율,비유동자산장기적합률,순운전자본비율,차입금의존도,현금비율,유형자산,무형자산,무형자산상각비,유형자산상각비,감가상각비,총자본영업이익률,총자본순이익률,유보액/납입자본비율,총자본투자효율
092300,현우산업,2021,Q1,0,4.869063781726616,7.474448805572412,,,,0.3926299360169677,5.7302556361931005,0.2263171859079467,1.2533732189601772,1.667906543189473,0.2341759321659702,0.2341759321659702,94.2697443638069,146.14548127199598,139.60252022515,40.62638057917378,99.2032969414614,,12.974561340837711,0.0,26.17583348838273,93414829907.0,448447120.0,,,,0.05318260008385373,0.09194448126303867,876.3002925903519,0.0009194448126303866
