stock_code,corp_name,year,quarter,label,총자산증가율,유동자산증가율,매출액증가율,순이익증가율,영업이익증가율,매출액순이익률,매출총이익률,자기자본순이익률,매출채권회전율,재고자산회전율,총자본회전율,유형자산회전율,매출원가율,부채비율,유동비율,자기자본비율,당좌비율,비유동자산장기적합률,순운전자본비율,차입금의존도,현금비율,유형자산,무형자산,무형자산상각비,유형자산상각비,감가상각비,총자본영업이익률,총자본순이익률,유보액/납입자본비율,총자본투자효율
094820,일진파워,2021,Q1,0,-2.634132662127051,-3.9805642542980446,,,,10.484994583545527,14.988082515626555,3.7684002782202195,1.2238837707951953,,0.23395505689358603,0.23395505689358603,85.01191748437344,49.389040669841165,243.80522663190888,65.09439876914756,243.80522663190888,,31.163082290140515,0.0,144.407648318909,44225493792.0,1167063633.0,,,,2.433193591619367,2.4530175043223355,1249.7685867404166,0.024530175043223353
