stock_code,corp_name,year,quarter,label,총자산증가율,유동자산증가율,매출액증가율,순이익증가율,영업이익증가율,매출액순이익률,매출총이익률,자기자본순이익률,매출채권회전율,재고자산회전율,총자본회전율,유형자산회전율,매출원가율,부채비율,유동비율,자기자본비율,당좌비율,비유동자산장기적합률,순운전자본비율,차입금의존도,현금비율,유형자산,무형자산,무형자산상각비,유형자산상각비,감가상각비,총자본영업이익률,총자본순이익률,유보액/납입자본비율,총자본투자효율
094970,제이엠티,2021,Q1,0,4.334860665088926,5.845572119750071,,,,19.244593174782278,26.728086999541933,4.567963386188781,0.4757322850010244,4.989796315989173,0.11723673555136198,0.11723673555136198,73.27191300045807,102.46509543440034,165.23794588820607,49.39122952795608,161.59095815301205,,30.795297554836743,27.344553290052904,31.727009620077407,19269594985.0,1505849169.0,5877941.0,72792251.0,78670192.0,1.6447921375574204,2.2561732808254953,634.6427880183231,0.022561732808254954
