stock_code,corp_name,year,quarter,label,총자산증가율,유동자산증가율,매출액증가율,순이익증가율,영업이익증가율,매출액순이익률,매출총이익률,자기자본순이익률,매출채권회전율,재고자산회전율,총자본회전율,유형자산회전율,매출원가율,부채비율,유동비율,자기자본비율,당좌비율,비유동자산장기적합률,순운전자본비율,차입금의존도,현금비율,유형자산,무형자산,무형자산상각비,유형자산상각비,감가상각비,총자본영업이익률,총자본순이익률,유보액/납입자본비율,총자본투자효율
098120,마이크로컨텍솔,2021,Q1,0,-1.5120634646304718,-5.181894112056449,,,,16.42312680576223,23.012601459385788,4.960515544622542,1.58885418339973,2.022727944413082,0.2589323459720384,0.2589323459720384,76.98739854061421,16.649978374970438,542.1529122997424,85.72654825408608,453.35660865838855,,49.07339210543357,0.0,116.05950125761251,14632531783.0,514345719.0,,,,3.1440158912818332,4.2524787520122835,761.6501869774754,0.042524787520122835
