stock_code,corp_name,year,quarter,label,총자산증가율,유동자산증가율,매출액증가율,순이익증가율,영업이익증가율,매출액순이익률,매출총이익률,자기자본순이익률,매출채권회전율,재고자산회전율,총자본회전율,유형자산회전율,매출원가율,부채비율,유동비율,자기자본비율,당좌비율,비유동자산장기적합률,순운전자본비율,차입금의존도,현금비율,유형자산,무형자산,무형자산상각비,유형자산상각비,감가상각비,총자본영업이익률,총자본순이익률,유보액/납입자본비율,총자본투자효율
101160,월덱스,2021,Q1,0,7.539709241498183,8.608129099998155,,,,20.312765241152817,32.79539685764532,7.43087938179598,1.5971600179601313,0.725527769404296,0.23512833200611274,0.23512833200611274,67.20460314235469,55.58445380772603,251.72413876496282,64.27377385891121,169.86522508592878,78.45095331792945,40.368131529314454,15.877744170543892,110.61386365358898,54448886553.0,156066916.0,,,,5.533981368151334,4.776106609584008,,0.04776106609584008
