stock_code,corp_name,year,quarter,label,총자산증가율,유동자산증가율,매출액증가율,순이익증가율,영업이익증가율,매출액순이익률,매출총이익률,자기자본순이익률,매출채권회전율,재고자산회전율,총자본회전율,유형자산회전율,매출원가율,부채비율,유동비율,자기자본비율,당좌비율,비유동자산장기적합률,순운전자본비율,차입금의존도,현금비율,유형자산,무형자산,무형자산상각비,유형자산상각비,감가상각비,총자본영업이익률,총자본순이익률,유보액/납입자본비율,총자본투자효율
101490,에스앤에스텍,2021,Q1,0,3.986697435369848,-0.013864830037652322,,,,14.260168949247978,26.037371868617527,2.1213360507055903,1.4468621461126443,1.01514783682476,0.1279420827102352,0.1279420827102352,73.96262813138247,16.2709940763376,450.3196205930324,86.00597319598481,363.435765197776,,37.58563006896373,4.191881888216208,169.19101309459276,85104356826.0,4198641443.0,215699808.0,1882008876.0,2097708684.0,1.5962974051662953,1.8244757151666129,496.6808828420759,0.018244757151666128
