stock_code,corp_name,year,quarter,label,총자산증가율,유동자산증가율,매출액증가율,순이익증가율,영업이익증가율,매출액순이익률,매출총이익률,자기자본순이익률,매출채권회전율,재고자산회전율,총자본회전율,유형자산회전율,매출원가율,부채비율,유동비율,자기자본비율,당좌비율,비유동자산장기적합률,순운전자본비율,차입금의존도,현금비율,유형자산,무형자산,무형자산상각비,유형자산상각비,감가상각비,총자본영업이익률,총자본순이익률,유보액/납입자본비율,총자본투자효율
105550,엣지파운드리,2021,Q1,0,6.251240964324216,-15.125176679120528,,,,-29.70740828381759,13.060365677950575,-4.7121722268104875,0.8563013865018378,1.3666710441025127,0.08027249535010553,0.08027249535010553,86.93963432204941,97.60122226471476,127.13850430550366,50.606974417413205,110.860013596967,3.380911165817374,8.513190512417564,43.92510789591782,11.327245061347892,22609132572.0,5411185219.0,,,,-0.7437209833483459,-2.3846877933264334,494.8870321258485,-0.023846877933264336
