stock_code,corp_name,year,quarter,label,총자산증가율,유동자산증가율,매출액증가율,순이익증가율,영업이익증가율,매출액순이익률,매출총이익률,자기자본순이익률,매출채권회전율,재고자산회전율,총자본회전율,유형자산회전율,매출원가율,부채비율,유동비율,자기자본비율,당좌비율,비유동자산장기적합률,순운전자본비율,차입금의존도,현금비율,유형자산,무형자산,무형자산상각비,유형자산상각비,감가상각비,총자본영업이익률,총자본순이익률,유보액/납입자본비율,총자본투자효율
106080,케이이엠텍,2021,Q1,0,14.686645031718184,28.297472957242263,,,,-47.34716765993057,-30.328963087996925,-16.072692110746267,0.356116374581811,2.2433529550905273,0.12106349626763326,0.12106349626763326,130.32896308799693,180.40219506347825,100.32690918955845,35.663058906283425,88.45071918389782,,0.1936005272010899,0.0,17.52161041326108,7068224248.0,603152000.0,,,,-6.24234799588175,-5.73201365528101,-30.9161264776887,-0.0573201365528101
