stock_code,corp_name,year,quarter,label,총자산증가율,유동자산증가율,매출액증가율,순이익증가율,영업이익증가율,매출액순이익률,매출총이익률,자기자본순이익률,매출채권회전율,재고자산회전율,총자본회전율,유형자산회전율,매출원가율,부채비율,유동비율,자기자본비율,당좌비율,비유동자산장기적합률,순운전자본비율,차입금의존도,현금비율,유형자산,무형자산,무형자산상각비,유형자산상각비,감가상각비,총자본영업이익률,총자본순이익률,유보액/납입자본비율,총자본투자효율
106240,파인테크닉스,2021,Q1,0,11.640120691915131,8.841849494610184,,,,3.580976890520825,25.81297539103718,1.2310660136428833,1.1570662388894752,1.1295737918170172,0.19921562248791816,0.19921562248791816,74.18702460896282,72.56647609607558,107.8625020000525,57.94868288573354,73.21393990653735,,2.9690143144705345,0.0,12.795498698883485,38184636909.0,3621389891.0,111692426.0,1773701525.0,1885393951.0,0.5875966358756998,0.7133865403599556,189.94222879400547,0.007133865403599556
