stock_code,corp_name,year,quarter,label,총자산증가율,유동자산증가율,매출액증가율,순이익증가율,영업이익증가율,매출액순이익률,매출총이익률,자기자본순이익률,매출채권회전율,재고자산회전율,총자본회전율,유형자산회전율,매출원가율,부채비율,유동비율,자기자본비율,당좌비율,비유동자산장기적합률,순운전자본비율,차입금의존도,현금비율,유형자산,무형자산,무형자산상각비,유형자산상각비,감가상각비,총자본영업이익률,총자본순이익률,유보액/납입자본비율,총자본투자효율
115310,인포바인,2021,Q1,0,0.14447647186490742,-0.5262470452712523,,,,43.61531096745728,,2.373143451514929,1.6108736560551846,,0.05184371634357986,0.05184371634357986,,4.951558517558498,2319.2082780897213,95.28205337062232,2319.2082780897213,,74.5581753860211,0.0,939.5918512098199,2039623921.0,1101595957.0,,,,2.4447187150333574,2.261179810033883,6268.1655478136845,0.02261179810033883
