stock_code,corp_name,year,quarter,label,총자산증가율,유동자산증가율,매출액증가율,순이익증가율,영업이익증가율,매출액순이익률,매출총이익률,자기자본순이익률,매출채권회전율,재고자산회전율,총자본회전율,유형자산회전율,매출원가율,부채비율,유동비율,자기자본비율,당좌비율,비유동자산장기적합률,순운전자본비율,차입금의존도,현금비율,유형자산,무형자산,무형자산상각비,유형자산상각비,감가상각비,총자본영업이익률,총자본순이익률,유보액/납입자본비율,총자본투자효율
115530,씨엔플러스,2021,Q1,0,48.495684045130865,61.35974581489979,,,,-20.346696008388037,7.30677499758212,-17.94575133621932,0.4343683286262083,1.481935662968091,0.19928739021350314,0.19928739021350314,92.69322500241788,342.5760713339343,100.60305815023402,22.594985693329,83.20348427152372,897.7499403839962,0.43203510983217996,13.479959115090795,6.181305694388427,5172689364.0,3241774436.0,,,,-1.2978014906628694,-4.054839946979154,-28.788939402464607,-0.04054839946979154
