stock_code,corp_name,year,quarter,label,총자산증가율,유동자산증가율,매출액증가율,순이익증가율,영업이익증가율,매출액순이익률,매출총이익률,자기자본순이익률,매출채권회전율,재고자산회전율,총자본회전율,유형자산회전율,매출원가율,부채비율,유동비율,자기자본비율,당좌비율,비유동자산장기적합률,순운전자본비율,차입금의존도,현금비율,유형자산,무형자산,무형자산상각비,유형자산상각비,감가상각비,총자본영업이익률,총자본순이익률,유보액/납입자본비율,총자본투자효율
121890,에스디시스템,2021,Q1,0,-23.770199903845253,-33.46767561803198,,,,2.081870097038132,17.195677620596133,1.393651005147545,2.2448754972160523,2.203541480228884,0.43675265292093624,0.43675265292093624,82.80432237940386,53.272716098060144,175.15980779909657,65.24318387887277,122.07042019579842,,23.235138955476913,0.0,25.26521698637888,2692390010.0,99519605.0,8810863.0,79855836.0,88666699.0,0.3955900754079891,0.9092622879181713,-336.43344509428465,0.009092622879181713
