stock_code,corp_name,year,quarter,label,총자산증가율,유동자산증가율,매출액증가율,순이익증가율,영업이익증가율,매출액순이익률,매출총이익률,자기자본순이익률,매출채권회전율,재고자산회전율,총자본회전율,유형자산회전율,매출원가율,부채비율,유동비율,자기자본비율,당좌비율,비유동자산장기적합률,순운전자본비율,차입금의존도,현금비율,유형자산,무형자산,무형자산상각비,유형자산상각비,감가상각비,총자본영업이익률,총자본순이익률,유보액/납입자본비율,총자본투자효율
122990,와이솔,2021,Q1,0,-3.490888182529516,-7.890290393053129,,,,7.526965493795422,13.922900323663889,2.0426495080305567,2.4360874393766556,1.48987864854472,0.22581176415985696,0.22581176415985696,86.0770996763361,20.17866212719785,252.62334891398294,83.20944686017503,170.1634597470343,,24.146907844161518,3.03875798689727,63.27185601030476,218827696202.0,6348560526.0,,,,0.9878086571657813,1.699677356924313,2350.528884024698,0.01699677356924313
