stock_code,corp_name,year,quarter,label,총자산증가율,유동자산증가율,매출액증가율,순이익증가율,영업이익증가율,매출액순이익률,매출총이익률,자기자본순이익률,매출채권회전율,재고자산회전율,총자본회전율,유형자산회전율,매출원가율,부채비율,유동비율,자기자본비율,당좌비율,비유동자산장기적합률,순운전자본비율,차입금의존도,현금비율,유형자산,무형자산,무형자산상각비,유형자산상각비,감가상각비,총자본영업이익률,총자본순이익률,유보액/납입자본비율,총자본투자효율
125210,아모그린텍,2021,Q1,0,-3.385364323702475,-3.1791372363037564,,,,,16.684118673711648,,1.6031606069714857,1.4768300909226684,0.2982829454294105,0.2982829454294105,83.31588132628835,156.04760358438173,133.2286006099407,39.055237619923474,96.3882583657133,7.484515648197392,15.177983578980726,26.456057355469543,34.85321429928661,30176206658.0,6408059397.0,,,,0.809169300124034,,,
