stock_code,corp_name,year,quarter,label,총자산증가율,유동자산증가율,매출액증가율,순이익증가율,영업이익증가율,매출액순이익률,매출총이익률,자기자본순이익률,매출채권회전율,재고자산회전율,총자본회전율,유형자산회전율,매출원가율,부채비율,유동비율,자기자본비율,당좌비율,비유동자산장기적합률,순운전자본비율,차입금의존도,현금비율,유형자산,무형자산,무형자산상각비,유형자산상각비,감가상각비,총자본영업이익률,총자본순이익률,유보액/납입자본비율,총자본투자효율
131400,이브이첨단소재,2021,Q1,0,12.205792641578086,-48.64974883430895,,,,50.10933819405601,20.449156689656302,15.359625791678411,1.4525033973744437,2.822589269367221,0.15992123826522653,0.15992123826522653,79.5508433103437,91.67074206664962,53.01279221995463,52.1728036954263,42.84774029641175,,-20.83402984911287,0.0,11.02197636197373,48883288428.0,561842576.0,18805562.0,770305612.0,789111174.0,0.8816432209479126,8.013547412644446,314.25716458117137,0.08013547412644446
