stock_code,corp_name,year,quarter,label,총자산증가율,유동자산증가율,매출액증가율,순이익증가율,영업이익증가율,매출액순이익률,매출총이익률,자기자본순이익률,매출채권회전율,재고자산회전율,총자본회전율,유형자산회전율,매출원가율,부채비율,유동비율,자기자본비율,당좌비율,비유동자산장기적합률,순운전자본비율,차입금의존도,현금비율,유형자산,무형자산,무형자산상각비,유형자산상각비,감가상각비,총자본영업이익률,총자본순이익률,유보액/납입자본비율,총자본투자효율
148150,세경하이테크,2021,Q1,0,0.38802885580851376,-5.142118212590971,,,,,,0.38837019909609705,,2.3503671320416575,,,,58.22093146389172,112.31584728073678,63.20276279173683,87.17931684718627,5384.678045563849,3.9376133518616006,7.388620604741479,30.127866530031117,114704854292.0,1422258525.0,90062072.0,4928529631.0,5018591703.0,-1.4198473562204077,0.2454606956885023,,0.002454606956885023
