stock_code,corp_name,year,quarter,label,총자산증가율,유동자산증가율,매출액증가율,순이익증가율,영업이익증가율,매출액순이익률,매출총이익률,자기자본순이익률,매출채권회전율,재고자산회전율,총자본회전율,유형자산회전율,매출원가율,부채비율,유동비율,자기자본비율,당좌비율,비유동자산장기적합률,순운전자본비율,차입금의존도,현금비율,유형자산,무형자산,무형자산상각비,유형자산상각비,감가상각비,총자본영업이익률,총자본순이익률,유보액/납입자본비율,총자본투자효율
148250,알엔투테크놀로지,2021,Q1,0,36.94861631227994,78.8298464297155,,,,1.806226347142726,45.61884567212805,0.3037738675881134,1.4104414966298995,0.5777322447367448,0.08947650562941807,0.08947650562941807,54.38115432787195,87.961638655901,332.1082098216063,53.202345284437925,286.03153664385223,,42.4267941624254,0.0,19.011501821978687,26859879377.0,968561782.0,,,,0.7973461872906173,0.16161482191811935,1022.2055261205927,0.0016161482191811936
