stock_code,corp_name,year,quarter,label,총자산증가율,유동자산증가율,매출액증가율,순이익증가율,영업이익증가율,매출액순이익률,매출총이익률,자기자본순이익률,매출채권회전율,재고자산회전율,총자본회전율,유형자산회전율,매출원가율,부채비율,유동비율,자기자본비율,당좌비율,비유동자산장기적합률,순운전자본비율,차입금의존도,현금비율,유형자산,무형자산,무형자산상각비,유형자산상각비,감가상각비,총자본영업이익률,총자본순이익률,유보액/납입자본비율,총자본투자효율
154040,다산솔루에타,2021,Q1,0,13.121486200402904,15.896516334444769,,,,-1.0082431684702762,16.065842470986542,-0.6430708920247917,0.9932910446383681,0.9459397429730767,0.16139529527284888,0.16139529527284888,83.93415752901345,295.18703971361845,82.5356142165522,25.30447356585058,61.82180152703373,7.239831525725191,-12.074228919197934,25.78541480457794,21.202847477039764,56213872750.0,2589021103.0,,,,-0.4373263078204206,-0.16272570388209293,170.5225499466647,-0.0016272570388209293
