stock_code,corp_name,year,quarter,label,총자산증가율,유동자산증가율,매출액증가율,순이익증가율,영업이익증가율,매출액순이익률,매출총이익률,자기자본순이익률,매출채권회전율,재고자산회전율,총자본회전율,유형자산회전율,매출원가율,부채비율,유동비율,자기자본비율,당좌비율,비유동자산장기적합률,순운전자본비율,차입금의존도,현금비율,유형자산,무형자산,무형자산상각비,유형자산상각비,감가상각비,총자본영업이익률,총자본순이익률,유보액/납입자본비율,총자본투자효율
155650,와이엠씨,2021,Q1,0,2.301667699203267,4.289318195922123,,,,5.31612482328744,15.55878527442848,1.6423381887801034,3.183134262348865,1.802533776778993,0.23340926107260404,0.23340926107260404,84.44121472557153,32.357738509030355,255.36254054672617,75.55281702941556,209.33767883012172,31.567086853752446,36.90990832199424,1.2460071266212658,71.85222229945681,37303306276.0,5033744168.0,,,,1.138611030203206,1.240832766773249,722.7723450836316,0.012408327667732491
