stock_code,corp_name,year,quarter,label,총자산증가율,유동자산증가율,매출액증가율,순이익증가율,영업이익증가율,매출액순이익률,매출총이익률,자기자본순이익률,매출채권회전율,재고자산회전율,총자본회전율,유형자산회전율,매출원가율,부채비율,유동비율,자기자본비율,당좌비율,비유동자산장기적합률,순운전자본비율,차입금의존도,현금비율,유형자산,무형자산,무형자산상각비,유형자산상각비,감가상각비,총자본영업이익률,총자본순이익률,유보액/납입자본비율,총자본투자효율
177830,파버나인,2021,Q1,0,0.45916329530896244,2.3905339494584723,,,,9.164379556266557,14.987395708455656,4.797661602660736,2.159230688947726,2.1012620304444245,0.2613892672685981,0.2613892672685981,85.01260429154435,100.2805581789961,102.02222699614312,49.92995870853691,73.97818712282364,6.191377746906956,0.7625708271199617,27.379542147733915,17.832975290788116,68736397110.0,4099935907.0,70780763.0,2012281731.0,2083062494.0,1.9308134567082142,2.3954704571838357,915.6722744017198,0.023954704571838358
