stock_code,corp_name,year,quarter,label,총자산증가율,유동자산증가율,매출액증가율,순이익증가율,영업이익증가율,매출액순이익률,매출총이익률,자기자본순이익률,매출채권회전율,재고자산회전율,총자본회전율,유형자산회전율,매출원가율,부채비율,유동비율,자기자본비율,당좌비율,비유동자산장기적합률,순운전자본비율,차입금의존도,현금비율,유형자산,무형자산,무형자산상각비,유형자산상각비,감가상각비,총자본영업이익률,총자본순이익률,유보액/납입자본비율,총자본투자효율
190510,나무가,2021,Q1,0,7.790870936863982,14.43749138801608,,,,5.92598796782042,7.5216348356856075,20.256914683457694,3.4348009458780226,4.815656482160478,0.8506857836526737,0.8506857836526737,92.4783651643144,301.8309263182299,74.72838938056614,24.886088513955002,51.9196021189122,367.470480388,-18.10024886122642,0.12647926026730838,11.462011712225726,88442518112.0,1444312251.0,,,,3.9547965625665595,5.041153718321629,1220.3901114817736,0.050411537183216296
