stock_code,corp_name,year,quarter,label,총자산증가율,유동자산증가율,매출액증가율,순이익증가율,영업이익증가율,매출액순이익률,매출총이익률,자기자본순이익률,매출채권회전율,재고자산회전율,총자본회전율,유형자산회전율,매출원가율,부채비율,유동비율,자기자본비율,당좌비율,비유동자산장기적합률,순운전자본비율,차입금의존도,현금비율,유형자산,무형자산,무형자산상각비,유형자산상각비,감가상각비,총자본영업이익률,총자본순이익률,유보액/납입자본비율,총자본투자효율
191410,육일씨엔에쓰,2021,Q1,0,-7.0521249434031406,-21.906645522727626,,,,-7.933477378297317,2.523540480723552,-5.905933620504778,1.997187959095518,0.9951155999232385,0.16649184810645776,0.16649184810645776,97.47645951927645,347.12813643392144,41.298221617715114,22.364953544984175,19.62157486077306,51.9947122382645,-44.16501114105647,52.6313836349252,5.968015766522141,44456007644.0,334734490.0,,,,-2.2969763904628855,-1.3208593106234956,-234.64106183798904,-0.013208593106234956
