stock_code,corp_name,year,quarter,label,총자산증가율,유동자산증가율,매출액증가율,순이익증가율,영업이익증가율,매출액순이익률,매출총이익률,자기자본순이익률,매출채권회전율,재고자산회전율,총자본회전율,유형자산회전율,매출원가율,부채비율,유동비율,자기자본비율,당좌비율,비유동자산장기적합률,순운전자본비율,차입금의존도,현금비율,유형자산,무형자산,무형자산상각비,유형자산상각비,감가상각비,총자본영업이익률,총자본순이익률,유보액/납입자본비율,총자본투자효율
193250,링크드,2021,Q1,0,1.8569865758203212,-9.703031059759027,,,,-11.755649493826411,21.0527989246593,-2.080923324565724,1.8797873005114492,1.7910451001098877,0.13933092184604687,0.13933092184604687,78.9472010753407,27.04627584495069,200.58225189195645,78.71147684961785,165.1618610606278,,17.439969931822493,0.0,98.53237748954066,14998451091.0,1797922496.0,,,,-0.9186380556912683,-1.6379254808738481,-454.6743588661545,-0.016379254808738482
