stock_code,corp_name,year,quarter,label,총자산증가율,유동자산증가율,매출액증가율,순이익증가율,영업이익증가율,매출액순이익률,매출총이익률,자기자본순이익률,매출채권회전율,재고자산회전율,총자본회전율,유형자산회전율,매출원가율,부채비율,유동비율,자기자본비율,당좌비율,비유동자산장기적합률,순운전자본비율,차입금의존도,현금비율,유형자산,무형자산,무형자산상각비,유형자산상각비,감가상각비,총자본영업이익률,총자본순이익률,유보액/납입자본비율,총자본투자효율
198080,캐프,2021,Q1,0,18.379760572227994,30.256153291470085,,,,3.067020879895098,12.181635454515531,2.1753301076931764,2.4830936513866932,1.4875419906597709,0.293741488672014,0.293741488672014,87.81836454548447,141.45886040971428,136.8782305088707,41.41492253807425,99.94240233473761,0.2780371009270362,17.314248081459326,40.967631153224524,66.83847932057857,57403219176.0,6571698393.0,,,,0.41915367907274625,0.9009112790485363,747.1864064970883,0.009009112790485363
