stock_code,corp_name,year,quarter,label,총자산증가율,유동자산증가율,매출액증가율,순이익증가율,영업이익증가율,매출액순이익률,매출총이익률,자기자본순이익률,매출채권회전율,재고자산회전율,총자본회전율,유형자산회전율,매출원가율,부채비율,유동비율,자기자본비율,당좌비율,비유동자산장기적합률,순운전자본비율,차입금의존도,현금비율,유형자산,무형자산,무형자산상각비,유형자산상각비,감가상각비,총자본영업이익률,총자본순이익률,유보액/납입자본비율,총자본투자효율
204270,제이앤티씨,2021,Q1,0,7.108003656419055,-14.168692664769605,,,,13.71666838295752,21.42865469649004,2.5387091214478748,1.5506233093667312,2.3968492257136513,0.1281510065349292,0.1281510065349292,78.57134530350997,44.424968881460146,196.28392236608957,69.24010493093968,176.2063877689693,31.780367176863148,20.146002634703443,11.90238940223558,126.25836789787206,290272282413.0,262271103.0,,,,1.3471576435040016,1.7578048595818456,1368.96265805216,0.017578048595818456
