stock_code,corp_name,year,quarter,label,총자산증가율,유동자산증가율,매출액증가율,순이익증가율,영업이익증가율,매출액순이익률,매출총이익률,자기자본순이익률,매출채권회전율,재고자산회전율,총자본회전율,유형자산회전율,매출원가율,부채비율,유동비율,자기자본비율,당좌비율,비유동자산장기적합률,순운전자본비율,차입금의존도,현금비율,유형자산,무형자산,무형자산상각비,유형자산상각비,감가상각비,총자본영업이익률,총자본순이익률,유보액/납입자본비율,총자본투자효율
208710,포톤,2021,Q1,0,-2.5117201724849325,-0.8100731834623642,,,,-19.877464035015326,0.7527922518590171,-10.653279295496137,0.8537020640703769,12.898331641697721,0.18864079800397288,0.18864079800397288,99.24720774814098,184.11012533337725,92.81287033384771,35.19761919173389,89.12162608277423,18.105212602183567,-2.8262012184887912,20.903314399354695,7.386724192431313,46893165621.0,416090457.0,,,,-2.4106114332455424,-3.7497006778605617,1206.1706923249903,-0.03749700677860562
