stock_code,corp_name,year,quarter,label,총자산증가율,유동자산증가율,매출액증가율,순이익증가율,영업이익증가율,매출액순이익률,매출총이익률,자기자본순이익률,매출채권회전율,재고자산회전율,총자본회전율,유형자산회전율,매출원가율,부채비율,유동비율,자기자본비율,당좌비율,비유동자산장기적합률,순운전자본비율,차입금의존도,현금비율,유형자산,무형자산,무형자산상각비,유형자산상각비,감가상각비,총자본영업이익률,총자본순이익률,유보액/납입자본비율,총자본투자효율
213420,덕산네오룩스,2021,Q1,0,5.609376163643092,11.849188280612925,,,,28.71393229114342,35.765602499302354,5.98059938683437,2.213649636652042,0.9119988767404115,0.1830284321272197,0.1830284321272197,64.23439750069765,13.797698973803833,532.2178124995913,87.87523904417431,374.80272676831595,,35.39551386404965,0.428624021070079,261.60687966942305,74535398371.0,36468226798.0,,,,4.952204634478854,5.255466007455125,2210.0970147370185,0.05255466007455125
