stock_code,corp_name,year,quarter,label,총자산증가율,유동자산증가율,매출액증가율,순이익증가율,영업이익증가율,매출액순이익률,매출총이익률,자기자본순이익률,매출채권회전율,재고자산회전율,총자본회전율,유형자산회전율,매출원가율,부채비율,유동비율,자기자본비율,당좌비율,비유동자산장기적합률,순운전자본비율,차입금의존도,현금비율,유형자산,무형자산,무형자산상각비,유형자산상각비,감가상각비,총자본영업이익률,총자본순이익률,유보액/납입자본비율,총자본투자효율
214430,아이쓰리시스템,2021,Q1,0,-4.173406028936042,-10.802770742260789,,,,-0.8865069124701128,6.385289388597171,-0.22347800992025513,3.6609785736436398,0.6008956511829675,0.15708374889979057,0.15708374889979057,93.61471061140283,60.48018323233417,207.89478851178754,62.31298967002401,121.79751567431114,12.564792199830022,30.668135149269954,3.2557445082935677,35.45961987270052,35645898675.0,309829560.0,21319146.0,1549438774.0,1570757920.0,-0.8874379157205603,-0.1392558292363838,1226.0551842677048,-0.0013925582923638381
