stock_code,corp_name,year,quarter,label,총자산증가율,유동자산증가율,매출액증가율,순이익증가율,영업이익증가율,매출액순이익률,매출총이익률,자기자본순이익률,매출채권회전율,재고자산회전율,총자본회전율,유형자산회전율,매출원가율,부채비율,유동비율,자기자본비율,당좌비율,비유동자산장기적합률,순운전자본비율,차입금의존도,현금비율,유형자산,무형자산,무형자산상각비,유형자산상각비,감가상각비,총자본영업이익률,총자본순이익률,유보액/납입자본비율,총자본투자효율
219130,타이거일렉,2021,Q1,0,1.7302522980825203,-7.261417542205345,,,,,,1.2882536512233949,,1.1361360247504524,,,,41.826904225386656,115.50886819021832,70.50848394821006,68.86707195081554,,4.203935550914389,17.315026130463924,26.55509969274711,37392077548.0,535557101.0,,,,0.19424203516300453,0.9083281188850773,1447.7647198972488,0.009083281188850772
