stock_code,corp_name,year,quarter,label,총자산증가율,유동자산증가율,매출액증가율,순이익증가율,영업이익증가율,매출액순이익률,매출총이익률,자기자본순이익률,매출채권회전율,재고자산회전율,총자본회전율,유형자산회전율,매출원가율,부채비율,유동비율,자기자본비율,당좌비율,비유동자산장기적합률,순운전자본비율,차입금의존도,현금비율,유형자산,무형자산,무형자산상각비,유형자산상각비,감가상각비,총자본영업이익률,총자본순이익률,유보액/납입자본비율,총자본투자효율
222800,심텍,2021,Q1,0,1.0309791358494407,10.114090650808336,,,,,13.906688411461138,,3.7638187218124806,1.970194337883722,0.3593351048164165,0.3593351048164165,86.09331158853885,175.45410789939996,66.31573944978933,36.30368803086485,28.833201819088117,15.903483771829118,-14.111007613428484,15.461375160202252,4.220577674805312,503321644525.0,22673474240.0,262815147.0,21683538990.0,21946354137.0,1.9438346094434344,,1537.4498790986518,
