stock_code,corp_name,year,quarter,label,총자산증가율,유동자산증가율,매출액증가율,순이익증가율,영업이익증가율,매출액순이익률,매출총이익률,자기자본순이익률,매출채권회전율,재고자산회전율,총자본회전율,유형자산회전율,매출원가율,부채비율,유동비율,자기자본비율,당좌비율,비유동자산장기적합률,순운전자본비율,차입금의존도,현금비율,유형자산,무형자산,무형자산상각비,유형자산상각비,감가상각비,총자본영업이익률,총자본순이익률,유보액/납입자본비율,총자본투자효율
227100,프로브잇,2021,Q1,0,-3.463982919415429,-4.44674287182775,,,,-16.911654188943217,2.900193678636668,-57.48366744284106,5.121053230943196,0.6879136487024798,0.35538130396309864,0.35538130396309864,97.09980632136333,856.4533709097232,97.4250432457794,10.455292755661029,39.2490969644423,17.18497265042765,-2.220268499425142,16.28474009090572,5.951477203885279,1388882144.0,72084682.0,,,,-5.434246392959693,-6.010085717839639,13.237361614432947,-0.060100857178396395
