stock_code,corp_name,year,quarter,label,총자산증가율,유동자산증가율,매출액증가율,순이익증가율,영업이익증가율,매출액순이익률,매출총이익률,자기자본순이익률,매출채권회전율,재고자산회전율,총자본회전율,유형자산회전율,매출원가율,부채비율,유동비율,자기자본비율,당좌비율,비유동자산장기적합률,순운전자본비율,차입금의존도,현금비율,유형자산,무형자산,무형자산상각비,유형자산상각비,감가상각비,총자본영업이익률,총자본순이익률,유보액/납입자본비율,총자본투자효율
247660,나노씨엠에스,2021,Q1,0,93.8527776075518,140.8449788990913,,,,-93.37613299238444,56.449744897196396,-7.14672780190776,9.777184885323578,0.23717617490639864,0.06129551735531068,0.06129551735531068,43.550255102803604,24.86555216216062,585.228895180029,80.08613926612188,504.0833881899944,6.496798997971602,67.30239740109234,7.4535378545767434,27.241840763322262,5866052364.0,48093196.0,,,,1.6916300426682245,-5.723538380406498,-398.2350425287247,-0.05723538380406498
