stock_code,corp_name,year,quarter,label,총자산증가율,유동자산증가율,매출액증가율,순이익증가율,영업이익증가율,매출액순이익률,매출총이익률,자기자본순이익률,매출채권회전율,재고자산회전율,총자본회전율,유형자산회전율,매출원가율,부채비율,유동비율,자기자본비율,당좌비율,비유동자산장기적합률,순운전자본비율,차입금의존도,현금비율,유형자산,무형자산,무형자산상각비,유형자산상각비,감가상각비,총자본영업이익률,총자본순이익률,유보액/납입자본비율,총자본투자효율
250000,보라티알,2021,Q1,0,4.56630422211665,7.361727239029271,,,,11.16087678362623,33.03651046043423,2.9117821010301923,2.4333115526410762,0.6726477030190295,0.1704594262961079,0.1704594262961079,66.96348953956577,53.05218572200063,197.8650742273989,65.33719170900113,148.42251687300785,47.542013580869565,33.58909014462039,24.39288240555549,64.44645444218587,19311938993.0,1596229583.0,,,,1.5685658762816124,1.9024766534984774,1585.2392843266057,0.019024766534984774
