stock_code,corp_name,year,quarter,label,총자산증가율,유동자산증가율,매출액증가율,순이익증가율,영업이익증가율,매출액순이익률,매출총이익률,자기자본순이익률,매출채권회전율,재고자산회전율,총자본회전율,유형자산회전율,매출원가율,부채비율,유동비율,자기자본비율,당좌비율,비유동자산장기적합률,순운전자본비율,차입금의존도,현금비율,유형자산,무형자산,무형자산상각비,유형자산상각비,감가상각비,총자본영업이익률,총자본순이익률,유보액/납입자본비율,총자본투자효율
263600,덕우전자,2021,Q1,0,2.6688223660449357,-2.9149311043398534,,,,8.84542563186377,12.287071956506463,3.1340845682101466,2.7408725917784107,2.118713066080627,0.2153374455462577,0.2153374455462577,87.71292804349355,64.5403506974811,177.2593617741168,60.77536578480799,143.74268946010707,4.41026059565,20.549499263460156,21.093198139128276,93.27840342133518,52354620082.0,1228373337.0,,,,0.11684360958407734,1.9047513603349366,1109.7644089620915,0.019047513603349366
