stock_code,corp_name,year,quarter,label,총자산증가율,유동자산증가율,매출액증가율,순이익증가율,영업이익증가율,매출액순이익률,매출총이익률,자기자본순이익률,매출채권회전율,재고자산회전율,총자본회전율,유형자산회전율,매출원가율,부채비율,유동비율,자기자본비율,당좌비율,비유동자산장기적합률,순운전자본비율,차입금의존도,현금비율,유형자산,무형자산,무형자산상각비,유형자산상각비,감가상각비,총자본영업이익률,총자본순이익률,유보액/납입자본비율,총자본투자효율
263810,상신전자,2021,Q1,0,4.705031505330286,2.543837532671881,,,,3.5643750595414323,9.876161734876385,2.4988754900587584,1.4456433182418196,1.13167513230321,0.4093949789060258,0.4093949789060258,90.12383826512361,71.24531916218015,220.56172844879703,58.39575673615561,126.99795037738883,3.954541029443255,42.01091438350566,21.02449687331221,19.59401800896254,13145108964.0,43547200.0,,,,1.1459233721361552,1.4592372523141293,421.06995086880625,0.014592372523141292
