stock_code,corp_name,year,quarter,label,총자산증가율,유동자산증가율,매출액증가율,순이익증가율,영업이익증가율,매출액순이익률,매출총이익률,자기자본순이익률,매출채권회전율,재고자산회전율,총자본회전율,유형자산회전율,매출원가율,부채비율,유동비율,자기자본비율,당좌비율,비유동자산장기적합률,순운전자본비율,차입금의존도,현금비율,유형자산,무형자산,무형자산상각비,유형자산상각비,감가상각비,총자본영업이익률,총자본순이익률,유보액/납입자본비율,총자본투자효율
264850,이랜시스,2021,Q1,0,4.642266274997103,3.4383446520723706,,,,9.70619432285875,16.67023134449364,5.720459281167728,1.464137183119126,1.7214781160812969,0.3241954351939499,0.3241954351939499,83.32976865550637,81.792106167458,208.38750015847887,55.007889015755666,150.9257750137758,4.647546722,29.600981045766527,20.297958804339448,20.84473574107408,19203929040.0,112280735.0,,,,3.0867845027388237,3.146703892576238,637.8972779176491,0.03146703892576238
