stock_code,corp_name,year,quarter,label,총자산증가율,유동자산증가율,매출액증가율,순이익증가율,영업이익증가율,매출액순이익률,매출총이익률,자기자본순이익률,매출채권회전율,재고자산회전율,총자본회전율,유형자산회전율,매출원가율,부채비율,유동비율,자기자본비율,당좌비율,비유동자산장기적합률,순운전자본비율,차입금의존도,현금비율,유형자산,무형자산,무형자산상각비,유형자산상각비,감가상각비,총자본영업이익률,총자본순이익률,유보액/납입자본비율,총자본투자효율
290550,디케이티,2021,Q1,0,2.6781927223915725,2.3029977186243835,,,,4.582050191494644,6.362512762977837,4.277673807192894,2.4157009534729132,5.252108823940365,0.6310095069293042,0.6310095069293042,93.63748723702217,47.948961108795885,203.07223495286232,67.59087677977266,168.19081445407963,,33.24294321003875,4.818361407979556,81.33267110854658,27306091677.0,5779428574.0,,,,2.2524048539533625,2.8913172320603593,1649.8209986644933,0.028913172320603593
