stock_code,corp_name,year,quarter,label,총자산증가율,유동자산증가율,매출액증가율,순이익증가율,영업이익증가율,매출액순이익률,매출총이익률,자기자본순이익률,매출채권회전율,재고자산회전율,총자본회전율,유형자산회전율,매출원가율,부채비율,유동비율,자기자본비율,당좌비율,비유동자산장기적합률,순운전자본비율,차입금의존도,현금비율,유형자산,무형자산,무형자산상각비,유형자산상각비,감가상각비,총자본영업이익률,총자본순이익률,유보액/납입자본비율,총자본투자효율
290690,소룩스,2021,Q1,0,-1.8802723421188106,-2.113966057952567,,,,1.7191339634493608,24.596370765668425,0.4876683592556689,1.0552936182385657,5.022145413457928,0.19022809070490726,0.19022809070490726,75.40362923433158,49.121481399791,184.4798323163056,67.05941964987758,174.37731270122876,10.858510743269486,23.883664162566436,19.582560705943905,79.30088294778402,17440546483.0,789895016.0,,,,0.27510062499838095,0.3270275715329317,5213.79192349909,0.003270275715329317
