stock_code,corp_name,year,quarter,label,총자산증가율,유동자산증가율,매출액증가율,순이익증가율,영업이익증가율,매출액순이익률,매출총이익률,자기자본순이익률,매출채권회전율,재고자산회전율,총자본회전율,유형자산회전율,매출원가율,부채비율,유동비율,자기자본비율,당좌비율,비유동자산장기적합률,순운전자본비율,차입금의존도,현금비율,유형자산,무형자산,무형자산상각비,유형자산상각비,감가상각비,총자본영업이익률,총자본순이익률,유보액/납입자본비율,총자본투자효율
290740,액트로,2021,Q1,0,-9.526367001665049,-21.91901602433339,,,,3.7413234579324794,3.343144082669742,1.028954620832697,1.8285248588291867,7.3365914287296174,0.2227699118453009,0.2227699118453009,96.65685591733025,23.456633992951208,295.9291950812601,81.00010243735426,278.6628267177812,,33.303740614451485,0.0,146.89890834775986,33991757338.0,370524355.0,,,,-1.350376677401609,0.8334542969083746,1458.7487025299824,0.008334542969083746
