stock_code,corp_name,year,quarter,label,총자산증가율,유동자산증가율,매출액증가율,순이익증가율,영업이익증가율,매출액순이익률,매출총이익률,자기자본순이익률,매출채권회전율,재고자산회전율,총자본회전율,유형자산회전율,매출원가율,부채비율,유동비율,자기자본비율,당좌비율,비유동자산장기적합률,순운전자본비율,차입금의존도,현금비율,유형자산,무형자산,무형자산상각비,유형자산상각비,감가상각비,총자본영업이익률,총자본순이익률,유보액/납입자본비율,총자본투자효율
307180,아이엘,2021,Q1,0,3.8383818812802417,6.129923391924258,,,,-14.919088069213357,36.80772561589968,-10.433564855180844,0.9332470698095806,1.7641946543526037,0.14532104912863247,0.14532104912863247,63.19227438410032,381.24022123744004,83.25806994897671,20.77964301131447,72.24723605071225,,-7.914642834449319,0.0,1.271854368466618,18839927447.0,2648859643.0,,,,-1.7383420847925428,-2.1680575302605485,245.74732206255737,-0.021680575302605486
