stock_code,corp_name,year,quarter,label,총자산증가율,유동자산증가율,매출액증가율,순이익증가율,영업이익증가율,매출액순이익률,매출총이익률,자기자본순이익률,매출채권회전율,재고자산회전율,총자본회전율,유형자산회전율,매출원가율,부채비율,유동비율,자기자본비율,당좌비율,비유동자산장기적합률,순운전자본비율,차입금의존도,현금비율,유형자산,무형자산,무형자산상각비,유형자산상각비,감가상각비,총자본영업이익률,총자본순이익률,유보액/납입자본비율,총자본투자효율
309930,조이웍스앤코,2021,Q1,0,0.10647754110561164,1.599307112369601,,,,10.249822720945808,66.06520773912669,3.4441113477113547,1.760275690221337,0.6992425424201523,0.24366773524672494,0.24366773524672494,33.9347922608733,37.89953537894215,407.2500283067523,72.51656049833974,352.8087901071448,,66.7389417432726,0.0,72.22230908772718,247218474.0,566378705.0,,,,2.9691780363904483,2.497551089093289,962.7416822047701,0.02497551089093289
