stock_code,corp_name,year,quarter,label,총자산증가율,유동자산증가율,매출액증가율,순이익증가율,영업이익증가율,매출액순이익률,매출총이익률,자기자본순이익률,매출채권회전율,재고자산회전율,총자본회전율,유형자산회전율,매출원가율,부채비율,유동비율,자기자본비율,당좌비율,비유동자산장기적합률,순운전자본비율,차입금의존도,현금비율,유형자산,무형자산,무형자산상각비,유형자산상각비,감가상각비,총자본영업이익률,총자본순이익률,유보액/납입자본비율,총자본투자효율
317770,엑스페릭스,2021,Q1,0,5.771544176073812,6.663564063610513,,,,29.391738533935257,55.475459053776724,2.2185684440559905,3.1344329044562302,0.3493688535533804,0.06959276381948779,0.06959276381948779,44.524540946223276,8.463464266226119,1274.0058730816313,92.19694454396888,1148.6561261989618,,83.06654715862419,0.0,239.94935568098518,1650526740.0,849898928.0,,,,1.9805467364357454,2.045452318036295,488.6405814605444,0.02045452318036295
