stock_code,corp_name,year,quarter,label,총자산증가율,유동자산증가율,매출액증가율,순이익증가율,영업이익증가율,매출액순이익률,매출총이익률,자기자본순이익률,매출채권회전율,재고자산회전율,총자본회전율,유형자산회전율,매출원가율,부채비율,유동비율,자기자본비율,당좌비율,비유동자산장기적합률,순운전자본비율,차입금의존도,현금비율,유형자산,무형자산,무형자산상각비,유형자산상각비,감가상각비,총자본영업이익률,총자본순이익률,유보액/납입자본비율,총자본투자효율
327260,RF머트리얼즈,2021,Q1,0,7.764358063632182,11.53021320048464,,,,-2.076537489818438,18.585073208924474,-0.488066792898627,1.3279103911966268,0.5744054740980286,0.1250545893240943,0.1250545893240943,81.41492679107553,87.94892649643322,228.984441240392,53.205943691249416,163.52926368355705,46.928372457958545,34.92837831509026,3.9756935147272867,121.52783228738535,21313045547.0,1496288687.0,,,,-0.04979236665958659,-0.25968054300533033,1492.25923325107,0.0010803005839593112
