stock_code,corp_name,year,quarter,label,총자산증가율,유동자산증가율,매출액증가율,순이익증가율,영업이익증가율,매출액순이익률,매출총이익률,자기자본순이익률,매출채권회전율,재고자산회전율,총자본회전율,유형자산회전율,매출원가율,부채비율,유동비율,자기자본비율,당좌비율,비유동자산장기적합률,순운전자본비율,차입금의존도,현금비율,유형자산,무형자산,무형자산상각비,유형자산상각비,감가상각비,총자본영업이익률,총자본순이익률,유보액/납입자본비율,총자본투자효율
332570,PS일렉트로닉스,2021,Q1,0,3.7826257540833343,3.4428793241927798,,,,,14.716884600584049,,1.7687051999092336,0.3928618938887641,0.10103874879524401,0.10103874879524401,85.28311539941595,22.514953049996837,582.6151090925807,81.62268972930286,418.15753624475275,,64.36624116016432,5.126573370196282,64.8950152840985,3603041012.0,672023931.0,,,,-0.22158115202136733,,359.7892499024538,
