stock_code,corp_name,year,quarter,label,총자산증가율,유동자산증가율,매출액증가율,순이익증가율,영업이익증가율,매출액순이익률,매출총이익률,자기자본순이익률,매출채권회전율,재고자산회전율,총자본회전율,유형자산회전율,매출원가율,부채비율,유동비율,자기자본비율,당좌비율,비유동자산장기적합률,순운전자본비율,차입금의존도,현금비율,유형자산,무형자산,무형자산상각비,유형자산상각비,감가상각비,총자본영업이익률,총자본순이익률,유보액/납입자본비율,총자본투자효율
356860,티엘비,2021,Q1,0,0.65021356662949,-2.216281792982903,,,,4.766187287674514,8.595545716757474,2.768350083828982,3.4665969268820556,2.306641777782057,0.37092723364584107,0.37092723364584107,91.40445428324252,56.58897643353061,256.4405059267067,63.86145581738847,190.02349758778288,78.80392781566702,34.621495953221405,1.563222578744108,93.9282166767756,43325958621.0,678350419.0,,,,1.5423464493756962,1.767908665655082,1520.4285495132024,0.01767908665655082
