stock_code,corp_name,year,quarter,label,총자산증가율,유동자산증가율,매출액증가율,순이익증가율,영업이익증가율,매출액순이익률,매출총이익률,자기자본순이익률,매출채권회전율,재고자산회전율,총자본회전율,유형자산회전율,매출원가율,부채비율,유동비율,자기자본비율,당좌비율,비유동자산장기적합률,순운전자본비율,차입금의존도,현금비율,유형자산,무형자산,무형자산상각비,유형자산상각비,감가상각비,총자본영업이익률,총자본순이익률,유보액/납입자본비율,총자본투자효율
900070,글로벌에스엠,2021,Q1,0,-0.9028162684950597,1.4007783556538334,,,,5.0084487109186036,29.08906258512644,1.477194408612199,0.6024907819231043,1.0645640961954685,0.20560144614401862,0.20560144614401862,70.91093741487356,43.452545609660916,334.6153103924463,69.70946355466097,264.0223454247706,6.59104223464133,45.51583384111569,6.2718747945306585,88.12082038419422,218960349.0,,,9842229.0,9842229.0,1.8923068095531879,1.0297442979030107,193.79599079290307,0.010297442979030107
