stock_code,corp_name,year,quarter,label,총자산증가율,유동자산증가율,매출액증가율,순이익증가율,영업이익증가율,매출액순이익률,매출총이익률,자기자본순이익률,매출채권회전율,재고자산회전율,총자본회전율,유형자산회전율,매출원가율,부채비율,유동비율,자기자본비율,당좌비율,비유동자산장기적합률,순운전자본비율,차입금의존도,현금비율,유형자산,무형자산,무형자산상각비,유형자산상각비,감가상각비,총자본영업이익률,총자본순이익률,유보액/납입자본비율,총자본투자효율
900120,씨엑스아이,2021,Q1,0,-0.6479861583818524,-1.8230657443511087,,,,-4.912191375021726,22.37049877684696,-0.31918890467330296,0.9789870054391064,8.757780248086464,0.06320844989934979,0.06320844989934979,77.62950122315304,2.801006847624225,95843.83262625244,97.27531185392377,95193.2732447314,,82.45780244875985,0.0,11697.598084244397,25392695.0,851352.0,133.0,904177.0,904310.0,-0.30754859050236827,-0.31049200242407893,4974.915198327381,-0.0031049200242407892
