stock_code,corp_name,year,quarter,label,총자산증가율,유동자산증가율,매출액증가율,순이익증가율,영업이익증가율,매출액순이익률,매출총이익률,자기자본순이익률,매출채권회전율,재고자산회전율,총자본회전율,유형자산회전율,매출원가율,부채비율,유동비율,자기자본비율,당좌비율,비유동자산장기적합률,순운전자본비율,차입금의존도,현금비율,유형자산,무형자산,무형자산상각비,유형자산상각비,감가상각비,총자본영업이익률,총자본순이익률,유보액/납입자본비율,총자본투자효율
900110,이스트아시아홀딩스,2021,Q1,0,0.49912592481490103,0.43814059800695826,,,,9.648281444721423,27.155309889532848,0.4187570901739228,0.43736657304463133,3.84826589145204,0.0417092657433524,0.0417092657433524,72.84469011046716,4.059004131501184,3020.475497262352,96.09932445022082,2995.7015186978297,,93.07288639123927,0.0,1784.1033606191722,9462337.0,,,200189.0,200189.0,0.3646689305816373,0.4024227347445418,108.60973333069379,0.004024227347445418
