stock_code,corp_name,year,quarter,label,총자산증가율,유동자산증가율,매출액증가율,순이익증가율,영업이익증가율,매출액순이익률,매출총이익률,자기자본순이익률,매출채권회전율,재고자산회전율,총자본회전율,유형자산회전율,매출원가율,부채비율,유동비율,자기자본비율,당좌비율,비유동자산장기적합률,순운전자본비율,차입금의존도,현금비율,유형자산,무형자산,무형자산상각비,유형자산상각비,감가상각비,총자본영업이익률,총자본순이익률,유보액/납입자본비율,총자본투자효율
900290,GRT,2021,Q1,0,19.971053883941906,35.85860103973616,,,,11.28036117769059,19.937234468407965,1.702715170089744,0.9092921704088238,5.028629396553361,0.09839590987951825,0.09839590987951825,80.06276553159204,53.40586153954602,436.7896913234762,65.18655740818699,420.73836802700487,2.29585622406639,32.87047283522949,27.31088434572935,,3129988470.0,49943022.0,,,,1.2917461432943054,1.1099414018484597,324.6867073739065,0.011099414018484598
