stock_code,corp_name,year,quarter,label,총자산증가율,유동자산증가율,매출액증가율,순이익증가율,영업이익증가율,매출액순이익률,매출총이익률,자기자본순이익률,매출채권회전율,재고자산회전율,총자본회전율,유형자산회전율,매출원가율,부채비율,유동비율,자기자본비율,당좌비율,비유동자산장기적합률,순운전자본비율,차입금의존도,현금비율,유형자산,무형자산,무형자산상각비,유형자산상각비,감가상각비,총자본영업이익률,총자본순이익률,유보액/납입자본비율,총자본투자효율
900270,헝셩그룹,2021,Q1,0,-1.221833620799239,-3.3877209917867113,,,,,13.358331320025899,,0.3427345024284859,2.987290849852009,0.06083683263417722,0.06083683263417722,86.6416686799741,17.071917994263462,78046.26313479777,85.41758067455596,70928.0249652583,,19.321403883201725,0.0,244478.5233358526,253133056.0,255356.0,21214.0,7779848.0,7801062.0,-0.03345737865869765,,305.8118456733635,
