stock_code,corp_name,year,quarter,label,총자산증가율,유동자산증가율,매출액증가율,순이익증가율,영업이익증가율,매출액순이익률,매출총이익률,자기자본순이익률,매출채권회전율,재고자산회전율,총자본회전율,유형자산회전율,매출원가율,부채비율,유동비율,자기자본비율,당좌비율,비유동자산장기적합률,순운전자본비율,차입금의존도,현금비율,유형자산,무형자산,무형자산상각비,유형자산상각비,감가상각비,총자본영업이익률,총자본순이익률,유보액/납입자본비율,총자본투자효율
900250,크리스탈신소재,2021,Q1,0,-5.618937361679728,-10.640666867837297,,,,19.382871469859715,40.648800999040624,0.8774509002949593,0.6586521231149323,1.5493284200583055,0.043253717286097504,0.043253717286097504,59.351199000959376,4.660130207198424,1252.3510990762438,95.54736823088922,1201.7655146272748,,37.74570097861524,0.33089792655836103,526.9807571047178,889087261.0,62902014.0,732972.0,10883590.0,11616562.0,1.0571622805799414,0.8383812427500775,696.5403417949344,0.008383812427500775
