stock_code,corp_name,year,quarter,label,총자산증가율,유동자산증가율,매출액증가율,순이익증가율,영업이익증가율,매출액순이익률,매출총이익률,자기자본순이익률,매출채권회전율,재고자산회전율,총자본회전율,유형자산회전율,매출원가율,부채비율,유동비율,자기자본비율,당좌비율,비유동자산장기적합률,순운전자본비율,차입금의존도,현금비율,유형자산,무형자산,무형자산상각비,유형자산상각비,감가상각비,총자본영업이익률,총자본순이익률,유보액/납입자본비율,총자본투자효율
900260,로스웰,2021,Q1,0,0.05229506715846891,-1.0973052373835017,,,,-9.029731354245452,31.273101457203843,-0.4431321438017966,0.1669412686436432,0.9759415452178971,0.029047701163257795,0.029047701163257795,68.72689854279615,68.94551078799793,152.88233399913642,59.19068197407474,136.6339842461152,,6.657574939831491,19.04816749305025,314.1698676832007,334787850.0,4993235.0,297449.0,4521082.0,4818531.0,0.019672597075695988,-0.26229293796262104,20.205039066631354,-0.00262292937962621
