stock_code,corp_name,year,quarter,label,총자산증가율,유동자산증가율,매출액증가율,순이익증가율,영업이익증가율,매출액순이익률,매출총이익률,자기자본순이익률,매출채권회전율,재고자산회전율,총자본회전율,유형자산회전율,매출원가율,부채비율,유동비율,자기자본비율,당좌비율,비유동자산장기적합률,순운전자본비율,차입금의존도,현금비율,유형자산,무형자산,무형자산상각비,유형자산상각비,감가상각비,총자본영업이익률,총자본순이익률,유보액/납입자본비율,총자본투자효율
900340,윙입푸드,2021,Q1,0,4.316655111288591,9.73875111057534,,,,14.010747328910314,34.24258618256671,3.834215088457935,4.874918078553003,3.7258593283652455,0.2223709742500795,0.2223709742500795,65.75741381743329,23.065712962887773,1567.615485275829,81.257401100952,1392.3432483859085,,32.86211609081944,6.759613619510003,2442.7898268418153,314313681.0,266840.0,6528.0,5998252.0,6004780.0,3.7616378200040588,3.115583533501486,197.65094179676285,0.03115583533501486
