stock_code,corp_name,year,quarter,label,총자산증가율,유동자산증가율,매출액증가율,순이익증가율,영업이익증가율,매출액순이익률,매출총이익률,자기자본순이익률,매출채권회전율,재고자산회전율,총자본회전율,유형자산회전율,매출원가율,부채비율,유동비율,자기자본비율,당좌비율,비유동자산장기적합률,순운전자본비율,차입금의존도,현금비율,유형자산,무형자산,무형자산상각비,유형자산상각비,감가상각비,총자본영업이익률,총자본순이익률,유보액/납입자본비율,총자본투자효율
900300,오가닉티코스메틱,2021,Q1,0,7.856807376415715,10.508535913451677,,,,,54.12087462903633,,0.8663287488466881,6.343423262982401,0.18380664228627272,0.18380664228627272,45.87912537096368,10.150971968416153,747.7077522385082,90.78449169624507,721.2082723527155,,32.493342337331995,0.8915144385332332,684.7378010404772,214489651.0,390167.0,0.0,3819717.0,3819717.0,1.5948301790921007,,243.24836419806672,
