stock_code,corp_name,year,quarter,label,총자산증가율,유동자산증가율,매출액증가율,순이익증가율,영업이익증가율,매출액순이익률,매출총이익률,자기자본순이익률,매출채권회전율,재고자산회전율,총자본회전율,유형자산회전율,매출원가율,부채비율,유동비율,자기자본비율,당좌비율,비유동자산장기적합률,순운전자본비율,차입금의존도,현금비율,유형자산,무형자산,무형자산상각비,유형자산상각비,감가상각비,총자본영업이익률,총자본순이익률,유보액/납입자본비율,총자본투자효율
900310,컬러레이,2021,Q1,0,1.905014054612863,4.043238192528538,,,,,65.80564488698514,,0.9403827953590281,0.34768626490876736,0.039026498202541594,0.039026498202541594,34.19435511301486,9.207023549960129,857.9532592014557,91.56920200672982,812.2351872518888,,63.63279292306354,6.34365623244261,670.8019393864494,320513213.0,12251205.0,72041.0,5981638.0,6053679.0,1.965264369116277,,228.6562152902175,
